{
  "accuracy": {
    "value": 0.9098153438073862,
    "ci95_lower": 0.9018516629259334,
    "ci95_upper": 0.9177769842889206
  },
  "f1_macro": {
    "value": 0.8489661353787487,
    "ci95_lower": 0.8342568341985453,
    "ci95_upper": 0.8631326835530311
  },
  "f1_weighted": {
    "value": 0.9068804860798212,
    "ci95_lower": 0.8982110477994649,
    "ci95_upper": 0.9153929752552704
  },
  "mcc": {
    "value": 0.7564944755905745,
    "ci95_lower": 0.7356634892789942,
    "ci95_upper": 0.776692505075359
  },
  "log_loss": {
    "value": 0.24488758099135863,
    "ci95_lower": 0.22502952651634978,
    "ci95_upper": 0.2650338680130058
  },
  "precision_per_class": {
    "Normal": {
      "value": 0.9289119015043554,
      "ci95_lower": 0.9204952388633676,
      "ci95_upper": 0.9366552694117077
    },
    "Crackles": {
      "value": 0.8150603798873175,
      "ci95_lower": 0.7865667277646853,
      "ci95_upper": 0.8418054927216116
    },
    "Rhonchi": {
      "value": 0.8805476989452866,
      "ci95_lower": 0.8441433934796766,
      "ci95_upper": 0.9125030339805825
    }
  },
  "recall_per_class": {
    "Normal": {
      "value": 0.9662652583311026,
      "ci95_lower": 0.9607464063756348,
      "ci95_upper": 0.9719255088216716
    },
    "Crackles": {
      "value": 0.6827211265666878,
      "ci95_lower": 0.650688667319142,
      "ci95_upper": 0.715855044345898
    },
    "Rhonchi": {
      "value": 0.8345941189820739,
      "ci95_lower": 0.7955038476064583,
      "ci95_upper": 0.870774193548387
    }
  },
  "f1_per_class": {
    "Normal": {
      "value": 0.9472141454489335,
      "ci95_lower": 0.942078815128273,
      "ci95_upper": 0.9521951671551642
    },
    "Crackles": {
      "value": 0.7429111963536693,
      "ci95_lower": 0.718200030222251,
      "ci95_upper": 0.7672518105348387
    },
    "Rhonchi": {
      "value": 0.8567730643336432,
      "ci95_lower": 0.8279039477669706,
      "ci95_upper": 0.8831177653867871
    }
  },
  "support_per_class": {
    "Normal": 3743,
    "Crackles": 813,
    "Rhonchi": 345
  },
  "sensitivity_per_class": {
    "Normal": {
      "value": 0.9662652583311026,
      "ci95_lower": 0.9607464063756348,
      "ci95_upper": 0.9719255088216716
    },
    "Crackles": {
      "value": 0.6827211265666878,
      "ci95_lower": 0.650688667319142,
      "ci95_upper": 0.715855044345898
    },
    "Rhonchi": {
      "value": 0.8345941189820739,
      "ci95_lower": 0.7955038476064583,
      "ci95_upper": 0.870774193548387
    }
  },
  "specificity_per_class": {
    "Normal": {
      "value": 0.7616158997964535,
      "ci95_lower": 0.7375353759074689,
      "ci95_upper": 0.7854195353433053
    },
    "Crackles": {
      "value": 0.969073615590924,
      "ci95_lower": 0.963685005285673,
      "ci95_upper": 0.9743339036910291
    },
    "Rhonchi": {
      "value": 0.9914312190350169,
      "ci95_lower": 0.9886059853847226,
      "ci95_upper": 0.9940424967427395
    }
  },
  "npv_per_class": {
    "Normal": {
      "value": 0.8750601644500563,
      "ci95_lower": 0.8551404731171466,
      "ci95_upper": 0.8943174319500672
    },
    "Crackles": {
      "value": 0.9386471922323194,
      "ci95_lower": 0.9305904688983331,
      "ci95_upper": 0.9459398874408913
    },
    "Rhonchi": {
      "value": 0.9875318057248814,
      "ci95_lower": 0.98426917194669,
      "ci95_upper": 0.9905932276812266
    }
  },
  "ppv_per_class": {
    "Normal": {
      "value": 0.9289119015043554,
      "ci95_lower": 0.9204952388633676,
      "ci95_upper": 0.9366552694117077
    },
    "Crackles": {
      "value": 0.8150603798873175,
      "ci95_lower": 0.7865667277646853,
      "ci95_upper": 0.8418054927216116
    },
    "Rhonchi": {
      "value": 0.8805476989452866,
      "ci95_lower": 0.8441433934796766,
      "ci95_upper": 0.9125030339805825
    }
  },
  "roc_auc_macro": {
    "value": 0.9631856024874098,
    "ci95_lower": 0.957258520397934,
    "ci95_upper": 0.9688880612224579
  },
  "roc_auc_weighted": {
    "value": 0.9578572931792058,
    "ci95_lower": 0.9511508551229487,
    "ci95_upper": 0.964086964374053
  },
  "roc_auc_per_class": {
    "Normal": {
      "value": 0.9575489173617358,
      "ci95_lower": 0.9508481222012348,
      "ci95_upper": 0.9641976083661601
    },
    "Crackles": {
      "value": 0.9483789969842807,
      "ci95_lower": 0.9398550355819038,
      "ci95_upper": 0.9561168951970944
    },
    "Rhonchi": {
      "value": 0.9836288931162125,
      "ci95_lower": 0.9748761196432725,
      "ci95_upper": 0.9898925704122651
    }
  },
  "confusion_matrix": [
    [
      3616,
      108,
      19
    ],
    [
      238,
      555,
      20
    ],
    [
      38,
      19,
      288
    ]
  ],
  "classification_report": {
    "Normal": {
      "precision": 0.9290853031860226,
      "recall": 0.9660699973283462,
      "f1-score": 0.9472167648984938,
      "support": 3743.0
    },
    "Crackles": {
      "precision": 0.8137829912023461,
      "recall": 0.6826568265682657,
      "f1-score": 0.7424749163879598,
      "support": 813.0
    },
    "Rhonchi": {
      "precision": 0.8807339449541285,
      "recall": 0.8347826086956521,
      "f1-score": 0.8571428571428571,
      "support": 345.0
    },
    "accuracy": 0.9098143236074271,
    "macro avg": {
      "precision": 0.8745340797808323,
      "recall": 0.8278364775307546,
      "f1-score": 0.8489448461431036,
      "support": 4901.0
    },
    "weighted avg": {
      "precision": 0.9065547995678361,
      "recall": 0.9098143236074271,
      "f1-score": 0.9069126185988083,
      "support": 4901.0
    }
  }
}