task,class,fpr,tpr
Screening,Adventitious,0.0,0.0
Screening,Adventitious,0.00012198097096852891,0.03184713375796178
Screening,Adventitious,0.00024396194193705782,0.04883227176220807
Screening,Adventitious,0.00036594291290558675,0.06915377616014559
Screening,Adventitious,0.0005489143693583801,0.11313315134971186
Screening,Adventitious,0.0006099048548426446,0.1164695177434031
Screening,Adventitious,0.000670895340326909,0.12253563845920534
Screening,Adventitious,0.000670895340326909,0.13102820746132848
Screening,Adventitious,0.000670895340326909,0.1461935092508341
Screening,Adventitious,0.0007318858258111735,0.1562026084319078
Screening,Adventitious,0.0009148572822639668,0.1731877464361541
Screening,Adventitious,0.0010978287387167602,0.17986047922353654
Screening,Adventitious,0.0012808001951695536,0.20564149226569609
Screening,Adventitious,0.0014027811661380825,0.22020018198362148
Screening,Adventitious,0.0014027811661380825,0.22505307855626328
Screening,Adventitious,0.0015247621371066115,0.2559902942068547
Screening,Adventitious,0.0017077335935594047,0.27661510464058237
Screening,Adventitious,0.001890705050012198,0.30846223839854414
Screening,Adventitious,0.0020736765064649915,0.32908704883227174
Screening,Adventitious,0.0021956574774335204,0.33636639369123444
Screening,Adventitious,0.0023786289338863136,0.34576888080072793
Screening,Adventitious,0.002561600390339107,0.35274491962390053
Screening,Adventitious,0.0027445718467919004,0.3597209584470731
Screening,Adventitious,0.002927543303244694,0.36578707916287534
Screening,Adventitious,0.003049524274213223,0.3812556869881711
Screening,Adventitious,0.003232495730666016,0.3942978465271459
Screening,Adventitious,0.0034154671871188093,0.40248710949347893
Screening,Adventitious,0.003598438643571603,0.40552016985138006
Screening,Adventitious,0.003903391070992925,0.41310282074613286
Screening,Adventitious,0.004025372041961454,0.41583257506824384
Screening,Adventitious,0.004208343498414247,0.42584167424931757
Screening,Adventitious,0.004452305440351305,0.44100697603882316
Screening,Adventitious,0.004635276896804099,0.44494995450409464
Screening,Adventitious,0.004818248353256892,0.44798301486199577
Screening,Adventitious,0.004940229324225421,0.45526235972095846
Screening,Adventitious,0.005123200780678214,0.4589020321504398
Screening,Adventitious,0.005306172237131007,0.4661813770094025
Screening,Adventitious,0.005489143693583801,0.47042766151046406
Screening,Adventitious,0.005672115150036594,0.4764937822262663
Screening,Adventitious,0.005916077091973652,0.48346982104943886
Screening,Adventitious,0.006038058062942181,0.4895359417652411
Screening,Adventitious,0.006221029519394974,0.4913557779799818
Screening,Adventitious,0.006464991461332032,0.4962086745526236
Screening,Adventitious,0.006647962917784826,0.49984834698210495
Screening,Adventitious,0.006891924859721884,0.5019714892326357
Screening,Adventitious,0.007013905830690412,0.5047012435547468
Screening,Adventitious,0.007196877287143206,0.5116772823779193
Screening,Adventitious,0.007379848743595999,0.5144070367000303
Screening,Adventitious,0.007745791656501586,0.5159235668789809
Screening,Adventitious,0.007928763112954379,0.5198665453442524
Screening,Adventitious,0.008172725054891437,0.5238095238095238
Screening,Adventitious,0.00835569651134423,0.5256293600242645
Screening,Adventitious,0.008599658453281289,0.5277525022747953
Screening,Adventitious,0.008782629909734082,0.5292690324537458
Screening,Adventitious,0.008965601366186874,0.5319987867758569
Screening,Adventitious,0.009087582337155405,0.5368516833484986
Screening,Adventitious,0.009270553793608197,0.5389748255990294
Screening,Adventitious,0.009514515735545254,0.54049135577798
Screening,Adventitious,0.009819468162966577,0.5420078859569305
Screening,Adventitious,0.01000243961941937,0.5456475583864119
Screening,Adventitious,0.010185411075872165,0.5483773127085229
Screening,Adventitious,0.010368382532324957,0.5532302092811647
Screening,Adventitious,0.01067333495974628,0.5577797998180164
Screening,Adventitious,0.010917296901683337,0.5602062481043373
Screening,Adventitious,0.01110026835813613,0.5617227782832879
Screening,Adventitious,0.011466211271041717,0.5693054291780406
Screening,Adventitious,0.011588192242010246,0.570215347285411
Screening,Adventitious,0.011832154183947305,0.5726417955717319
Screening,Adventitious,0.012015125640400097,0.5741583257506825
Screening,Adventitious,0.012381068553305685,0.5771913861085836
Screening,Adventitious,0.012747011466211272,0.5805277525022748
Screening,Adventitious,0.012990973408148329,0.5899302396117683
Screening,Adventitious,0.013234935350085388,0.5932666060054596
Screening,Adventitious,0.01341790680653818,0.5944798301486199
Screening,Adventitious,0.013600878262990973,0.5972095844707309
Screening,Adventitious,0.013783849719443768,0.5996360327570519
Screening,Adventitious,0.013905830690412296,0.6008492569002123
Screening,Adventitious,0.014088802146865089,0.6020624810433728
Screening,Adventitious,0.014332764088802148,0.6038823172581135
Screening,Adventitious,0.014637716516223469,0.605398847437064
Screening,Adventitious,0.014881678458160527,0.6090385198665453
Screening,Adventitious,0.015186630885581849,0.6144980285107674
Screening,Adventitious,0.0156135642839717,0.6169244767970883
Screening,Adventitious,0.015857526225908757,0.6184410069760389
Screening,Adventitious,0.01604049768236155,0.6199575371549894
Screening,Adventitious,0.016528421566235667,0.6226872914771004
Screening,Adventitious,0.01671139302268846,0.6239005156202608
Screening,Adventitious,0.01683337399365699,0.6293600242644829
Screening,Adventitious,0.01701634545010978,0.632393084622384
Screening,Adventitious,0.017199316906562578,0.6339096148013346
Screening,Adventitious,0.01738228836301537,0.6360327570518653
Screening,Adventitious,0.01793120273237375,0.6375492872308159
Screening,Adventitious,0.01811417418882654,0.6393691234455565
Screening,Adventitious,0.018419126616247866,0.6408856536245071
Screening,Adventitious,0.01860209807270066,0.643312101910828
Screening,Adventitious,0.01890705050012198,0.6445253260539885
Screening,Adventitious,0.019090021956574773,0.6463451622687292
Screening,Adventitious,0.01927299341302757,0.6493782226266303
Screening,Adventitious,0.019516955354964626,0.6511980588413709
Screening,Adventitious,0.019760917296901683,0.6539278131634819
Screening,Adventitious,0.02012686020980727,0.6551410373066424
Screening,Adventitious,0.020309831666260065,0.6563542614498028
Screening,Adventitious,0.020492803122712858,0.659387321807704
Screening,Adventitious,0.020858746035618443,0.6648468304519259
Screening,Adventitious,0.021041717492071236,0.6672732787382469
Screening,Adventitious,0.021407660404976825,0.6678798908098271
Screening,Adventitious,0.021590631861429618,0.6700030330603579
Screening,Adventitious,0.02177360331788241,0.6727327873824689
Screening,Adventitious,0.022017565259819467,0.6739460115256294
Screening,Adventitious,0.022383508172725056,0.6751592356687898
Screening,Adventitious,0.02256647962917785,0.6766757658477404
Screening,Adventitious,0.0229934130275677,0.6778889899909009
Screening,Adventitious,0.02329836545498902,0.6797088262056415
Screening,Adventitious,0.023420346425957552,0.681225356384592
Screening,Adventitious,0.023847279824347402,0.6827418865635426
Screening,Adventitious,0.024335203708221516,0.6836518046709129
Screening,Adventitious,0.02464015613564284,0.6857749469214437
Screening,Adventitious,0.024823127592095633,0.6869881710646042
Screening,Adventitious,0.024945108563064162,0.6882013952077647
Screening,Adventitious,0.025250060990485483,0.6900212314225053
Screening,Adventitious,0.025616003903391072,0.6906278434940856
Screening,Adventitious,0.025920956330812393,0.692144373673036
Screening,Adventitious,0.026103927787265186,0.6954807400667273
Screening,Adventitious,0.026225908758233715,0.6963906581740976
Screening,Adventitious,0.02653086118565504,0.6991204124962087
Screening,Adventitious,0.026896804098560625,0.7021534728541098
Screening,Adventitious,0.02738472798243474,0.7033666969972703
Screening,Adventitious,0.02793364235179312,0.705186533212011
Screening,Adventitious,0.028177604293730178,0.7073096754625418
Screening,Adventitious,0.028421566235667235,0.7097361237488626
Screening,Adventitious,0.028909490119541352,0.7118592659993934
Screening,Adventitious,0.029214442546962673,0.7130724901425538
Screening,Adventitious,0.029397414003415466,0.7154989384288747
Screening,Adventitious,0.02970236643083679,0.7182286927509858
Screening,Adventitious,0.03012929982922664,0.7200485289657265
Screening,Adventitious,0.030373261771163697,0.721868365180467
Screening,Adventitious,0.03080019516955355,0.7230815893236275
Screening,Adventitious,0.031166138082459136,0.7245981195025781
Screening,Adventitious,0.031593071480848986,0.7264179557173188
Screening,Adventitious,0.03189802390827031,0.7273278738246891
Screening,Adventitious,0.032324957306660164,0.7285410979678496
Screening,Adventitious,0.03256891924859722,0.7291477100394298
Screening,Adventitious,0.03323981458892413,0.7303609341825902
Screening,Adventitious,0.033788728958282506,0.7318774643615408
Screening,Adventitious,0.033910709929251034,0.7327873824689112
Screening,Adventitious,0.034581605269577945,0.734910524719442
Screening,Adventitious,0.0350085386679678,0.7361237488626023
Screening,Adventitious,0.03537448158087338,0.7370336669699727
Screening,Adventitious,0.03555745303732618,0.737943585077343
Screening,Adventitious,0.035923395950231765,0.7388535031847133
Screening,Adventitious,0.03622834837765308,0.7412799514710343
Screening,Adventitious,0.03689924371797999,0.7424931756141947
Screening,Adventitious,0.0375701390583069,0.7437063997573552
Screening,Adventitious,0.03799707245669676,0.7455262359720959
Screening,Adventitious,0.038241034398633814,0.7470427661510464
Screening,Adventitious,0.038789948767992195,0.7482559902942069
Screening,Adventitious,0.038972920224444985,0.7491659084015772
Screening,Adventitious,0.039460844108319106,0.7506824385805277
Screening,Adventitious,0.03988777750670895,0.7515923566878981
Screening,Adventitious,0.040375701390583066,0.7531088868668486
Screening,Adventitious,0.04061966333252013,0.7546254170457992
Screening,Adventitious,0.040985606245425715,0.7561419472247498
Screening,Adventitious,0.04214442546962674,0.75674855929633
Screening,Adventitious,0.04299829226640644,0.7588717015468608
Screening,Adventitious,0.04373017809221762,0.7603882317258114
Screening,Adventitious,0.04501097828738717,0.7612981498331817
Screening,Adventitious,0.04659673090997804,0.7631179860479224
Screening,Adventitious,0.04732861673578922,0.7643312101910829
Screening,Adventitious,0.04799951207611613,0.7658477403700333
Screening,Adventitious,0.048426445474505975,0.7670609645131938
Screening,Adventitious,0.0487313979019273,0.7682741886563542
Screening,Adventitious,0.049097340814832885,0.7707006369426752
Screening,Adventitious,0.049585264698707,0.7722171671216257
Screening,Adventitious,0.05025616003903391,0.7737336973005763
Screening,Adventitious,0.050622102951939495,0.7752502274795269
Screening,Adventitious,0.05098804586484509,0.7770700636942676
Screening,Adventitious,0.05159795071968773,0.778283287837428
Screening,Adventitious,0.052695779458404486,0.7794965119805884
Screening,Adventitious,0.053427665284215664,0.7807097361237488
Screening,Adventitious,0.05519638936325933,0.7819229602669093
Screening,Adventitious,0.055562332276164916,0.7834394904458599
Screening,Adventitious,0.056172237131007566,0.7852593266606005
Screening,Adventitious,0.05684313247133447,0.7861692447679709
Screening,Adventitious,0.05830690412295682,0.7870791628753412
Screening,Adventitious,0.05879482800683093,0.789202305125872
Screening,Adventitious,0.059221761405220785,0.7913254473764028
Screening,Adventitious,0.060014637716516224,0.7922353654837732
Screening,Adventitious,0.06031959014393755,0.7940552016985138
Screening,Adventitious,0.060624542571358866,0.794661813770094
Screening,Adventitious,0.06111246645523298,0.7976948741279951
Screening,Adventitious,0.0616003903391071,0.7986047922353655
Screening,Adventitious,0.06178336179555989,0.800121322414316
Screening,Adventitious,0.06227128567943401,0.8013345465574765
Screening,Adventitious,0.0628202000487924,0.8028510767364271
Screening,Adventitious,0.06330812393266651,0.8037609948437974
Screening,Adventitious,0.06410100024396194,0.8049742189869579
Screening,Adventitious,0.06489387655525738,0.8064907491659083
Screening,Adventitious,0.06580873383752135,0.8074006672732787
Screening,Adventitious,0.06623566723591119,0.808310585380649
Screening,Adventitious,0.06678458160526958,0.8098271155595996
Screening,Adventitious,0.06733349597462795,0.8110403397027601
Screening,Adventitious,0.06782141985850207,0.8128601759175007
Screening,Adventitious,0.06818736277140766,0.8140734000606612
Screening,Adventitious,0.06867528665528178,0.8152866242038217
Screening,Adventitious,0.07056599170529397,0.8164998483469821
Screening,Adventitious,0.0715418394730422,0.8174097664543525
Screening,Adventitious,0.07209075384240059,0.8192296026690931
Screening,Adventitious,0.0729446206391803,0.8204428268122536
Screening,Adventitious,0.07379848743595999,0.8213527449196238
Screening,Adventitious,0.07465235423273969,0.8222626630269942
Screening,Adventitious,0.07489631617467675,0.8237791932059448
Screening,Adventitious,0.07599414491339351,0.8246891113133151
Screening,Adventitious,0.07751890705050012,0.8262056414922657
Screening,Adventitious,0.07873871676018541,0.827115559599636
Screening,Adventitious,0.07904366918760673,0.8277221716712163
Screening,Adventitious,0.07953159307148085,0.8292387018501668
Screening,Adventitious,0.08001951695535496,0.8304519259933273
Screening,Adventitious,0.08044645035374481,0.8316651501364877
Screening,Adventitious,0.08130031715052452,0.8331816803154383
Screening,Adventitious,0.08191022200536716,0.8340915984228087
Screening,Adventitious,0.08227616491827275,0.8346982104943889
Screening,Adventitious,0.08313003171505245,0.8356081286017591
Screening,Adventitious,0.08349597462795803,0.8368213527449196
Screening,Adventitious,0.08386191754086363,0.8377312708522899
Screening,Adventitious,0.08471578433764333,0.8386411889596603
Screening,Adventitious,0.0854476701634545,0.8392478010312405
Screening,Adventitious,0.08581361307636008,0.840461025174401
Screening,Adventitious,0.08611856550378141,0.8419775553533515
Screening,Adventitious,0.08672847035862405,0.8428874734607219
Screening,Adventitious,0.08739936569895096,0.8450106157112527
Screening,Adventitious,0.08800927055379361,0.8456172277828329
Screening,Adventitious,0.08886313735057332,0.8465271458902032
Screening,Adventitious,0.08929007074896317,0.8474370639975736
Screening,Adventitious,0.08953403269090023,0.8483469821049439
Screening,Adventitious,0.09020492803122712,0.8492569002123143
Screening,Adventitious,0.09111978531349109,0.8504701243554746
Screening,Adventitious,0.09203464259575506,0.851380042462845
Screening,Adventitious,0.09252256647962918,0.8525932666060054
Screening,Adventitious,0.0926445474505977,0.8535031847133758
Screening,Adventitious,0.09325445230544036,0.8544131028207461
Screening,Adventitious,0.09374237618931447,0.8550197148923263
Screening,Adventitious,0.09551110026835814,0.8562329390354868
Screening,Adventitious,0.09673090997804343,0.8580527752502275
Screening,Adventitious,0.09740180531837034,0.8595693054291781
Screening,Adventitious,0.09819468162966577,0.8610858356081286
Screening,Adventitious,0.09941449133935105,0.8622990597512891
Screening,Adventitious,0.10014637716516224,0.8629056718228693
Screening,Adventitious,0.10112222493291047,0.8638155899302397
Screening,Adventitious,0.10154915833130032,0.8650288140734
Screening,Adventitious,0.10215906318614296,0.8659387321807704
Screening,Adventitious,0.10319590143937546,0.8671519563239308
Screening,Adventitious,0.10441571114906074,0.8683651804670913
Screening,Adventitious,0.10551353988777751,0.8698817106460418
Screening,Adventitious,0.10618443522810442,0.8707916287534122
Screening,Adventitious,0.10697731153939985,0.8717015468607825
Screening,Adventitious,0.10862405464747499,0.872914771003943
Screening,Adventitious,0.10990485484264455,0.8735213830755232
Screening,Adventitious,0.11173456940717248,0.8744313011828936
Screening,Adventitious,0.11362527445718468,0.875644525326054
Screening,Adventitious,0.11423517931202733,0.8768577494692145
Screening,Adventitious,0.11502805562332276,0.8780709736123748
Screening,Adventitious,0.11588192242010247,0.8789808917197452
Screening,Adventitious,0.11649182727494511,0.8804974218986957
Screening,Adventitious,0.11813857038302025,0.8814073400060661
Screening,Adventitious,0.11838253232495731,0.8826205641492265
Screening,Adventitious,0.11948036106367407,0.8835304822565969
Screening,Adventitious,0.12039521834593804,0.8847437063997573
Screening,Adventitious,0.1219809709685289,0.8856536245071277
Screening,Adventitious,0.12240790436691876,0.886563542614498
Screening,Adventitious,0.12313979019272993,0.8877767667576585
Screening,Adventitious,0.12448158087338375,0.8889899909008189
Screening,Adventitious,0.1259453525250061,0.8898999090081893
Screening,Adventitious,0.12740912417662845,0.8905065210797695
Screening,Adventitious,0.12948280068309342,0.8914164391871399
Screening,Adventitious,0.13033666747987313,0.8923263572945102
Screening,Adventitious,0.13186142961697975,0.8932362754018806
Screening,Adventitious,0.1355818492315199,0.8941461935092508
Screening,Adventitious,0.13655769699926812,0.894752805580831
Screening,Adventitious,0.13808245913637474,0.8959660297239915
Screening,Adventitious,0.13918028787509149,0.8968759478313618
Screening,Adventitious,0.13997316418638692,0.8980891719745223
Screening,Adventitious,0.14119297389607222,0.8993023961176827
Screening,Adventitious,0.14241278360575751,0.9002123142250531
Screening,Adventitious,0.14442546962673822,0.9011222323324234
Screening,Adventitious,0.14527933642351792,0.9020321504397938
Screening,Adventitious,0.14607221273481336,0.9029420685471641
Screening,Adventitious,0.14753598438643573,0.9038519866545345
Screening,Adventitious,0.14814588924127836,0.9044585987261147
Screening,Adventitious,0.1489387655525738,0.905368516833485
Screening,Adventitious,0.15009758477677482,0.9062784349408554
Screening,Adventitious,0.150829470602586,0.9071883530482256
Screening,Adventitious,0.15333008050744085,0.908098271155596
Screening,Adventitious,0.15552573798487435,0.9093114952987564
Screening,Adventitious,0.15692851915101244,0.9102214134061268
Screening,Adventitious,0.16229568187362772,0.9111313315134971
Screening,Adventitious,0.16485728226396681,0.9120412496208674
Screening,Adventitious,0.16528421566235668,0.9129511677282378
Screening,Adventitious,0.16656501585752623,0.9138610858356081
Screening,Adventitious,0.16839473042205416,0.9144676979071884
Screening,Adventitious,0.17242010246401562,0.9153776160145587
Screening,Adventitious,0.17284703586240546,0.916287534121929
Screening,Adventitious,0.1744937789704806,0.9175007582650895
Screening,Adventitious,0.17760429373017808,0.9184106763724598
Screening,Adventitious,0.17992193217858013,0.9190172884440401
Screening,Adventitious,0.18114174188826543,0.9199272065514104
Screening,Adventitious,0.18388631373505734,0.9208371246587808
Screening,Adventitious,0.18504513295925837,0.921747042766151
Screening,Adventitious,0.18882654305928276,0.9226569608735213
Screening,Adventitious,0.1908392290802635,0.9232635729451016
Screening,Adventitious,0.19224201024640156,0.9241734910524719
Screening,Adventitious,0.1957794584044889,0.9250834091598423
Screening,Adventitious,0.19815808733837523,0.9259933272672126
Screening,Adventitious,0.20047572578677728,0.9269032453745829
Screening,Adventitious,0.2010856306416199,0.9275098574461632
Screening,Adventitious,0.20456208831422298,0.9284197755535335
Screening,Adventitious,0.20736765064649915,0.9293296936609039
Screening,Adventitious,0.209868260551354,0.9302396117682742
Screening,Adventitious,0.2139546230787997,0.9311495298756445
Screening,Adventitious,0.21755306172237132,0.932362754018805
Screening,Adventitious,0.22090753842400584,0.9329693660903852
Screening,Adventitious,0.22395706269821908,0.9338792841977556
Screening,Adventitious,0.2249329104659673,0.9347892023051259
Screening,Adventitious,0.22657965357404244,0.9356991204124963
Screening,Adventitious,0.2306050256160039,0.9366090385198665
Screening,Adventitious,0.23395950231763846,0.9372156505914467
Screening,Adventitious,0.2360941693095877,0.9381255686988171
Screening,Adventitious,0.238472798243474,0.9390354868061874
Screening,Adventitious,0.2438399609660893,0.9399454049135578
Screening,Adventitious,0.2487801902903147,0.9408553230209281
Screening,Adventitious,0.2513417906806538,0.9414619350925083
Screening,Adventitious,0.2531105147596975,0.9423718531998787
Screening,Adventitious,0.25695291534520615,0.943281771307249
Screening,Adventitious,0.2581727250548914,0.9441916894146194
Screening,Adventitious,0.2628080019516955,0.9454049135577798
Screening,Adventitious,0.2670773359355941,0.94601152562936
Screening,Adventitious,0.2712856794340083,0.9469214437367304
Screening,Adventitious,0.2755550134179068,0.9478313618441007
Screening,Adventitious,0.27665284215662356,0.9490445859872612
Screening,Adventitious,0.2883020248841181,0.9499545040946314
Screening,Adventitious,0.29092461575994144,0.9508644222020018
Screening,Adventitious,0.30141497926323496,0.9520776463451622
Screening,Adventitious,0.30605025616003906,0.9529875644525326
Screening,Adventitious,0.30916077091973654,0.9538974825599029
Screening,Adventitious,0.3158697243230056,0.9548074006672733
Screening,Adventitious,0.3192851915101244,0.9557173187746436
Screening,Adventitious,0.31995608685045135,0.9563239308462238
Screening,Adventitious,0.3233105635520859,0.9572338489535942
Screening,Adventitious,0.32696999268114174,0.9581437670609645
Screening,Adventitious,0.33056843132471336,0.9590536851683349
Screening,Adventitious,0.33849719443766774,0.9599636032757052
Screening,Adventitious,0.34307148084898753,0.9605702153472854
Screening,Adventitious,0.34929251036838255,0.9617834394904459
Screening,Adventitious,0.35423273969260793,0.9629966636336063
Screening,Adventitious,0.35728226396682117,0.9639065817409767
Screening,Adventitious,0.35868504513295923,0.9648164998483469
Screening,Adventitious,0.36045376921200295,0.9654231119199272
Screening,Adventitious,0.3637472554281532,0.9663330300272975
Screening,Adventitious,0.3705781898023908,0.9672429481346679
Screening,Adventitious,0.37655525737984874,0.9681528662420382
Screening,Adventitious,0.3774091241766284,0.9690627843494085
Screening,Adventitious,0.3857648206879727,0.9696693964209888
Screening,Adventitious,0.39405952671383265,0.9705793145283591
Screening,Adventitious,0.39851183215418395,0.9714892326357295
Screening,Adventitious,0.4037570139058307,0.9723991507430998
Screening,Adventitious,0.40833130031715054,0.9733090688504701
Screening,Adventitious,0.40967309099780436,0.9742189869578405
Screening,Adventitious,0.4177238350817272,0.9748255990294207
Screening,Adventitious,0.4269943888753355,0.9757355171367911
Screening,Adventitious,0.43077579897535984,0.9766454352441614
Screening,Adventitious,0.4584044888997316,0.9775553533515317
Screening,Adventitious,0.46456452793364234,0.978465271458902
Screening,Adventitious,0.4724932910465967,0.9790718835304822
Screening,Adventitious,0.4879848743595999,0.9802851076736427
Screening,Adventitious,0.4898145889241278,0.981195025781013
Screening,Adventitious,0.5003049524274213,0.9821049438883834
Screening,Adventitious,0.5169553549646255,0.9830148619957537
Screening,Adventitious,0.5287265186630885,0.9836214740673339
Screening,Adventitious,0.5419004635276897,0.9845313921747043
Screening,Adventitious,0.5694681629665772,0.9854413102820746
Screening,Adventitious,0.5811783361795559,0.986351228389445
Screening,Adventitious,0.5964869480361064,0.9872611464968153
Screening,Adventitious,0.6111246645523298,0.9878677585683955
Screening,Adventitious,0.6138692363991217,0.9887776766757659
Screening,Adventitious,0.6248475237862894,0.9896875947831362
Screening,Adventitious,0.6574164430348866,0.9905975128905066
Screening,Adventitious,0.6681507684801171,0.9915074309978769
Screening,Adventitious,0.6932178580141498,0.992114043069457
Screening,Adventitious,0.7113320322029764,0.9930239611768275
Screening,Adventitious,0.7181019760917297,0.9936305732484076
Screening,Adventitious,0.731763844840205,0.9945404913557779
Screening,Adventitious,0.7607953159307148,0.9954504094631483
Screening,Adventitious,0.7885459868260551,0.9963603275705186
Screening,Adventitious,0.8120883142229812,0.9969669396420989
Screening,Adventitious,0.8236155159795072,0.9975735517136791
Screening,Adventitious,0.8281898023908271,0.9975735517136791
Screening,Adventitious,0.8317882410343986,0.9975735517136791
Screening,Adventitious,0.833495974627958,0.9975735517136791
Screening,Adventitious,0.8663088558184923,0.9981801637852593
Screening,Adventitious,0.9191876067333496,0.9990900818926297
Screening,Adventitious,1.0,1.0
Sound pattern,Normal,0.0,0.0
Sound pattern,Normal,0.0006066120715802245,0.050561112466455234
Sound pattern,Normal,0.001516530178950561,0.15052451817516468
Sound pattern,Normal,0.0021231422505307855,0.16857770187850696
Sound pattern,Normal,0.003033060357901122,0.25640400097584776
Sound pattern,Normal,0.004246284501061571,0.27037082215174435
Sound pattern,Normal,0.005156202608431908,0.28988777750670897
Sound pattern,Normal,0.005762814680012132,0.318736277140766
Sound pattern,Normal,0.006672732787382469,0.33142229812149304
Sound pattern,Normal,0.0075826508947528055,0.34240058550866065
Sound pattern,Normal,0.008492569002123142,0.36880946572334716
Sound pattern,Normal,0.00940248710949348,0.3790558672847036
Sound pattern,Normal,0.010009099181073703,0.41138082459136377
Sound pattern,Normal,0.01091901728844404,0.4382166382044401
Sound pattern,Normal,0.011828935395814377,0.44602342034642595
Sound pattern,Normal,0.012738853503184714,0.4498658209319346
Sound pattern,Normal,0.013345465574764938,0.45444010734325446
Sound pattern,Normal,0.014255383682135275,0.46938277628689923
Sound pattern,Normal,0.015165301789505611,0.4742620151256404
Sound pattern,Normal,0.016075219896875947,0.48395950231763846
Sound pattern,Normal,0.01668183196845617,0.49152232251768724
Sound pattern,Normal,0.017591750075826508,0.5034154671871188
Sound pattern,Normal,0.018501668183196845,0.5176872407904367
Sound pattern,Normal,0.019411586290567183,0.5223225176872408
Sound pattern,Normal,0.02032150439793752,0.5305562332276165
Sound pattern,Normal,0.020928116469517744,0.5389119297389607
Sound pattern,Normal,0.02183803457688808,0.5555013417906807
Sound pattern,Normal,0.022747952684258416,0.56135642839717
Sound pattern,Normal,0.023657870791628753,0.5702610392778726
Sound pattern,Normal,0.024264482863208977,0.5791656501585752
Sound pattern,Normal,0.025174400970579314,0.5892290802634789
Sound pattern,Normal,0.026084319077949652,0.5901439375457429
Sound pattern,Normal,0.02699423718531999,0.593864357160283
Sound pattern,Normal,0.027904155292690323,0.5978287387167602
Sound pattern,Normal,0.02851076736427055,0.6032568919248598
Sound pattern,Normal,0.029420685471640885,0.6158209319346182
Sound pattern,Normal,0.030330603579011222,0.622468894852403
Sound pattern,Normal,0.03124052168638156,0.6320444010734325
Sound pattern,Normal,0.03184713375796178,0.6349719443766773
Sound pattern,Normal,0.03275705186533212,0.6382654305928275
Sound pattern,Normal,0.03366696997270246,0.6442424981702854
Sound pattern,Normal,0.034576888080072796,0.6457062698219078
Sound pattern,Normal,0.035183500151653016,0.656379604781654
Sound pattern,Normal,0.036396724294813464,0.6618077579897536
Sound pattern,Normal,0.0373066424021838,0.6671749207123688
Sound pattern,Normal,0.03821656050955414,0.6705293974140034
Sound pattern,Normal,0.039126478616924476,0.6738228836301537
Sound pattern,Normal,0.0397330906885047,0.6771773603317882
Sound pattern,Normal,0.04064300879587504,0.6799219321785801
Sound pattern,Normal,0.04155292690324537,0.6802268846060014
Sound pattern,Normal,0.04246284501061571,0.6852281044157111
Sound pattern,Normal,0.043069457082195936,0.6893754574286411
Sound pattern,Normal,0.043979375189566274,0.6943766772383508
Sound pattern,Normal,0.04488929329693661,0.6948036106367407
Sound pattern,Normal,0.04579921140430695,0.7015125640400097
Sound pattern,Normal,0.04670912951167728,0.7088924127836057
Sound pattern,Normal,0.047315741583257506,0.7101732129787753
Sound pattern,Normal,0.048225659690627844,0.7152964137594535
Sound pattern,Normal,0.04913557779799818,0.7170651378384972
Sound pattern,Normal,0.05004549590536852,0.7234691388143449
Sound pattern,Normal,0.05065210797694874,0.7275555013417907
Sound pattern,Normal,0.051562026084319076,0.7301780922176141
Sound pattern,Normal,0.052471944191689414,0.731763844840205
Sound pattern,Normal,0.05338186229905975,0.7341424737740913
Sound pattern,Normal,0.05398847437063998,0.7378628933886314
Sound pattern,Normal,0.05489839247801031,0.74585264698707
Sound pattern,Normal,0.05580831058538065,0.7468894852403025
Sound pattern,Normal,0.0570215347285411,0.7484752378628934
Sound pattern,Normal,0.05793145283591143,0.7523786289338863
Sound pattern,Normal,0.05853806490749166,0.7557331056355209
Sound pattern,Normal,0.059447983014861996,0.7609172969016833
Sound pattern,Normal,0.060357901122232334,0.7614052207855575
Sound pattern,Normal,0.06157112526539278,0.7648816784581606
Sound pattern,Normal,0.06217773733697301,0.7667113930226884
Sound pattern,Normal,0.06308765544434335,0.7690900219565747
Sound pattern,Normal,0.06399757355171368,0.7700048792388388
Sound pattern,Normal,0.06490749165908402,0.772139546230788
Sound pattern,Normal,0.06581740976645435,0.7775676994388875
Sound pattern,Normal,0.06642402183803457,0.7804952427421322
Sound pattern,Normal,0.06733393994540492,0.7887289582825079
Sound pattern,Normal,0.06824385805277525,0.7897048060502562
Sound pattern,Normal,0.06915377616014559,0.793364235179312
Sound pattern,Normal,0.06976038823172581,0.7974505977067577
Sound pattern,Normal,0.07067030633909614,0.8007440839229081
Sound pattern,Normal,0.07158022444646649,0.802817760429373
Sound pattern,Normal,0.07249014255383682,0.8048304464503537
Sound pattern,Normal,0.07309675462541705,0.8063552085874603
Sound pattern,Normal,0.07400667273278738,0.8083069041229568
Sound pattern,Normal,0.07521989687594784,0.8097096852890949
Sound pattern,Normal,0.07612981498331817,0.8111734569407173
Sound pattern,Normal,0.07703973309068851,0.8145279336423518
Sound pattern,Normal,0.07764634516226873,0.8170895340326909
Sound pattern,Normal,0.07855626326963906,0.8180653818004391
Sound pattern,Normal,0.0794661813770094,0.8185533056843133
Sound pattern,Normal,0.08037609948437974,0.8206879726762625
Sound pattern,Normal,0.08098271155595996,0.8228226396682118
Sound pattern,Normal,0.0818926296633303,0.8241034398633813
Sound pattern,Normal,0.08280254777070063,0.8302024884118078
Sound pattern,Normal,0.08401577191386109,0.8325811173456941
Sound pattern,Normal,0.08522899605702154,0.8344718223957063
Sound pattern,Normal,0.08583560812860176,0.8365454989021712
Sound pattern,Normal,0.08674552623597209,0.8369724323005611
Sound pattern,Normal,0.08826205641492266,0.8406928519151012
Sound pattern,Normal,0.08917197452229299,0.8421566235667236
Sound pattern,Normal,0.08977858659387322,0.8449011954135155
Sound pattern,Normal,0.09068850470124355,0.8453281288119053
Sound pattern,Normal,0.0915984228086139,0.8469138814344962
Sound pattern,Normal,0.09281164695177434,0.8474018053183703
Sound pattern,Normal,0.09372156505914468,0.8487435959990242
Sound pattern,Normal,0.0943281771307249,0.8503903391070993
Sound pattern,Normal,0.09523809523809523,0.8517931202732374
Sound pattern,Normal,0.09614801334546558,0.8549036350329349
Sound pattern,Normal,0.09705793145283591,0.8560624542571359
Sound pattern,Normal,0.09796784956020625,0.857465235423274
Sound pattern,Normal,0.09887776766757658,0.8598438643571603
Sound pattern,Normal,0.10009099181073704,0.8614906074652354
Sound pattern,Normal,0.10100090991810737,0.8629543791168578
Sound pattern,Normal,0.10160752198968759,0.8653330080507441
Sound pattern,Normal,0.10251744009705793,0.8669797511588192
Sound pattern,Normal,0.1040339702760085,0.8690534276652843
Sound pattern,Normal,0.10494388838337883,0.8695413515491583
Sound pattern,Normal,0.10585380649074917,0.870395218345938
Sound pattern,Normal,0.10646041856232939,0.8714320565991706
Sound pattern,Normal,0.10767364270548983,0.8725908758233716
Sound pattern,Normal,0.10888686684865029,0.873383752134667
Sound pattern,Normal,0.11070670306339096,0.8742986094169309
Sound pattern,Normal,0.11131331513497118,0.8756404000975848
Sound pattern,Normal,0.11313315134971186,0.8767382288363016
Sound pattern,Normal,0.1140430694570822,0.8768602098072701
Sound pattern,Normal,0.11495298756445253,0.8776530861185655
Sound pattern,Normal,0.11616621170761299,0.8788119053427665
Sound pattern,Normal,0.11677282377919321,0.8815564771895584
Sound pattern,Normal,0.11768274188656354,0.8819834105879483
Sound pattern,Normal,0.11859265999393388,0.8829592583556966
Sound pattern,Normal,0.11950257810130421,0.8841180775798976
Sound pattern,Normal,0.12010919017288443,0.8853378872895828
Sound pattern,Normal,0.12101910828025478,0.8866186874847524
Sound pattern,Normal,0.12223233242341523,0.8871066113686265
Sound pattern,Normal,0.12344555656657567,0.8877165162234691
Sound pattern,Normal,0.1240521686381559,0.8896682117589656
Sound pattern,Normal,0.12496208674552624,0.8902171261283239
Sound pattern,Normal,0.12587200485289657,0.891131983410588
Sound pattern,Normal,0.1267819229602669,0.8914369358380093
Sound pattern,Normal,0.12769184106763726,0.8932666504025372
Sound pattern,Normal,0.12860175917500757,0.8944254696267382
Sound pattern,Normal,0.12981498331816804,0.8951573554525494
Sound pattern,Normal,0.13072490142553836,0.8954013173944865
Sound pattern,Normal,0.13224143160448892,0.8977799463283728
Sound pattern,Normal,0.13284804367606914,0.8989387655525738
Sound pattern,Normal,0.1337579617834395,0.8997316418638692
Sound pattern,Normal,0.13466787989080983,0.9007684801171018
Sound pattern,Normal,0.13588110403397027,0.9010734325445231
Sound pattern,Normal,0.13679102214134062,0.9015003659429129
Sound pattern,Normal,0.13770094024871096,0.9019272993413028
Sound pattern,Normal,0.1389141643918714,0.9043059282751891
Sound pattern,Normal,0.13982408249924175,0.9063186142961698
Sound pattern,Normal,0.14073400060661206,0.9071724810929495
Sound pattern,Normal,0.14134061267819228,0.9075994144913393
Sound pattern,Normal,0.14225053078556263,0.9084532812881191
Sound pattern,Normal,0.14407036700030332,0.9087582337155404
Sound pattern,Normal,0.14528359114346376,0.9091851671139303
Sound pattern,Normal,0.14589020321504398,0.9096730909978044
Sound pattern,Normal,0.14680012132241432,0.911197853134911
Sound pattern,Normal,0.14801334546557476,0.9118077579897536
Sound pattern,Normal,0.1489232635729451,0.9124176628445962
Sound pattern,Normal,0.14983318168031542,0.9133325201268602
Sound pattern,Normal,0.15043979375189567,0.9140034154671871
Sound pattern,Normal,0.1516530178950561,0.914918272749451
Sound pattern,Normal,0.15316954807400668,0.9151012442059039
Sound pattern,Normal,0.15438277221716712,0.9162600634301049
Sound pattern,Normal,0.15529269032453746,0.9178458160526958
Sound pattern,Normal,0.1562026084319078,0.9189436447914126
Sound pattern,Normal,0.15711252653927812,0.9191266162478653
Sound pattern,Normal,0.1586290567182287,0.9199804830446451
Sound pattern,Normal,0.15953897482559903,0.9207123688704562
Sound pattern,Normal,0.16014558689717925,0.9231519882898268
Sound pattern,Normal,0.1613588110403397,0.9235789216882166
Sound pattern,Normal,0.16257203518350016,0.9239448646011222
Sound pattern,Normal,0.16348195329087048,0.925286655281776
Sound pattern,Normal,0.1640885653624507,0.92620151256404
Sound pattern,Normal,0.16499848346982104,0.9266894364479141
Sound pattern,Normal,0.16621170761298149,0.9270553793608197
Sound pattern,Normal,0.16772823779193205,0.927604293730178
Sound pattern,Normal,0.16924476797088261,0.9291290558672847
Sound pattern,Normal,0.17015468607825296,0.9299829226640645
Sound pattern,Normal,0.17197452229299362,0.9310197609172969
Sound pattern,Normal,0.1731877464361541,0.931263722859234
Sound pattern,Normal,0.17500758265089475,0.9322395706269822
Sound pattern,Normal,0.17652411282984531,0.9330934374237619
Sound pattern,Normal,0.17834394904458598,0.9337033422786045
Sound pattern,Normal,0.17955717318774644,0.9338863137350574
Sound pattern,Normal,0.18046709129511676,0.934252256647963
Sound pattern,Normal,0.18168031543827723,0.9346181995608686
Sound pattern,Normal,0.18289353958143767,0.9348621615028055
Sound pattern,Normal,0.18380345768880801,0.9350451329592584
Sound pattern,Normal,0.18471337579617833,0.9358989997560381
Sound pattern,Normal,0.18562329390354868,0.9363259331544279
Sound pattern,Normal,0.18653321201091902,0.9366918760673335
Sound pattern,Normal,0.18774643615407946,0.9370578189802391
Sound pattern,Normal,0.1886563542614498,0.9373017809221761
Sound pattern,Normal,0.18986957840461025,0.9379116857770188
Sound pattern,Normal,0.19047619047619047,0.9385825811173457
Sound pattern,Normal,0.19168941461935093,0.939131495486704
Sound pattern,Normal,0.19290263876251137,0.9396194193705781
Sound pattern,Normal,0.19411586290567182,0.9400463527689681
Sound pattern,Normal,0.19532908704883228,0.9406562576238107
Sound pattern,Normal,0.1959356991204125,0.9411441815076848
Sound pattern,Normal,0.19684561722778282,0.941632105391559
Sound pattern,Normal,0.19775553533515317,0.9418150768480117
Sound pattern,Normal,0.19957537154989385,0.9426689436447914
Sound pattern,Normal,0.20018198362147407,0.9434008294706026
Sound pattern,Normal,0.2010919017288444,0.9440107343254452
Sound pattern,Normal,0.20230512587200486,0.9444376677238351
Sound pattern,Normal,0.20412496208674552,0.9447426201512564
Sound pattern,Normal,0.20473157415832574,0.9449865820931934
Sound pattern,Normal,0.2059447983014862,0.9454745059770676
Sound pattern,Normal,0.20685471640885653,0.9459624298609417
Sound pattern,Normal,0.208067940552017,0.9469992681141742
Sound pattern,Normal,0.20928116469517744,0.9473652110270798
Sound pattern,Normal,0.21049438883833788,0.9480361063674067
Sound pattern,Normal,0.21140430694570822,0.9485850207367651
Sound pattern,Normal,0.21413406126781923,0.9488899731641864
Sound pattern,Normal,0.21625720351835,0.9494388875335448
Sound pattern,Normal,0.21747042766151045,0.9497438399609661
Sound pattern,Normal,0.21868365180467092,0.9502927543303245
Sound pattern,Normal,0.22020018198362148,0.9507806782141985
Sound pattern,Normal,0.2211101000909918,0.9510246401561356
Sound pattern,Normal,0.22262663026994237,0.9515125640400097
Sound pattern,Normal,0.2235365483773127,0.9517565259819468
Sound pattern,Normal,0.22444646648468305,0.9521224688948524
Sound pattern,Normal,0.22535638459205337,0.9526103927787265
Sound pattern,Normal,0.22656960873521384,0.9530373261771163
Sound pattern,Normal,0.22747952684258416,0.9532812881190534
Sound pattern,Normal,0.22869275098574463,0.9535252500609905
Sound pattern,Normal,0.2311191992720655,0.9538302024884118
Sound pattern,Normal,0.23263572945101607,0.9541351549158331
Sound pattern,Normal,0.23354564755838642,0.954562088314223
Sound pattern,Normal,0.23627540188049742,0.9552329836545499
Sound pattern,Normal,0.23779193205944799,0.9555989265674555
Sound pattern,Normal,0.23900515620260843,0.9560258599658453
Sound pattern,Normal,0.240521686381559,0.956635764820688
Sound pattern,Normal,0.2411282984531392,0.9571846791900464
Sound pattern,Normal,0.24203821656050956,0.9574286411319834
Sound pattern,Normal,0.24355474673946012,0.957794584044889
Sound pattern,Normal,0.2456778889899909,0.9582825079287631
Sound pattern,Normal,0.24658780709736125,0.9586484508416687
Sound pattern,Normal,0.2478010312405217,0.9590753842400586
Sound pattern,Normal,0.24901425538368213,0.959197365211027
Sound pattern,Normal,0.2502274795268426,0.959868260551354
Sound pattern,Normal,0.2526539278131635,0.9602342034642596
Sound pattern,Normal,0.254170457992114,0.9609660892900708
Sound pattern,Normal,0.2562936002426448,0.9612710417174921
Sound pattern,Normal,0.2575068243858053,0.9613930226884606
Sound pattern,Normal,0.25902335456475584,0.9617589656013662
Sound pattern,Normal,0.2599332726721262,0.962185898999756
Sound pattern,Normal,0.2608431907794965,0.9624908514271774
Sound pattern,Normal,0.26175310888686687,0.9627348133691144
Sound pattern,Normal,0.2629663330300273,0.9634666991949256
Sound pattern,Normal,0.26448286320897785,0.9637106611368627
Sound pattern,Normal,0.2656960873521383,0.9644425469626738
Sound pattern,Normal,0.267515923566879,0.9648694803610637
Sound pattern,Normal,0.2687291477100394,0.9650524518175164
Sound pattern,Normal,0.27024567788899,0.9656013661868749
Sound pattern,Normal,0.27206551410373064,0.966089290070749
Sound pattern,Normal,0.2750985744616318,0.966577213954623
Sound pattern,Normal,0.27722171671216256,0.9668821663820444
Sound pattern,Normal,0.2781316348195329,0.9671871188094657
Sound pattern,Normal,0.27934485896269334,0.9674920712368871
Sound pattern,Normal,0.2817713072490143,0.9676750426933398
Sound pattern,Normal,0.2829845313921747,0.9677970236643084
Sound pattern,Normal,0.2851076736427055,0.9681019760917297
Sound pattern,Normal,0.2875341219290264,0.968406928519151
Sound pattern,Normal,0.28814073400060664,0.9686508904610881
Sound pattern,Normal,0.2893539581437671,0.9688338619175408
Sound pattern,Normal,0.2905671822869275,0.9690168333739937
Sound pattern,Normal,0.2923870185016682,0.969565747743352
Sound pattern,Normal,0.29390354868061874,0.9699316906562576
Sound pattern,Normal,0.29572338489535943,0.9701146621127105
Sound pattern,Normal,0.29754322111010006,0.970236643083679
Sound pattern,Normal,0.29905975128905066,0.9704196145401317
Sound pattern,Normal,0.3005762814680012,0.9707855574530373
Sound pattern,Normal,0.302699423718532,0.9710905098804586
Sound pattern,Normal,0.305429178040643,0.9717614052207856
Sound pattern,Normal,0.30664240218380345,0.9719443766772383
Sound pattern,Normal,0.30846223839854414,0.9723713100756282
Sound pattern,Normal,0.3093721565059145,0.9726152720175653
Sound pattern,Normal,0.3111919927206551,0.9728592339595024
Sound pattern,Normal,0.3124052168638156,0.9729812149304709
Sound pattern,Normal,0.31392174704276615,0.9731641863869236
Sound pattern,Normal,0.3145283591143464,0.9735301292998292
Sound pattern,Normal,0.3166515013648772,0.9738960722127348
Sound pattern,Normal,0.31907794965119807,0.9741400341546719
Sound pattern,Normal,0.3199878677585684,0.9746889485240302
Sound pattern,Normal,0.32120109190172885,0.9750548914369358
Sound pattern,Normal,0.32180770397330904,0.9752988533788729
Sound pattern,Normal,0.3251440703670003,0.9756038058062942
Sound pattern,Normal,0.32635729451016077,0.9760917296901683
Sound pattern,Normal,0.3278738246891113,0.9763356916321054
Sound pattern,Normal,0.329693660903852,0.9765186630885582
Sound pattern,Normal,0.3327267212617531,0.9768846060014638
Sound pattern,Normal,0.33393994540491356,0.9771895584288851
Sound pattern,Normal,0.33666969972702454,0.9776774823127592
Sound pattern,Normal,0.33818622990597513,0.977860453769212
Sound pattern,Normal,0.3393994540491356,0.9782263966821176
Sound pattern,Normal,0.34091598422808617,0.9784703586240546
Sound pattern,Normal,0.3424325144070367,0.9785923395950232
Sound pattern,Normal,0.34910524719441915,0.9788363015369602
Sound pattern,Normal,0.3497118592659994,0.9792022444498658
Sound pattern,Normal,0.3518350015165302,0.9794462063918029
Sound pattern,Normal,0.35274491962390053,0.9795681873627714
Sound pattern,Normal,0.353958143767061,0.979934130275677
Sound pattern,Normal,0.3554746739460115,0.9801780922176141
Sound pattern,Normal,0.3575978161965423,0.9804830446450353
Sound pattern,Normal,0.3591143463754929,0.9807270065869724
Sound pattern,Normal,0.3627540188049742,0.9809099780434253
Sound pattern,Normal,0.3642705489839248,0.9813369114418151
Sound pattern,Normal,0.36760691537761603,0.9816418638692364
Sound pattern,Normal,0.370336669699727,0.982007806782142
Sound pattern,Normal,0.3718531998786776,0.9821907782385948
Sound pattern,Normal,0.3745829542007886,0.9824347401805318
Sound pattern,Normal,0.37609948437973917,0.9826787021224689
Sound pattern,Normal,0.37852593266606005,0.9830446450353745
Sound pattern,Normal,0.3794358507734304,0.983166626006343
Sound pattern,Normal,0.38095238095238093,0.9835325689192486
Sound pattern,Normal,0.3848953594176524,0.9837765308611857
Sound pattern,Normal,0.386411889596603,0.9839595023176384
Sound pattern,Normal,0.38792841977555353,0.9842644547450597
Sound pattern,Normal,0.3897482559902942,0.9843864357160284
Sound pattern,Normal,0.39338792841977555,0.9846303976579653
Sound pattern,Normal,0.39490445859872614,0.9849353500853867
Sound pattern,Normal,0.3970276008492569,0.9851183215418394
Sound pattern,Normal,0.400060661207158,0.9853622834837765
Sound pattern,Normal,0.4030937215650591,0.9857282263966821
Sound pattern,Normal,0.40976645435244163,0.986155159795072
Sound pattern,Normal,0.4109796784956021,0.9864601122224933
Sound pattern,Normal,0.4124962086745526,0.9867040741644304
Sound pattern,Normal,0.41492265696087355,0.9868260551353989
Sound pattern,Normal,0.41734910524719443,0.9871919980483045
Sound pattern,Normal,0.4179557173187746,0.9873749695047572
Sound pattern,Normal,0.4218986957840461,0.9876189314466943
Sound pattern,Normal,0.4237185319987868,0.9879238838741157
Sound pattern,Normal,0.4291780406430088,0.9881068553305684
Sound pattern,Normal,0.43039126478616924,0.9882898267870213
Sound pattern,Normal,0.4325144070367,0.9885947792144425
Sound pattern,Normal,0.4364573855019715,0.9888997316418638
Sound pattern,Normal,0.4388838337882924,0.9891436935838009
Sound pattern,Normal,0.44343342432514404,0.9893876555257379
Sound pattern,Normal,0.44555656657567483,0.989631617467675
Sound pattern,Normal,0.4488929329693661,0.9898145889241279
Sound pattern,Normal,0.4549590536851683,0.9899975603805806
Sound pattern,Normal,0.4570821959356991,0.9902415223225177
Sound pattern,Normal,0.4616317864725508,0.990790436691876
Sound pattern,Normal,0.4643615407946618,0.9910953891192974
Sound pattern,Normal,0.467697907188353,0.9912173700902659
Sound pattern,Normal,0.4737640279041553,0.9915223225176872
Sound pattern,Normal,0.47740370033363666,0.9917052939741401
Sound pattern,Normal,0.4843797391568092,0.9918882654305928
Sound pattern,Normal,0.4883227176220807,0.9920712368870456
Sound pattern,Normal,0.49226569608735216,0.9921932178580142
Sound pattern,Normal,0.4959053685168335,0.9923761893144669
Sound pattern,Normal,0.4992417349105247,0.9925591607709198
Sound pattern,Normal,0.502578101304216,0.9927421322273725
Sound pattern,Normal,0.5050045495905369,0.9928641131983411
Sound pattern,Normal,0.5074309978768577,0.9930470846547939
Sound pattern,Normal,0.5147103427358204,0.9933520370822152
Sound pattern,Normal,0.5168334849863512,0.9937179799951208
Sound pattern,Normal,0.5241128298453139,0.9939009514515735
Sound pattern,Normal,0.5283591143463755,0.9941449133935106
Sound pattern,Normal,0.5335153169548074,0.9943278848499634
Sound pattern,Normal,0.5380649074916591,0.9945108563064162
Sound pattern,Normal,0.5395814376706096,0.994693827762869
Sound pattern,Normal,0.5441310282074613,0.9948158087338376
Sound pattern,Normal,0.5465574764937823,0.9949987801902903
Sound pattern,Normal,0.5508037609948438,0.9951817516467432
Sound pattern,Normal,0.5605095541401274,0.9953647231031959
Sound pattern,Normal,0.5653624507127691,0.9954867040741644
Sound pattern,Normal,0.5705186533212011,0.9957306660161015
Sound pattern,Normal,0.5768880800727935,0.9959746279580386
Sound pattern,Normal,0.5856839551107067,0.9962185898999756
Sound pattern,Normal,0.5905368516833485,0.9964625518419127
Sound pattern,Normal,0.5950864422202001,0.9966455232983654
Sound pattern,Normal,0.6002426448286321,0.9968284947548183
Sound pattern,Normal,0.613588110403397,0.997011466211271
Sound pattern,Normal,0.6239005156202608,0.9971944376677239
Sound pattern,Normal,0.6411889596602972,0.9973774091241766
Sound pattern,Normal,0.6602972399150743,0.9975603805806295
Sound pattern,Normal,0.6742493175614195,0.9977433520370822
Sound pattern,Normal,0.6775856839551107,0.997926323493535
Sound pattern,Normal,0.6888080072793449,0.9980483044645035
Sound pattern,Normal,0.7076129814983319,0.9982312759209563
Sound pattern,Normal,0.7279344858962693,0.9984142473774091
Sound pattern,Normal,0.7370336669699727,0.9985972188338619
Sound pattern,Normal,0.7473460721868365,0.9987801902903147
Sound pattern,Normal,0.7619047619047619,0.9989631617467675
Sound pattern,Normal,0.7931452835911434,0.9991461332032203
Sound pattern,Normal,0.8058841370943282,0.9993291046596731
Sound pattern,Normal,0.8650288140734,0.9995120761161259
Sound pattern,Normal,0.8908098271155596,0.9996340570870944
Sound pattern,Normal,0.9663330300272975,0.9998170285435473
Sound pattern,Normal,1.0,1.0
Sound pattern,Crackles,0.0,0.0
Sound pattern,Crackles,5.6031826077211856e-05,0.010292524377031419
Sound pattern,Crackles,0.00022412730430884743,0.038461538461538464
Sound pattern,Crackles,0.000392222782540483,0.0780065005417118
Sound pattern,Crackles,0.0005042864346949068,0.09263271939328277
Sound pattern,Crackles,0.0006723819129265423,0.09696641386782232
Sound pattern,Crackles,0.000784445565080966,0.09913326110509209
Sound pattern,Crackles,0.0008965092172353897,0.1105092091007584
Sound pattern,Crackles,0.0010085728693898135,0.12838569880823403
Sound pattern,Crackles,0.001176668347621449,0.13380281690140844
Sound pattern,Crackles,0.0012887319997758728,0.1581798483206934
Sound pattern,Crackles,0.0014007956519302965,0.1646803900325027
Sound pattern,Crackles,0.001568891130161932,0.1684723726977248
Sound pattern,Crackles,0.0016809547823163557,0.17118093174431204
Sound pattern,Crackles,0.0017930184344707794,0.18905742145178764
Sound pattern,Crackles,0.002017145738779627,0.19664138678223186
Sound pattern,Crackles,0.0021852412170112624,0.20151679306608883
Sound pattern,Crackles,0.002353336695242898,0.21668472372697725
Sound pattern,Crackles,0.0025774639995517455,0.2210184182015168
Sound pattern,Crackles,0.002689527651706169,0.22535211267605634
Sound pattern,Crackles,0.0029136549560150166,0.23510292524377033
Sound pattern,Crackles,0.003137782260323864,0.25189599133261104
Sound pattern,Crackles,0.0033058777385554993,0.25785482123510295
Sound pattern,Crackles,0.003473973216787135,0.2627302275189599
Sound pattern,Crackles,0.003586036868941559,0.26435536294691225
Sound pattern,Crackles,0.003810164173250406,0.2692307692307692
Sound pattern,Crackles,0.00392222782540483,0.2768147345612134
Sound pattern,Crackles,0.004090323303636466,0.2843986998916576
Sound pattern,Crackles,0.0042584187818681014,0.28602383531960995
Sound pattern,Crackles,0.004426514260099736,0.28710725893824485
Sound pattern,Crackles,0.0045385779122541605,0.29360780065005415
Sound pattern,Crackles,0.004706673390485796,0.3028169014084507
Sound pattern,Crackles,0.004986832520871855,0.3066088840736728
Sound pattern,Crackles,0.005154927999103491,0.30985915492957744
Sound pattern,Crackles,0.005266991651257914,0.3114842903575298
Sound pattern,Crackles,0.005491118955566762,0.3152762730227519
Sound pattern,Crackles,0.005603182607721186,0.3206933911159263
Sound pattern,Crackles,0.005715246259875609,0.3266522210184182
Sound pattern,Crackles,0.005883341738107245,0.3304442036836403
Sound pattern,Crackles,0.005995405390261669,0.33206933911159264
Sound pattern,Crackles,0.006163500868493304,0.33640303358613216
Sound pattern,Crackles,0.006443659998879364,0.33856988082340195
Sound pattern,Crackles,0.006723819129265423,0.3401950162513543
Sound pattern,Crackles,0.006835882781419846,0.3456121343445287
Sound pattern,Crackles,0.007284137390037542,0.3531960996749729
Sound pattern,Crackles,0.007396201042191965,0.3553629469122427
Sound pattern,Crackles,0.007508264694346389,0.3629469122426869
Sound pattern,Crackles,0.007676360172578024,0.3640303358613218
Sound pattern,Crackles,0.007956519302964083,0.3656554712892741
Sound pattern,Crackles,0.008236678433350143,0.3694474539544962
Sound pattern,Crackles,0.008348742085504566,0.3705308775731311
Sound pattern,Crackles,0.008628901215890626,0.3754062838569881
Sound pattern,Crackles,0.00874096486804505,0.3781148429035753
Sound pattern,Crackles,0.008853028520199473,0.38353196099674974
Sound pattern,Crackles,0.009077155824508321,0.3851570964247021
Sound pattern,Crackles,0.009245251302739956,0.3873239436619718
Sound pattern,Crackles,0.00935731495489438,0.3938244853737812
Sound pattern,Crackles,0.009525410433126016,0.3959913326110509
Sound pattern,Crackles,0.009637474085280439,0.39869989165763814
Sound pattern,Crackles,0.009749537737434862,0.4003250270855905
Sound pattern,Crackles,0.010029696867820922,0.40249187432286027
Sound pattern,Crackles,0.01025382417212977,0.4035752979414951
Sound pattern,Crackles,0.010421919650361405,0.40628385698808234
Sound pattern,Crackles,0.010702078780747465,0.4084507042253521
Sound pattern,Crackles,0.010982237911133523,0.409534127843987
Sound pattern,Crackles,0.01115033338936516,0.41278439869989164
Sound pattern,Crackles,0.011430492519751218,0.41874322860238355
Sound pattern,Crackles,0.011654619824060066,0.4247020585048754
Sound pattern,Crackles,0.011878747128368913,0.42632719393282775
Sound pattern,Crackles,0.012102874432677761,0.43066088840736727
Sound pattern,Crackles,0.012270969910909396,0.43282773564463706
Sound pattern,Crackles,0.012495097215218244,0.43607800650054174
Sound pattern,Crackles,0.012719224519527091,0.4398699891657638
Sound pattern,Crackles,0.012831288171681516,0.4420368364030336
Sound pattern,Crackles,0.013335574606376422,0.4452871072589382
Sound pattern,Crackles,0.013503670084608057,0.4496208017334778
Sound pattern,Crackles,0.01361573373676248,0.45124593716143013
Sound pattern,Crackles,0.013783829214994117,0.4539544962080173
Sound pattern,Crackles,0.014063988345380175,0.4561213434452871
Sound pattern,Crackles,0.014400179301843447,0.46153846153846156
Sound pattern,Crackles,0.01479240208438393,0.4626218851570964
Sound pattern,Crackles,0.014904465736538353,0.46424702058504874
Sound pattern,Crackles,0.015128593040847202,0.46641386782231853
Sound pattern,Crackles,0.015240656693001625,0.46912242686890576
Sound pattern,Crackles,0.015576847649464896,0.47020585048754066
Sound pattern,Crackles,0.015800974953773743,0.47291440953412783
Sound pattern,Crackles,0.015913038605928166,0.4739978331527627
Sound pattern,Crackles,0.016137165910237016,0.4761646803900325
Sound pattern,Crackles,0.016529388692777498,0.4788732394366197
Sound pattern,Crackles,0.01664145234493192,0.48049837486457203
Sound pattern,Crackles,0.016865579649240767,0.48320693391115926
Sound pattern,Crackles,0.016977643301395194,0.4848320693391116
Sound pattern,Crackles,0.017089706953549617,0.48645720476706394
Sound pattern,Crackles,0.017313834257858464,0.48808234019501623
Sound pattern,Crackles,0.0174819297360901,0.48970747562296857
Sound pattern,Crackles,0.017706057040398945,0.4924160346695558
Sound pattern,Crackles,0.017930184344707795,0.4934994582881907
Sound pattern,Crackles,0.018154311649016642,0.49512459371614304
Sound pattern,Crackles,0.018322407127248277,0.49837486457204766
Sound pattern,Crackles,0.01849050260547991,0.5005417118093174
Sound pattern,Crackles,0.018658598083711547,0.5043336944745396
Sound pattern,Crackles,0.018826693561943185,0.5059588299024919
Sound pattern,Crackles,0.019106852692329243,0.508667388949079
Sound pattern,Crackles,0.0193870118227153,0.5108342361863488
Sound pattern,Crackles,0.019499075474869725,0.5130010834236186
Sound pattern,Crackles,0.019723202779178575,0.5151679306608884
Sound pattern,Crackles,0.020115425561719056,0.5162513542795233
Sound pattern,Crackles,0.02022748921387348,0.519501625135428
Sound pattern,Crackles,0.02084383930072281,0.5260021668472372
Sound pattern,Crackles,0.02112399843110887,0.528169014084507
Sound pattern,Crackles,0.021572253039726565,0.5297941495124594
Sound pattern,Crackles,0.021796380344035412,0.5362946912242686
Sound pattern,Crackles,0.02213257130049868,0.5373781148429035
Sound pattern,Crackles,0.022804953213425225,0.5417118093174431
Sound pattern,Crackles,0.02297304869165686,0.5449620801733478
Sound pattern,Crackles,0.023085112343811286,0.5460455037919827
Sound pattern,Crackles,0.023365271474197345,0.5487540628385699
Sound pattern,Crackles,0.023757494256737826,0.5509209100758397
Sound pattern,Crackles,0.023925589734969464,0.5563380281690141
Sound pattern,Crackles,0.024261780691432734,0.557421451787649
Sound pattern,Crackles,0.024541939821818792,0.5595882990249187
Sound pattern,Crackles,0.024822098952204854,0.5612134344528711
Sound pattern,Crackles,0.024934162604359277,0.5628385698808234
Sound pattern,Crackles,0.02532638538689976,0.5655471289274107
Sound pattern,Crackles,0.025550512691208605,0.5682556879739978
Sound pattern,Crackles,0.025830671821594667,0.5704225352112676
Sound pattern,Crackles,0.02627892643021236,0.5720476706392199
Sound pattern,Crackles,0.02683924469098448,0.5731310942578548
Sound pattern,Crackles,0.027063371995293326,0.5752979414951246
Sound pattern,Crackles,0.0273995629517566,0.5774647887323944
Sound pattern,Crackles,0.02779178573429708,0.5790899241603467
Sound pattern,Crackles,0.02807194486468314,0.5872156013001083
Sound pattern,Crackles,0.028520199473300836,0.5882990249187432
Sound pattern,Crackles,0.02868829495153247,0.5910075839653305
Sound pattern,Crackles,0.02919258138622738,0.5931744312026003
Sound pattern,Crackles,0.029696867820922283,0.5947995666305526
Sound pattern,Crackles,0.030033058777385557,0.5969664138678223
Sound pattern,Crackles,0.03048131338600325,0.5991332611050921
Sound pattern,Crackles,0.030985599820698158,0.6018418201516793
Sound pattern,Crackles,0.03148988625539306,0.6034669555796316
Sound pattern,Crackles,0.031882109037933544,0.605092091007584
Sound pattern,Crackles,0.032330363646551244,0.6083423618634887
Sound pattern,Crackles,0.03277861825516894,0.6110509209100758
Sound pattern,Crackles,0.033002745559477784,0.6126760563380281
Sound pattern,Crackles,0.03333893651594105,0.6143011917659805
Sound pattern,Crackles,0.03367512747240432,0.6164680390032503
Sound pattern,Crackles,0.03395528660279039,0.6191765980498375
Sound pattern,Crackles,0.034235445733176446,0.6224268689057422
Sound pattern,Crackles,0.034515604863562505,0.6240520043336945
Sound pattern,Crackles,0.03507592312433462,0.6256771397616468
Sound pattern,Crackles,0.03530005042864347,0.6278439869989165
Sound pattern,Crackles,0.0354681459068751,0.6294691224268689
Sound pattern,Crackles,0.03586036868941559,0.6305525460455038
Sound pattern,Crackles,0.03619655964587886,0.6327193932827736
Sound pattern,Crackles,0.03642068695018771,0.6359696641386782
Sound pattern,Crackles,0.03698100521095982,0.638136511375948
Sound pattern,Crackles,0.03726116434134588,0.6397616468039004
Sound pattern,Crackles,0.03754132347173195,0.6413867822318526
Sound pattern,Crackles,0.03793354625427243,0.6440953412784398
Sound pattern,Crackles,0.038213705384658486,0.6457204767063922
Sound pattern,Crackles,0.03832576903681291,0.6473456121343445
Sound pattern,Crackles,0.038493864515044544,0.6489707475622969
Sound pattern,Crackles,0.038886087297585026,0.6500541711809318
Sound pattern,Crackles,0.03939037373227994,0.6522210184182016
Sound pattern,Crackles,0.03978259651482042,0.6543878656554712
Sound pattern,Crackles,0.0401748192973609,0.656554712892741
Sound pattern,Crackles,0.040342914775592535,0.6581798483206934
Sound pattern,Crackles,0.04045497842774696,0.6608884073672806
Sound pattern,Crackles,0.04095926486244187,0.6619718309859155
Sound pattern,Crackles,0.04135148764498235,0.6630552546045504
Sound pattern,Crackles,0.0415756149492912,0.6652221018418202
Sound pattern,Crackles,0.042135933210063314,0.6668472372697725
Sound pattern,Crackles,0.04269625147083544,0.6684723726977249
Sound pattern,Crackles,0.04308847425337592,0.6717226435536294
Sound pattern,Crackles,0.043256569731607554,0.6733477789815818
Sound pattern,Crackles,0.04381688799237967,0.6744312026002167
Sound pattern,Crackles,0.04420911077492015,0.6765980498374865
Sound pattern,Crackles,0.04471339720961506,0.6776814734561214
Sound pattern,Crackles,0.04521768364430997,0.6793066088840737
Sound pattern,Crackles,0.04605816103546814,0.6814734561213435
Sound pattern,Crackles,0.04617022468762257,0.6836403033586133
Sound pattern,Crackles,0.04645038381800863,0.6847237269772481
Sound pattern,Crackles,0.046954670252703536,0.685807150595883
Sound pattern,Crackles,0.04712276573093517,0.6885157096424702
Sound pattern,Crackles,0.048019274948170564,0.6895991332611051
Sound pattern,Crackles,0.0481873704264022,0.69068255687974
Sound pattern,Crackles,0.04852356138286547,0.6939328277356447
Sound pattern,Crackles,0.0486916568610971,0.695557963163597
Sound pattern,Crackles,0.04925197512186922,0.6971830985915493
Sound pattern,Crackles,0.04975626155656413,0.7004333694474539
Sound pattern,Crackles,0.04998038886087298,0.7015167930660888
Sound pattern,Crackles,0.05098896173026279,0.7026002166847237
Sound pattern,Crackles,0.05154927999103491,0.7047670639219935
Sound pattern,Crackles,0.05177340729534376,0.7063921993499458
Sound pattern,Crackles,0.05210959825180703,0.7085590465872156
Sound pattern,Crackles,0.052389757382193085,0.7096424702058505
Sound pattern,Crackles,0.05261388468650193,0.7118093174431203
Sound pattern,Crackles,0.05345436207766011,0.7134344528710725
Sound pattern,Crackles,0.05440690312097271,0.7145178764897074
Sound pattern,Crackles,0.05463103042528156,0.7161430119176598
Sound pattern,Crackles,0.055023253207822045,0.7183098591549296
Sound pattern,Crackles,0.05664817616406119,0.7193932827735645
Sound pattern,Crackles,0.056872303468370036,0.7210184182015168
Sound pattern,Crackles,0.057152462598756094,0.7221018418201517
Sound pattern,Crackles,0.057488653555219364,0.723726977248104
Sound pattern,Crackles,0.05771278085952821,0.7253521126760564
Sound pattern,Crackles,0.059001512859304085,0.7275189599133262
Sound pattern,Crackles,0.060178181206925536,0.728602383531961
Sound pattern,Crackles,0.060458340337311595,0.7313109425785482
Sound pattern,Crackles,0.06107469042416092,0.733477789815818
Sound pattern,Crackles,0.061186754076315346,0.7345612134344529
Sound pattern,Crackles,0.06241945425001401,0.7361863488624052
Sound pattern,Crackles,0.0628116770325545,0.738353196099675
Sound pattern,Crackles,0.06376421807586709,0.7399783315276273
Sound pattern,Crackles,0.06449263181487085,0.742145178764897
Sound pattern,Crackles,0.06505295007564296,0.7437703141928494
Sound pattern,Crackles,0.06550120468426066,0.7448537378114843
Sound pattern,Crackles,0.06645374572757326,0.7464788732394366
Sound pattern,Crackles,0.06684596851011375,0.7475622968580715
Sound pattern,Crackles,0.06768644590127192,0.7502708559046587
Sound pattern,Crackles,0.06863898694458452,0.7518959913326111
Sound pattern,Crackles,0.06875105059673894,0.752979414951246
Sound pattern,Crackles,0.06908724155320221,0.7556879739978332
Sound pattern,Crackles,0.06959152798789713,0.757854821235103
Sound pattern,Crackles,0.06981565529220597,0.7600216684723727
Sound pattern,Crackles,0.07048803720513251,0.7632719393282773
Sound pattern,Crackles,0.07110438729198185,0.7648970747562297
Sound pattern,Crackles,0.07272931024822099,0.7659804983748646
Sound pattern,Crackles,0.07306550120468426,0.7676056338028169
Sound pattern,Crackles,0.07435423320446014,0.7686890574214518
Sound pattern,Crackles,0.0750826469434639,0.7703141928494042
Sound pattern,Crackles,0.07525074242169552,0.771397616468039
Sound pattern,Crackles,0.07592312433462206,0.7730227518959913
Sound pattern,Crackles,0.07782820642124727,0.7741061755146262
Sound pattern,Crackles,0.07872471563848266,0.776273022751896
Sound pattern,Crackles,0.07945312937748641,0.7778981581798483
Sound pattern,Crackles,0.07962122485571804,0.7789815817984832
Sound pattern,Crackles,0.08057376589903065,0.7800650054171181
Sound pattern,Crackles,0.08096598868157114,0.7816901408450704
Sound pattern,Crackles,0.08152630694234325,0.7833152762730228
Sound pattern,Crackles,0.08275900711604191,0.7843986998916577
Sound pattern,Crackles,0.08337535720289124,0.7854821235102926
Sound pattern,Crackles,0.08466408920266712,0.7871072589382448
Sound pattern,Crackles,0.08528043928951645,0.7881906825568797
Sound pattern,Crackles,0.08701742589791002,0.7903575297941495
Sound pattern,Crackles,0.08774583963691376,0.7919826652221018
Sound pattern,Crackles,0.0893147307670757,0.7936078006500542
Sound pattern,Crackles,0.09021123998431109,0.7946912242686891
Sound pattern,Crackles,0.09110774920154648,0.7979414951245937
Sound pattern,Crackles,0.09211632207093629,0.7990249187432286
Sound pattern,Crackles,0.09323695859248053,0.8001083423618635
Sound pattern,Crackles,0.09385330867932985,0.8022751895991332
Sound pattern,Crackles,0.09430156328794756,0.8033586132177681
Sound pattern,Crackles,0.09469378607048803,0.8049837486457205
Sound pattern,Crackles,0.09665489998319045,0.8060671722643553
Sound pattern,Crackles,0.0968790272874993,0.8076923076923077
Sound pattern,Crackles,0.09771950467865748,0.8087757313109426
Sound pattern,Crackles,0.09895220485235613,0.8109425785482124
Sound pattern,Crackles,0.09928839580881942,0.8136511375947996
Sound pattern,Crackles,0.09996077772174596,0.8147345612134345
Sound pattern,Crackles,0.10046506415644085,0.8169014084507042
Sound pattern,Crackles,0.10152966885190788,0.8185265438786565
Sound pattern,Crackles,0.10253824172129769,0.8196099674972914
Sound pattern,Crackles,0.10360284641676472,0.8206933911159263
Sound pattern,Crackles,0.10573205580769877,0.8223185265438786
Sound pattern,Crackles,0.10634840589454811,0.8234019501625135
Sound pattern,Crackles,0.10702078780747465,0.8244853737811484
Sound pattern,Crackles,0.10903793354625427,0.8261105092091008
Sound pattern,Crackles,0.1096542836331036,0.8282773564463706
Sound pattern,Crackles,0.11133523841541997,0.8293607800650055
Sound pattern,Crackles,0.11335238415419958,0.8304442036836404
Sound pattern,Crackles,0.1139127024149717,0.8320693391115926
Sound pattern,Crackles,0.11413682971928055,0.8331527627302275
Sound pattern,Crackles,0.1148092116322071,0.8342361863488624
Sound pattern,Crackles,0.11609794363198296,0.8364030335861322
Sound pattern,Crackles,0.11710651650137278,0.8374864572047671
Sound pattern,Crackles,0.11878747128368913,0.838569880823402
Sound pattern,Crackles,0.11934778954446125,0.8407367280606717
Sound pattern,Crackles,0.1200201714573878,0.8418201516793066
Sound pattern,Crackles,0.12086064884854597,0.8429035752979415
Sound pattern,Crackles,0.12242953997870791,0.8439869989165764
Sound pattern,Crackles,0.12265366728301676,0.8456121343445288
Sound pattern,Crackles,0.12388636745671541,0.8466955579631636
Sound pattern,Crackles,0.12467081302179638,0.8477789815817984
Sound pattern,Crackles,0.1266319269344988,0.8494041170097508
Sound pattern,Crackles,0.12887319997758728,0.8504875406283857
Sound pattern,Crackles,0.12976970919482267,0.8515709642470206
Sound pattern,Crackles,0.1318428867596795,0.8531960996749729
Sound pattern,Crackles,0.1322911413682972,0.8542795232936078
Sound pattern,Crackles,0.13442035075923126,0.8559046587215602
Sound pattern,Crackles,0.13514876449823499,0.8575297941495125
Sound pattern,Crackles,0.1364935283240881,0.8586132177681474
Sound pattern,Crackles,0.1374460693674007,0.8596966413867823
Sound pattern,Crackles,0.14041575614949292,0.8607800650054171
Sound pattern,Crackles,0.1413122653667283,0.8624052004333694
Sound pattern,Crackles,0.1455146523225192,0.8634886240520043
Sound pattern,Crackles,0.1470275116266039,0.8645720476706392
Sound pattern,Crackles,0.14865243458284305,0.866738894907909
Sound pattern,Crackles,0.1497170392783101,0.8678223185265439
Sound pattern,Crackles,0.15139799406062643,0.8689057421451788
Sound pattern,Crackles,0.15223847145178462,0.8705308775731311
Sound pattern,Crackles,0.15347117162548327,0.871614301191766
Sound pattern,Crackles,0.15761752675519694,0.8726977248104009
Sound pattern,Crackles,0.15901832240712724,0.8748645720476707
Sound pattern,Crackles,0.159746736146131,0.8759479956663055
Sound pattern,Crackles,0.16137165910237014,0.8775731310942578
Sound pattern,Crackles,0.16310864571076372,0.8786565547128927
Sound pattern,Crackles,0.1649576959713117,0.8802816901408451
Sound pattern,Crackles,0.1683196055359444,0.8813651137594799
Sound pattern,Crackles,0.17263405614388974,0.8824485373781148
Sound pattern,Crackles,0.17515548831736427,0.8840736728060672
Sound pattern,Crackles,0.17689247492575783,0.8851570964247021
Sound pattern,Crackles,0.17997422536000449,0.886240520043337
Sound pattern,Crackles,0.18378438953325488,0.8889490790899242
Sound pattern,Crackles,0.18686613996750154,0.890032502708559
Sound pattern,Crackles,0.19112455874936965,0.8911159263271939
Sound pattern,Crackles,0.19269344987953158,0.8927410617551462
Sound pattern,Crackles,0.19398218187930744,0.8938244853737811
Sound pattern,Crackles,0.19493472292262004,0.894907908992416
Sound pattern,Crackles,0.1961674230963187,0.8965330444203684
Sound pattern,Crackles,0.19728805961786294,0.8981581798483207
Sound pattern,Crackles,0.19947330083487422,0.8992416034669556
Sound pattern,Crackles,0.1999775872695691,0.9003250270855905
Sound pattern,Crackles,0.20064996918249567,0.9024918743228603
Sound pattern,Crackles,0.20294727405166135,0.9035752979414952
Sound pattern,Crackles,0.20883061578976858,0.90465872156013
Sound pattern,Crackles,0.21045553874600773,0.9062838569880823
Sound pattern,Crackles,0.21269681178909622,0.9073672806067172
Sound pattern,Crackles,0.22065333109206028,0.9084507042253521
Sound pattern,Crackles,0.22149380848321848,0.9100758396533044
Sound pattern,Crackles,0.22423936796100186,0.9111592632719393
Sound pattern,Crackles,0.2268168319605536,0.9122426868905742
Sound pattern,Crackles,0.23085112343811284,0.9133261105092091
Sound pattern,Crackles,0.23382081022020507,0.9149512459371615
Sound pattern,Crackles,0.242001456827478,0.9160346695557963
Sound pattern,Crackles,0.24441082534879813,0.9171180931744312
Sound pattern,Crackles,0.2463159074354233,0.9187432286023836
Sound pattern,Crackles,0.25119067630414077,0.9198266522210184
Sound pattern,Crackles,0.26021180030257185,0.9209100758396533
Sound pattern,Crackles,0.2657029192581386,0.9225352112676056
Sound pattern,Crackles,0.2665433966492968,0.9236186348862405
Sound pattern,Crackles,0.2724827702134813,0.9247020585048754
Sound pattern,Crackles,0.27612483890850004,0.9263271939328277
Sound pattern,Crackles,0.2767411889953494,0.9274106175514626
Sound pattern,Crackles,0.27808595282120246,0.9284940411700975
Sound pattern,Crackles,0.28273659438561105,0.9295774647887324
Sound pattern,Crackles,0.2870510449935563,0.9317443120260022
Sound pattern,Crackles,0.2939989914271306,0.9328277356446371
Sound pattern,Crackles,0.297528996469995,0.933911159263272
Sound pattern,Crackles,0.3026839244690985,0.9360780065005417
Sound pattern,Crackles,0.30632599316411724,0.9371614301191766
Sound pattern,Crackles,0.3085112343811285,0.9382448537378115
Sound pattern,Crackles,0.3110886983806802,0.9398699891657638
Sound pattern,Crackles,0.3156272762929344,0.9409534127843987
Sound pattern,Crackles,0.31876505855325826,0.9420368364030336
Sound pattern,Crackles,0.3199417269008797,0.9431202600216685
Sound pattern,Crackles,0.32078220429203785,0.9447453954496208
Sound pattern,Crackles,0.32963523281223733,0.9458288190682557
Sound pattern,Crackles,0.3388804841149773,0.9469122426868906
Sound pattern,Crackles,0.34347509385330866,0.948537378114843
Sound pattern,Crackles,0.35131954950411837,0.9496208017334777
Sound pattern,Crackles,0.35406510898190174,0.9507042253521126
Sound pattern,Crackles,0.3567546366336079,0.952329360780065
Sound pattern,Crackles,0.3623017874152519,0.9534127843986999
Sound pattern,Crackles,0.36835322463159076,0.9550379198266522
Sound pattern,Crackles,0.37580545749985994,0.957204767063922
Sound pattern,Crackles,0.3824172129769709,0.9582881906825569
Sound pattern,Crackles,0.383761976802824,0.9593716143011918
Sound pattern,Crackles,0.3925029416708691,0.9604550379198267
Sound pattern,Crackles,0.40085168375637364,0.962080173347779
Sound pattern,Crackles,0.407295343755253,0.9631635969664138
Sound pattern,Crackles,0.41530789488429426,0.9642470205850487
Sound pattern,Crackles,0.42068695018770663,0.9658721560130011
Sound pattern,Crackles,0.4423712668795876,0.9669555796316359
Sound pattern,Crackles,0.4717879755701238,0.9680390032502708
Sound pattern,Crackles,0.487701014176052,0.9696641386782232
Sound pattern,Crackles,0.4891578416540595,0.9707475622968581
Sound pattern,Crackles,0.49347229226200484,0.971830985915493
Sound pattern,Crackles,0.4981229338264134,0.9734561213434453
Sound pattern,Crackles,0.4995797613044209,0.9745395449620802
Sound pattern,Crackles,0.5216002689527651,0.9756229685807151
Sound pattern,Crackles,0.5270353560822547,0.97670639219935
Sound pattern,Crackles,0.5300610746904242,0.9783315276273022
Sound pattern,Crackles,0.5371771166022301,0.9794149512459371
Sound pattern,Crackles,0.5468706225135878,0.980498374864572
Sound pattern,Crackles,0.5579649240768757,0.9821235102925244
Sound pattern,Crackles,0.5649689023365272,0.9832069339111592
Sound pattern,Crackles,0.5941614837227546,0.9842903575297941
Sound pattern,Crackles,0.6081694402420574,0.9859154929577465
Sound pattern,Crackles,0.6239704151958312,0.9869989165763814
Sound pattern,Crackles,0.6301339160643246,0.9880823401950163
Sound pattern,Crackles,0.6423488541491568,0.9902491874322861
Sound pattern,Crackles,0.7274051661343643,0.991332611050921
Sound pattern,Crackles,0.7489213873480137,0.9924160346695557
Sound pattern,Crackles,0.7578864795203676,0.9934994582881906
Sound pattern,Crackles,0.7793466689079397,0.995124593716143
Sound pattern,Crackles,0.8133019555107301,0.9962080173347779
Sound pattern,Crackles,0.8809323695859248,0.9972914409534128
Sound pattern,Crackles,0.9132627332324761,0.9989165763813651
Sound pattern,Crackles,1.0,1.0
Sound pattern,Wheeze/rhonchi,0.0,0.0
Sound pattern,Wheeze/rhonchi,0.0,0.030323914541695383
Sound pattern,Wheeze/rhonchi,5.48185505975222e-05,0.055823569951757405
Sound pattern,Wheeze/rhonchi,0.0001644556517925666,0.05995864920744314
Sound pattern,Wheeze/rhonchi,0.0002192742023900888,0.1233631977946244
Sound pattern,Wheeze/rhonchi,0.000274092752987611,0.13094417643004824
Sound pattern,Wheeze/rhonchi,0.0003289113035851332,0.18952446588559613
Sound pattern,Wheeze/rhonchi,0.0003837298541826554,0.2067539627842867
Sound pattern,Wheeze/rhonchi,0.0004933669553776998,0.228118538938663
Sound pattern,Wheeze/rhonchi,0.000548185505975222,0.25155065472088217
Sound pattern,Wheeze/rhonchi,0.0006030040565727442,0.26464507236388696
Sound pattern,Wheeze/rhonchi,0.0006578226071702664,0.28187456926257753
Sound pattern,Wheeze/rhonchi,0.0007126411577677886,0.2963473466574776
Sound pattern,Wheeze/rhonchi,0.0007674597083653108,0.31013094417643006
Sound pattern,Wheeze/rhonchi,0.0009319153601578774,0.31840110268780153
Sound pattern,Wheeze/rhonchi,0.0009867339107553995,0.321157822191592
Sound pattern,Wheeze/rhonchi,0.0010415524613529219,0.3404548587181254
Sound pattern,Wheeze/rhonchi,0.001096371011950444,0.34734665747760163
Sound pattern,Wheeze/rhonchi,0.0011511895625479663,0.35148173673328736
Sound pattern,Wheeze/rhonchi,0.0012608266637430107,0.352170916609235
Sound pattern,Wheeze/rhonchi,0.0013156452143405328,0.35906271536871126
Sound pattern,Wheeze/rhonchi,0.001370463764938055,0.36250861474844936
Sound pattern,Wheeze/rhonchi,0.0014252823155355772,0.388697450034459
Sound pattern,Wheeze/rhonchi,0.0014801008661330995,0.3921433494141971
Sound pattern,Wheeze/rhonchi,0.0016993750685231881,0.39627842866988283
Sound pattern,Wheeze/rhonchi,0.0017541936191207105,0.3990351481736733
Sound pattern,Wheeze/rhonchi,0.0018090121697182326,0.4073053066850448
Sound pattern,Wheeze/rhonchi,0.0018638307203157549,0.4203997243280496
Sound pattern,Wheeze/rhonchi,0.001918649270913277,0.4238456237077877
Sound pattern,Wheeze/rhonchi,0.001973467821510799,0.4293590627153687
Sound pattern,Wheeze/rhonchi,0.0020831049227058437,0.43004824259131635
Sound pattern,Wheeze/rhonchi,0.002137923473303366,0.43349414197105446
Sound pattern,Wheeze/rhonchi,0.002192742023900888,0.44865609924190214
Sound pattern,Wheeze/rhonchi,0.0022475605744984102,0.4569262577532736
Sound pattern,Wheeze/rhonchi,0.0023023791250959325,0.46106133700895935
Sound pattern,Wheeze/rhonchi,0.002466834776888499,0.4631288766368022
Sound pattern,Wheeze/rhonchi,0.0025216533274860214,0.4672639558924879
Sound pattern,Wheeze/rhonchi,0.0025764718780835433,0.47070985527222603
Sound pattern,Wheeze/rhonchi,0.0026312904286810656,0.4755341144038594
Sound pattern,Wheeze/rhonchi,0.002686108979278588,0.47966919365954513
Sound pattern,Wheeze/rhonchi,0.002795746080473632,0.4810475534114404
Sound pattern,Wheeze/rhonchi,0.0028505646310711544,0.48587181254307377
Sound pattern,Wheeze/rhonchi,0.0029053831816686767,0.4968986905582357
Sound pattern,Wheeze/rhonchi,0.002960201732266199,0.5003445899379738
Sound pattern,Wheeze/rhonchi,0.003015020282863721,0.5010337698139214
Sound pattern,Wheeze/rhonchi,0.0032342944852538098,0.5079255685733977
Sound pattern,Wheeze/rhonchi,0.003289113035851332,0.5086147484493453
Sound pattern,Wheeze/rhonchi,0.0033987501370463763,0.5113714679531358
Sound pattern,Wheeze/rhonchi,0.0034535686876438986,0.5217091660923501
Sound pattern,Wheeze/rhonchi,0.0035632057888389432,0.5223983459682977
Sound pattern,Wheeze/rhonchi,0.0036728428900339874,0.5375603032391454
Sound pattern,Wheeze/rhonchi,0.003782479991229032,0.5403170227429359
Sound pattern,Wheeze/rhonchi,0.003837298541826554,0.5458304617505169
Sound pattern,Wheeze/rhonchi,0.0038921170924240763,0.5589248793935218
Sound pattern,Wheeze/rhonchi,0.003946935643021598,0.5609924190213645
Sound pattern,Wheeze/rhonchi,0.0040017541936191205,0.5630599586492074
Sound pattern,Wheeze/rhonchi,0.004166209845411687,0.5685733976567884
Sound pattern,Wheeze/rhonchi,0.00422102839600921,0.5699517574086836
Sound pattern,Wheeze/rhonchi,0.004275846946606732,0.5713301171605789
Sound pattern,Wheeze/rhonchi,0.004385484047801776,0.5789110957960028
Sound pattern,Wheeze/rhonchi,0.004440302598399298,0.5796002756719504
Sound pattern,Wheeze/rhonchi,0.00471439535138691,0.5844245348035837
Sound pattern,Wheeze/rhonchi,0.004769213901984431,0.5906271536871124
Sound pattern,Wheeze/rhonchi,0.004878851003179476,0.5913163335630599
Sound pattern,Wheeze/rhonchi,0.0049884881043745204,0.5947622329427981
Sound pattern,Wheeze/rhonchi,0.005043306654972043,0.6044107512060648
Sound pattern,Wheeze/rhonchi,0.0051529437561670865,0.6057891109579601
Sound pattern,Wheeze/rhonchi,0.005262580857362131,0.6071674707098552
Sound pattern,Wheeze/rhonchi,0.0053173994079596535,0.6078566505858028
Sound pattern,Wheeze/rhonchi,0.005427036509154698,0.6099241902136457
Sound pattern,Wheeze/rhonchi,0.00548185505975222,0.611302549965541
Sound pattern,Wheeze/rhonchi,0.005591492160947264,0.6119917298414886
Sound pattern,Wheeze/rhonchi,0.005701129262142309,0.6126809097174363
Sound pattern,Wheeze/rhonchi,0.0058107663633373535,0.6133700895933839
Sound pattern,Wheeze/rhonchi,0.005865584913934876,0.616815988973122
Sound pattern,Wheeze/rhonchi,0.005920403464532398,0.6181943487250172
Sound pattern,Wheeze/rhonchi,0.0059752220151299195,0.6195727084769125
Sound pattern,Wheeze/rhonchi,0.006413770419910097,0.6237077877325982
Sound pattern,Wheeze/rhonchi,0.0064685889705076195,0.6264645072363887
Sound pattern,Wheeze/rhonchi,0.006523407521105142,0.6271536871123363
Sound pattern,Wheeze/rhonchi,0.006578226071702664,0.6299104066161269
Sound pattern,Wheeze/rhonchi,0.006742681723495231,0.631288766368022
Sound pattern,Wheeze/rhonchi,0.006907137375287797,0.6326671261199173
Sound pattern,Wheeze/rhonchi,0.0069619559258853195,0.6361130254996554
Sound pattern,Wheeze/rhonchi,0.007016774476482842,0.6368022053756031
Sound pattern,Wheeze/rhonchi,0.007071593027080364,0.638869745003446
Sound pattern,Wheeze/rhonchi,0.0071264115776778865,0.642315644383184
Sound pattern,Wheeze/rhonchi,0.007181230128275409,0.6436940041350793
Sound pattern,Wheeze/rhonchi,0.0072908672294704525,0.6471399035148173
Sound pattern,Wheeze/rhonchi,0.007345685780067975,0.6505858028945555
Sound pattern,Wheeze/rhonchi,0.0074553228812630195,0.6526533425223984
Sound pattern,Wheeze/rhonchi,0.007564959982458064,0.6554100620261888
Sound pattern,Wheeze/rhonchi,0.007619778533055586,0.6560992419021364
Sound pattern,Wheeze/rhonchi,0.00772941563425063,0.656788421778084
Sound pattern,Wheeze/rhonchi,0.0077842341848481525,0.6602343211578222
Sound pattern,Wheeze/rhonchi,0.007839052735445674,0.6609235010337698
Sound pattern,Wheeze/rhonchi,0.007893871286043196,0.6671261199172984
Sound pattern,Wheeze/rhonchi,0.007948689836640719,0.6685044796691937
Sound pattern,Wheeze/rhonchi,0.008113145488433286,0.6705720192970366
Sound pattern,Wheeze/rhonchi,0.008167964039030808,0.6747070985527223
Sound pattern,Wheeze/rhonchi,0.00822278258962833,0.6753962784286699
Sound pattern,Wheeze/rhonchi,0.008277601140225853,0.6774638180565128
Sound pattern,Wheeze/rhonchi,0.008332419690823375,0.6802205375603032
Sound pattern,Wheeze/rhonchi,0.008551693893213464,0.6815988973121985
Sound pattern,Wheeze/rhonchi,0.008661330994408507,0.684355616815989
Sound pattern,Wheeze/rhonchi,0.00871614954500603,0.6850447966919366
Sound pattern,Wheeze/rhonchi,0.008880605196798596,0.6871123363197794
Sound pattern,Wheeze/rhonchi,0.008935423747396119,0.687801516195727
Sound pattern,Wheeze/rhonchi,0.008990242297993641,0.6919365954514128
Sound pattern,Wheeze/rhonchi,0.00920951650038373,0.6933149552033081
Sound pattern,Wheeze/rhonchi,0.009373972152176297,0.6960716747070985
Sound pattern,Wheeze/rhonchi,0.009538427803968862,0.6981392143349414
Sound pattern,Wheeze/rhonchi,0.009593246354566385,0.6995175740868367
Sound pattern,Wheeze/rhonchi,0.00970288345576143,0.7002067539627843
Sound pattern,Wheeze/rhonchi,0.009867339107553996,0.7008959338387319
Sound pattern,Wheeze/rhonchi,0.009922157658151519,0.7029634734665747
Sound pattern,Wheeze/rhonchi,0.009976976208749041,0.7057201929703653
Sound pattern,Wheeze/rhonchi,0.010141431860541608,0.7084769124741558
Sound pattern,Wheeze/rhonchi,0.01019625041113913,0.7126119917298415
Sound pattern,Wheeze/rhonchi,0.010415524613529218,0.7133011716057891
Sound pattern,Wheeze/rhonchi,0.010799254467711874,0.7139903514817367
Sound pattern,Wheeze/rhonchi,0.01096371011950444,0.7160578911095796
Sound pattern,Wheeze/rhonchi,0.011018528670101963,0.7215713301171606
Sound pattern,Wheeze/rhonchi,0.011128165771297006,0.7222605099931082
Sound pattern,Wheeze/rhonchi,0.011182984321894528,0.7229496898690558
Sound pattern,Wheeze/rhonchi,0.011402258524284618,0.7236388697450035
Sound pattern,Wheeze/rhonchi,0.011511895625479662,0.7243280496209511
Sound pattern,Wheeze/rhonchi,0.011566714176077185,0.7270847691247415
Sound pattern,Wheeze/rhonchi,0.01167635127727223,0.7277739490006891
Sound pattern,Wheeze/rhonchi,0.011731169827869752,0.7291523087525844
Sound pattern,Wheeze/rhonchi,0.011895625479662318,0.7319090282563749
Sound pattern,Wheeze/rhonchi,0.012005262580857361,0.7325982081323226
Sound pattern,Wheeze/rhonchi,0.012060081131454884,0.7339765678842178
Sound pattern,Wheeze/rhonchi,0.012114899682052406,0.735354927636113
Sound pattern,Wheeze/rhonchi,0.01222453678324745,0.7367332873880083
Sound pattern,Wheeze/rhonchi,0.012388992435040018,0.7374224672639559
Sound pattern,Wheeze/rhonchi,0.012498629536235062,0.7381116471399035
Sound pattern,Wheeze/rhonchi,0.012553448086832585,0.7388008270158511
Sound pattern,Wheeze/rhonchi,0.012608266637430107,0.7401791867677464
Sound pattern,Wheeze/rhonchi,0.01266308518802763,0.740868366643694
Sound pattern,Wheeze/rhonchi,0.012717903738625152,0.7415575465196417
Sound pattern,Wheeze/rhonchi,0.012991996491612761,0.7429359062715368
Sound pattern,Wheeze/rhonchi,0.013101633592807806,0.7443142660234321
Sound pattern,Wheeze/rhonchi,0.01321127069400285,0.7498277050310131
Sound pattern,Wheeze/rhonchi,0.013266089244600373,0.7512060647829083
Sound pattern,Wheeze/rhonchi,0.013320907795197895,0.7518952446588559
Sound pattern,Wheeze/rhonchi,0.013649819098783027,0.7532736044107512
Sound pattern,Wheeze/rhonchi,0.01370463764938055,0.7546519641626465
Sound pattern,Wheeze/rhonchi,0.013923911851770639,0.7567195037904894
Sound pattern,Wheeze/rhonchi,0.013978730402368161,0.7580978635423845
Sound pattern,Wheeze/rhonchi,0.014088367503563206,0.7594762232942798
Sound pattern,Wheeze/rhonchi,0.014362460256550818,0.7601654031702274
Sound pattern,Wheeze/rhonchi,0.014910645762526039,0.7615437629221227
Sound pattern,Wheeze/rhonchi,0.015020282863721084,0.7629221226740179
Sound pattern,Wheeze/rhonchi,0.015129919964916128,0.7643004824259132
Sound pattern,Wheeze/rhonchi,0.015239557066111171,0.7656788421778085
Sound pattern,Wheeze/rhonchi,0.015404012717903738,0.7670572019297036
Sound pattern,Wheeze/rhonchi,0.015513649819098783,0.7684355616815989
Sound pattern,Wheeze/rhonchi,0.015623286920293827,0.7691247415575465
Sound pattern,Wheeze/rhonchi,0.015842561122683917,0.7705031013094418
Sound pattern,Wheeze/rhonchi,0.015897379673281437,0.7711922811853894
Sound pattern,Wheeze/rhonchi,0.016007016774476482,0.771881461061337
Sound pattern,Wheeze/rhonchi,0.016335928078061616,0.7725706409372847
Sound pattern,Wheeze/rhonchi,0.01639074662865914,0.7732598208132323
Sound pattern,Wheeze/rhonchi,0.016555202280451705,0.7746381805651275
Sound pattern,Wheeze/rhonchi,0.016610020831049226,0.7760165403170227
Sound pattern,Wheeze/rhonchi,0.01666483938164675,0.7767057201929704
Sound pattern,Wheeze/rhonchi,0.017048569235829404,0.7787732598208132
Sound pattern,Wheeze/rhonchi,0.017213024887621973,0.7794624396967609
Sound pattern,Wheeze/rhonchi,0.017267843438219493,0.7801516195727085
Sound pattern,Wheeze/rhonchi,0.017322661988817014,0.7829083390764989
Sound pattern,Wheeze/rhonchi,0.017761210393597193,0.7835975189524466
Sound pattern,Wheeze/rhonchi,0.017980484595987282,0.7842866988283942
Sound pattern,Wheeze/rhonchi,0.018090121697182326,0.7870434183321847
Sound pattern,Wheeze/rhonchi,0.01825457734897489,0.7877325982081324
Sound pattern,Wheeze/rhonchi,0.018309395899572416,0.7891109579600276
Sound pattern,Wheeze/rhonchi,0.018364214450169936,0.7898001378359751
Sound pattern,Wheeze/rhonchi,0.018583488652560026,0.7925568573397657
Sound pattern,Wheeze/rhonchi,0.01896721850674268,0.7946243969676086
Sound pattern,Wheeze/rhonchi,0.019350948360925338,0.7953135768435562
Sound pattern,Wheeze/rhonchi,0.01940576691152286,0.7973811164713991
Sound pattern,Wheeze/rhonchi,0.019570222563315427,0.7994486560992419
Sound pattern,Wheeze/rhonchi,0.019625041113912948,0.8001378359751895
Sound pattern,Wheeze/rhonchi,0.02072141212586339,0.8008270158511371
Sound pattern,Wheeze/rhonchi,0.020776230676460915,0.8015161957270848
Sound pattern,Wheeze/rhonchi,0.02088586777765596,0.8042729152308753
Sound pattern,Wheeze/rhonchi,0.02115996053064357,0.8049620951068229
Sound pattern,Wheeze/rhonchi,0.021214779081241093,0.8077188146106133
Sound pattern,Wheeze/rhonchi,0.021543690384826224,0.808407994486561
Sound pattern,Wheeze/rhonchi,0.02192742023900888,0.8090971743625086
Sound pattern,Wheeze/rhonchi,0.02220151299199649,0.8104755341144039
Sound pattern,Wheeze/rhonchi,0.02291415414976428,0.8118538938662991
Sound pattern,Wheeze/rhonchi,0.023078609801556845,0.8125430737422468
Sound pattern,Wheeze/rhonchi,0.023571976756934548,0.8132322536181944
Sound pattern,Wheeze/rhonchi,0.023681613858129592,0.8146106133700896
Sound pattern,Wheeze/rhonchi,0.023955706611117202,0.8159889731219848
Sound pattern,Wheeze/rhonchi,0.024777984870080035,0.8173673328738801
Sound pattern,Wheeze/rhonchi,0.02488762197127508,0.8180565127498277
Sound pattern,Wheeze/rhonchi,0.025216533274860214,0.8201240523776706
Sound pattern,Wheeze/rhonchi,0.025600263129042868,0.8208132322536182
Sound pattern,Wheeze/rhonchi,0.025764718780835433,0.8215024121295658
Sound pattern,Wheeze/rhonchi,0.025819537331432958,0.8242591316333563
Sound pattern,Wheeze/rhonchi,0.026093630084420567,0.8249483115093039
Sound pattern,Wheeze/rhonchi,0.026970726893980924,0.8256374913852516
Sound pattern,Wheeze/rhonchi,0.027957460804736323,0.8263266712611992
Sound pattern,Wheeze/rhonchi,0.028231553557723933,0.8270158511371468
Sound pattern,Wheeze/rhonchi,0.02861528341190659,0.8283942108890421
Sound pattern,Wheeze/rhonchi,0.02867010196250411,0.8297725706409372
Sound pattern,Wheeze/rhonchi,0.028724920513101635,0.8304617505168849
Sound pattern,Wheeze/rhonchi,0.029273106019076855,0.8311509303928325
Sound pattern,Wheeze/rhonchi,0.0293827431202719,0.8318401102687801
Sound pattern,Wheeze/rhonchi,0.029437561670869423,0.8325292901447278
Sound pattern,Wheeze/rhonchi,0.02960201732266199,0.833907649896623
Sound pattern,Wheeze/rhonchi,0.029766472974454554,0.8345968297725707
Sound pattern,Wheeze/rhonchi,0.0298761100756496,0.8352860096485183
Sound pattern,Wheeze/rhonchi,0.03042429558162482,0.8359751895244659
Sound pattern,Wheeze/rhonchi,0.030479114132222342,0.8373535492763611
Sound pattern,Wheeze/rhonchi,0.030588751233417387,0.8387319090282563
Sound pattern,Wheeze/rhonchi,0.03069838833461243,0.839421088904204
Sound pattern,Wheeze/rhonchi,0.030808025435807476,0.8401102687801516
Sound pattern,Wheeze/rhonchi,0.03141102949238022,0.8407994486560992
Sound pattern,Wheeze/rhonchi,0.03168512224536783,0.8414886285320469
Sound pattern,Wheeze/rhonchi,0.03190439644775792,0.8428669882839421
Sound pattern,Wheeze/rhonchi,0.03212367065014801,0.8435561681598898
Sound pattern,Wheeze/rhonchi,0.03228812630194058,0.8442453480358374
Sound pattern,Wheeze/rhonchi,0.0328363118079158,0.844934527911785
Sound pattern,Wheeze/rhonchi,0.03289113035851332,0.8463128876636802
Sound pattern,Wheeze/rhonchi,0.03322004166209845,0.8470020675396278
Sound pattern,Wheeze/rhonchi,0.0333296787632935,0.8483804272915231
Sound pattern,Wheeze/rhonchi,0.03354895296568359,0.8490696071674707
Sound pattern,Wheeze/rhonchi,0.034042319921061284,0.8497587870434183
Sound pattern,Wheeze/rhonchi,0.03448086832584146,0.850447966919366
Sound pattern,Wheeze/rhonchi,0.03486459818002412,0.8511371467953136
Sound pattern,Wheeze/rhonchi,0.035193509483609255,0.8525155065472089
Sound pattern,Wheeze/rhonchi,0.035796513540182,0.8532046864231564
Sound pattern,Wheeze/rhonchi,0.03585133209077952,0.853893866299104
Sound pattern,Wheeze/rhonchi,0.03639951759675474,0.8552722260509993
Sound pattern,Wheeze/rhonchi,0.03650915469794978,0.8566505858028945
Sound pattern,Wheeze/rhonchi,0.037002521653327486,0.8587181254307374
Sound pattern,Wheeze/rhonchi,0.03705734020392501,0.8594073053066851
Sound pattern,Wheeze/rhonchi,0.03716697730512005,0.8600964851826327
Sound pattern,Wheeze/rhonchi,0.03831816686766802,0.8614748449345279
Sound pattern,Wheeze/rhonchi,0.039140445126630855,0.8628532046864231
Sound pattern,Wheeze/rhonchi,0.03952417498081351,0.8635423845623708
Sound pattern,Wheeze/rhonchi,0.039578993531411026,0.864920744314266
Sound pattern,Wheeze/rhonchi,0.039798267733801115,0.8676774638180565
Sound pattern,Wheeze/rhonchi,0.040236816138581294,0.8690558235699517
Sound pattern,Wheeze/rhonchi,0.04062054599276395,0.8697450034458993
Sound pattern,Wheeze/rhonchi,0.04122355004933669,0.870434183321847
Sound pattern,Wheeze/rhonchi,0.04133318715053174,0.8731909028256375
Sound pattern,Wheeze/rhonchi,0.04155246135292183,0.8738800827015851
Sound pattern,Wheeze/rhonchi,0.04188137265650696,0.8745692625775328
Sound pattern,Wheeze/rhonchi,0.042045828308299525,0.8752584424534804
Sound pattern,Wheeze/rhonchi,0.04210064685889705,0.875947622329428
Sound pattern,Wheeze/rhonchi,0.04242955816248219,0.8773259820813232
Sound pattern,Wheeze/rhonchi,0.042648832364872276,0.8780151619572708
Sound pattern,Wheeze/rhonchi,0.04303256221905493,0.8787043418332184
Sound pattern,Wheeze/rhonchi,0.04401929612981033,0.8793935217091661
Sound pattern,Wheeze/rhonchi,0.04423857033220042,0.8800827015851137
Sound pattern,Wheeze/rhonchi,0.04434820743339546,0.881461061337009
Sound pattern,Wheeze/rhonchi,0.04528012279355334,0.8821502412129566
Sound pattern,Wheeze/rhonchi,0.045992763951321125,0.8835286009648519
Sound pattern,Wheeze/rhonchi,0.047472864817454226,0.8842177808407995
Sound pattern,Wheeze/rhonchi,0.04763732046924679,0.8849069607167471
Sound pattern,Wheeze/rhonchi,0.04785659467163688,0.8855961405926946
Sound pattern,Wheeze/rhonchi,0.04796623177283193,0.8869745003445899
Sound pattern,Wheeze/rhonchi,0.048021050323429446,0.8876636802205375
Sound pattern,Wheeze/rhonchi,0.04873369148119724,0.8890420399724328
Sound pattern,Wheeze/rhonchi,0.04922705843657494,0.8897312198483804
Sound pattern,Wheeze/rhonchi,0.04944633263896502,0.8904203997243281
Sound pattern,Wheeze/rhonchi,0.05004933669553777,0.8917987594762233
Sound pattern,Wheeze/rhonchi,0.05059752220151299,0.892487939352171
Sound pattern,Wheeze/rhonchi,0.05169389321346344,0.8931771192281185
Sound pattern,Wheeze/rhonchi,0.052077623067646094,0.8938662991040661
Sound pattern,Wheeze/rhonchi,0.05213244161824361,0.8952446588559614
Sound pattern,Wheeze/rhonchi,0.0523517158206337,0.8966230186078566
Sound pattern,Wheeze/rhonchi,0.0528450827760114,0.8980013783597519
Sound pattern,Wheeze/rhonchi,0.05317399407959653,0.8986905582356995
Sound pattern,Wheeze/rhonchi,0.0543251836421445,0.8993797381116472
Sound pattern,Wheeze/rhonchi,0.055147461901107336,0.9000689179875948
Sound pattern,Wheeze/rhonchi,0.0553119175528999,0.9007580978635424
Sound pattern,Wheeze/rhonchi,0.055695647407082556,0.9021364576154376
Sound pattern,Wheeze/rhonchi,0.05586010305887512,0.9028256374913852
Sound pattern,Wheeze/rhonchi,0.0592588531959215,0.9035148173673329
Sound pattern,Wheeze/rhonchi,0.05958776449950663,0.9042039972432805
Sound pattern,Wheeze/rhonchi,0.060190768556079376,0.9048931771192281
Sound pattern,Wheeze/rhonchi,0.06172568797281,0.9062715368711234
Sound pattern,Wheeze/rhonchi,0.06183532507400504,0.906960716747071
Sound pattern,Wheeze/rhonchi,0.06287687753535796,0.9076498966230186
Sound pattern,Wheeze/rhonchi,0.06413770419910098,0.9083390764989663
Sound pattern,Wheeze/rhonchi,0.06490516390746628,0.9090282563749138
Sound pattern,Wheeze/rhonchi,0.06506961955925886,0.9104066161268091
Sound pattern,Wheeze/rhonchi,0.0656726236158316,0.9110957960027567
Sound pattern,Wheeze/rhonchi,0.06600153491941672,0.9117849758787043
Sound pattern,Wheeze/rhonchi,0.06802982129152506,0.912474155754652
Sound pattern,Wheeze/rhonchi,0.0686328253480978,0.9131633356305996
Sound pattern,Wheeze/rhonchi,0.06967437780945072,0.9145416953824949
Sound pattern,Wheeze/rhonchi,0.07148338997916895,0.9152308752584425
Sound pattern,Wheeze/rhonchi,0.07252494244052188,0.9166092350103378
Sound pattern,Wheeze/rhonchi,0.0735664949018748,0.9172984148862853
Sound pattern,Wheeze/rhonchi,0.07526586997039798,0.9179875947622329
Sound pattern,Wheeze/rhonchi,0.07641705953294595,0.9186767746381805
Sound pattern,Wheeze/rhonchi,0.07833570880385922,0.9200551343900758
Sound pattern,Wheeze/rhonchi,0.08030917662537003,0.9207443142660234
Sound pattern,Wheeze/rhonchi,0.08063808792895516,0.9214334941419711
Sound pattern,Wheeze/rhonchi,0.08107663633373534,0.9221226740179187
Sound pattern,Wheeze/rhonchi,0.08184409604210065,0.9228118538938663
Sound pattern,Wheeze/rhonchi,0.08239228154807587,0.9241902136457616
Sound pattern,Wheeze/rhonchi,0.08458502357197675,0.9248793935217091
Sound pattern,Wheeze/rhonchi,0.08672294704528012,0.9255685733976567
Sound pattern,Wheeze/rhonchi,0.0881482293608157,0.9262577532736044
Sound pattern,Wheeze/rhonchi,0.08957351167635128,0.926946933149552
Sound pattern,Wheeze/rhonchi,0.09077951978949676,0.9283252929014473
Sound pattern,Wheeze/rhonchi,0.09116324964367942,0.9290144727773949
Sound pattern,Wheeze/rhonchi,0.09138252384606951,0.9297036526533425
Sound pattern,Wheeze/rhonchi,0.09664510470343164,0.9303928325292902
Sound pattern,Wheeze/rhonchi,0.09719329020940687,0.9310820124052378
Sound pattern,Wheeze/rhonchi,0.09774147571538208,0.9317711922811854
Sound pattern,Wheeze/rhonchi,0.09856375397434491,0.9331495520330806
Sound pattern,Wheeze/rhonchi,0.10168841135840369,0.9338387319090282
Sound pattern,Wheeze/rhonchi,0.10514198004604758,0.9345279117849759
Sound pattern,Wheeze/rhonchi,0.10596425830501041,0.9352170916609235
Sound pattern,Wheeze/rhonchi,0.10843109308189891,0.9359062715368711
Sound pattern,Wheeze/rhonchi,0.11188466176954281,0.9372846312887664
Sound pattern,Wheeze/rhonchi,0.11199429887073786,0.937973811164714
Sound pattern,Wheeze/rhonchi,0.11374849248985856,0.9386629910406616
Sound pattern,Wheeze/rhonchi,0.11610569016555203,0.9393521709166093
Sound pattern,Wheeze/rhonchi,0.11966889595439097,0.9400413507925569
Sound pattern,Wheeze/rhonchi,0.12082008551693893,0.9414197105444521
Sound pattern,Wheeze/rhonchi,0.12169718232649929,0.9421088904203997
Sound pattern,Wheeze/rhonchi,0.12191645652888937,0.9427980702963473
Sound pattern,Wheeze/rhonchi,0.12586339217191098,0.943487250172295
Sound pattern,Wheeze/rhonchi,0.12772722289222674,0.9441764300482426
Sound pattern,Wheeze/rhonchi,0.12953623506194495,0.9455547898001379
Sound pattern,Wheeze/rhonchi,0.1298651463655301,0.9462439696760855
Sound pattern,Wheeze/rhonchi,0.1314000657822607,0.9469331495520331
Sound pattern,Wheeze/rhonchi,0.13874575156232868,0.9476223294279807
Sound pattern,Wheeze/rhonchi,0.1388005701129262,0.9483115093039284
Sound pattern,Wheeze/rhonchi,0.14280232430654533,0.9490006891798759
Sound pattern,Wheeze/rhonchi,0.14658480429777437,0.9503790489317712
Sound pattern,Wheeze/rhonchi,0.1501480100866133,0.9510682288077188
Sound pattern,Wheeze/rhonchi,0.15541059094397544,0.9517574086836664
Sound pattern,Wheeze/rhonchi,0.15667141760771844,0.9524465885596141
Sound pattern,Wheeze/rhonchi,0.1575485144172788,0.9531357684355617
Sound pattern,Wheeze/rhonchi,0.16226290976866573,0.954514128187457
Sound pattern,Wheeze/rhonchi,0.1657164784563096,0.9552033080634046
Sound pattern,Wheeze/rhonchi,0.16582611555750465,0.9558924879393522
Sound pattern,Wheeze/rhonchi,0.16648393816467494,0.9565816678152997
Sound pattern,Wheeze/rhonchi,0.16664839381646748,0.9572708476912474
Sound pattern,Wheeze/rhonchi,0.16758030917662536,0.9586492074431426
Sound pattern,Wheeze/rhonchi,0.1688411358403684,0.9593383873190903
Sound pattern,Wheeze/rhonchi,0.1777765595877645,0.9600275671950379
Sound pattern,Wheeze/rhonchi,0.1927968424514856,0.9607167470709855
Sound pattern,Wheeze/rhonchi,0.19498958447538647,0.9614059269469332
Sound pattern,Wheeze/rhonchi,0.19855279026422543,0.9620951068228808
Sound pattern,Wheeze/rhonchi,0.20195154040127178,0.9634734665747761
Sound pattern,Wheeze/rhonchi,0.2029930928626247,0.9641626464507237
Sound pattern,Wheeze/rhonchi,0.21543690384826225,0.9648518263266712
Sound pattern,Wheeze/rhonchi,0.2180133757263458,0.9655410062026188
Sound pattern,Wheeze/rhonchi,0.22749698497971713,0.9662301860785665
Sound pattern,Wheeze/rhonchi,0.23248547308409165,0.9676085458304617
Sound pattern,Wheeze/rhonchi,0.238296239447429,0.9682977257064094
Sound pattern,Wheeze/rhonchi,0.24328472755180353,0.968986905582357
Sound pattern,Wheeze/rhonchi,0.24865694551036072,0.9696760854583046
Sound pattern,Wheeze/rhonchi,0.2533713408617476,0.9703652653342523
Sound pattern,Wheeze/rhonchi,0.25391952636772286,0.972432804962095
Sound pattern,Wheeze/rhonchi,0.2657603332967876,0.9731219848380427
Sound pattern,Wheeze/rhonchi,0.26806271242188356,0.9738111647139903
Sound pattern,Wheeze/rhonchi,0.2731060190768556,0.974500344589938
Sound pattern,Wheeze/rhonchi,0.29941892336366627,0.9751895244658856
Sound pattern,Wheeze/rhonchi,0.301173116982787,0.9765678842177808
Sound pattern,Wheeze/rhonchi,0.32216862186163797,0.9772570640937285
Sound pattern,Wheeze/rhonchi,0.3411906589189782,0.9779462439696761
Sound pattern,Wheeze/rhonchi,0.36997039798267733,0.9786354238456237
Sound pattern,Wheeze/rhonchi,0.37325951101852867,0.9793246037215714
Sound pattern,Wheeze/rhonchi,0.3817563863611446,0.980013783597519
Sound pattern,Wheeze/rhonchi,0.3897050761977853,0.9813921433494142
Sound pattern,Wheeze/rhonchi,0.3958447538647078,0.9820813232253618
Sound pattern,Wheeze/rhonchi,0.4096042100646859,0.9827705031013094
Sound pattern,Wheeze/rhonchi,0.41053612542484375,0.983459682977257
Sound pattern,Wheeze/rhonchi,0.4671088696414867,0.9841488628532047
Sound pattern,Wheeze/rhonchi,0.47544128933231006,0.9855272226051
Sound pattern,Wheeze/rhonchi,0.48629536235061943,0.9862164024810476
Sound pattern,Wheeze/rhonchi,0.507455322881263,0.9869055823569952
Sound pattern,Wheeze/rhonchi,0.5309724810876001,0.9875947622329428
Sound pattern,Wheeze/rhonchi,0.5481306874246245,0.9882839421088904
Sound pattern,Wheeze/rhonchi,0.57411468040785,0.9896623018607856
Sound pattern,Wheeze/rhonchi,0.5799802653217849,0.9903514817367333
Sound pattern,Wheeze/rhonchi,0.5867777655958777,0.9910406616126809
Sound pattern,Wheeze/rhonchi,0.6369915579432079,0.9917298414886285
Sound pattern,Wheeze/rhonchi,0.6401162153272667,0.9924190213645762
Sound pattern,Wheeze/rhonchi,0.6620436355662757,0.9931082012405238
Sound pattern,Wheeze/rhonchi,0.7247012388992435,0.994486560992419
Sound pattern,Wheeze/rhonchi,0.7399956145159522,0.9951757408683667
Sound pattern,Wheeze/rhonchi,0.868983664071922,0.9958649207443143
Sound pattern,Wheeze/rhonchi,0.8837298541826554,0.9965541006202618
Sound pattern,Wheeze/rhonchi,0.9290099769762088,0.9972432804962095
Sound pattern,Wheeze/rhonchi,0.9631071154478675,0.9986216402481047
Sound pattern,Wheeze/rhonchi,0.9747834667251398,0.9993108201240524
Sound pattern,Wheeze/rhonchi,1.0,1.0
Disease group,Pneumonia,0.0,0.0
Disease group,Pneumonia,0.0017305644302449414,0.0030375174452015436
Disease group,Pneumonia,0.0033280085197018106,0.0056645595599704454
Disease group,Pneumonia,0.005591054313099041,0.008537886872998933
Disease group,Pneumonia,0.0075878594249201275,0.011247024053854363
Disease group,Pneumonia,0.009717784877529287,0.013874066168623266
Disease group,Pneumonia,0.011714589989350373,0.016336918151219113
Disease group,Pneumonia,0.013312034078807242,0.018471389869468845
Disease group,Pneumonia,0.015042598509052183,0.02060586158771858
Disease group,Pneumonia,0.016640042598509052,0.02512109022247763
Disease group,Pneumonia,0.01823748668796592,0.030210984319842378
Disease group,Pneumonia,0.019568690095846646,0.03456202282242837
Disease group,Pneumonia,0.02156549520766773,0.03677858960676463
Disease group,Pneumonia,0.02356230031948882,0.03940563172153354
Disease group,Pneumonia,0.025958466453674122,0.043264099827600364
Disease group,Pneumonia,0.027289669861554844,0.04638371233888843
Disease group,Pneumonia,0.02875399361022364,0.051227321237993596
Disease group,Pneumonia,0.031017039403620873,0.0564814054675314
Disease group,Pneumonia,0.03514376996805112,0.05935473278055989
Disease group,Pneumonia,0.03953674121405751,0.06419834167966505
Disease group,Pneumonia,0.04086794462193823,0.07109432723093342
Disease group,Pneumonia,0.04472843450479233,0.07429603480830801
Disease group,Pneumonia,0.04579339723109691,0.07930383383958624
Disease group,Pneumonia,0.04725772097976571,0.0832443970117396
Disease group,Pneumonia,0.04885516506922258,0.08611772432476808
Disease group,Pneumonia,0.05058572949946752,0.08784172071258517
Disease group,Pneumonia,0.052050053248136316,0.08981200229866185
Disease group,Pneumonia,0.05338125665601704,0.09449142106559395
Disease group,Pneumonia,0.05484558040468584,0.09793941384122815
Disease group,Pneumonia,0.056309904153354635,0.10196207207946803
Disease group,Pneumonia,0.05843982960596379,0.10541006485510221
Disease group,Pneumonia,0.06083599574014909,0.10811920203595764
Disease group,Pneumonia,0.06190095846645367,0.11230605040637058
Disease group,Pneumonia,0.06296592119275825,0.11517937771939907
Disease group,Pneumonia,0.0656283280085197,0.11821689516460061
Disease group,Pneumonia,0.06695953141640043,0.1210902224776291
Disease group,Pneumonia,0.06815761448349308,0.12675478203759954
Disease group,Pneumonia,0.06962193823216188,0.13053115507757984
Disease group,Pneumonia,0.07148562300319489,0.13356867252278137
Disease group,Pneumonia,0.07281682641107562,0.1374271406288482
Disease group,Pneumonia,0.07441427050053248,0.14062884820622282
Disease group,Pneumonia,0.07534611288604899,0.1438305557835974
Disease group,Pneumonia,0.07641107561235357,0.14949511534356785
Disease group,Pneumonia,0.07760915867944622,0.15269682292094244
Disease group,Pneumonia,0.07907348242811502,0.15729414662178803
Disease group,Pneumonia,0.08040468583599573,0.16197356538872013
Disease group,Pneumonia,0.08173588924387647,0.16640669895739266
Disease group,Pneumonia,0.08293397231096912,0.17125030785649784
Disease group,Pneumonia,0.0849307774227902,0.17551925129299728
Disease group,Pneumonia,0.08772630457933972,0.1789672440686315
Disease group,Pneumonia,0.08892438764643237,0.18241523684426567
Disease group,Pneumonia,0.09012247071352503,0.18668418028076514
Disease group,Pneumonia,0.09198615548455805,0.1898037927920532
Disease group,Pneumonia,0.09438232161874334,0.19472949675724488
Disease group,Pneumonia,0.09624600638977636,0.1979312043346195
Disease group,Pneumonia,0.0979765708200213,0.20047615138330185
Disease group,Pneumonia,0.09917465388711395,0.20573023561283968
Disease group,Pneumonia,0.10197018104366347,0.20934241852064692
Disease group,Pneumonia,0.10410010649627263,0.2125441260980215
Disease group,Pneumonia,0.10729499467518637,0.2159921188736557
Disease group,Pneumonia,0.10862619808306709,0.2209178228388474
Disease group,Pneumonia,0.10982428115015974,0.22453000574665463
Disease group,Pneumonia,0.11621405750798722,0.22773171332402922
Disease group,Pneumonia,0.11940894568690096,0.2297019949101059
Disease group,Pneumonia,0.12167199148029818,0.23273951235530746
Disease group,Pneumonia,0.12366879659211928,0.23479188900747064
Disease group,Pneumonia,0.125,0.23947130777440276
Disease group,Pneumonia,0.1269968051118211,0.24209834988917167
Disease group,Pneumonia,0.12939297124600638,0.24439701173959444
Disease group,Pneumonia,0.13138977635782748,0.24858386011000738
Disease group,Pneumonia,0.13525026624068157,0.25203185288564156
Disease group,Pneumonia,0.13671458998935038,0.2556440357934488
Disease group,Pneumonia,0.14217252396166133,0.257532222313439
Disease group,Pneumonia,0.14416932907348243,0.2613906904195058
Disease group,Pneumonia,0.14696485623003194,0.26336097200558245
Disease group,Pneumonia,0.14882854100106496,0.2669731549133897
Disease group,Pneumonia,0.15069222577209798,0.26910762663163945
Disease group,Pneumonia,0.15242279020234292,0.27313028486987934
Disease group,Pneumonia,0.15375399361022365,0.278055988835071
Disease group,Pneumonia,0.15521831735889244,0.2816681717428782
Disease group,Pneumonia,0.15801384451544195,0.2843773089237337
Disease group,Pneumonia,0.15961128860489882,0.2875790165011083
Disease group,Pneumonia,0.16227369542066028,0.2914374846071751
Disease group,Pneumonia,0.16427050053248135,0.29365405139151135
Disease group,Pneumonia,0.1665335463258786,0.2963631885723668
Disease group,Pneumonia,0.1678647497337593,0.29989327641408753
Disease group,Pneumonia,0.17012779552715654,0.30268450866102947
Disease group,Pneumonia,0.17225772097976572,0.30506526557753877
Disease group,Pneumonia,0.17412140575079874,0.3073639274279616
Disease group,Pneumonia,0.1770500532481363,0.3099909695427305
Disease group,Pneumonia,0.17838125665601703,0.31483457844183566
Disease group,Pneumonia,0.18064430244941426,0.31828257121746983
Disease group,Pneumonia,0.18317358892438765,0.32099170839832525
Disease group,Pneumonia,0.1853035143769968,0.3233724653148346
Disease group,Pneumonia,0.18863152289669863,0.3263278876939496
Disease group,Pneumonia,0.19036208732694357,0.3295295952713242
Disease group,Pneumonia,0.19249201277955272,0.33149987685740084
Disease group,Pneumonia,0.19462193823216187,0.3343732041704294
Disease group,Pneumonia,0.19608626198083068,0.33667186602085214
Disease group,Pneumonia,0.19808306709265175,0.33962728839996714
Disease group,Pneumonia,0.19994675186368477,0.3432394713077744
Disease group,Pneumonia,0.2012779552715655,0.3466053690173221
Disease group,Pneumonia,0.20327476038338657,0.34915031606600444
Disease group,Pneumonia,0.20540468583599575,0.35103850258599456
Disease group,Pneumonia,0.20686900958466453,0.35407602003119615
Disease group,Pneumonia,0.2089989350372737,0.35818077333552256
Disease group,Pneumonia,0.2108626198083067,0.3620392414415894
Disease group,Pneumonia,0.2124600638977636,0.36400952302766604
Disease group,Pneumonia,0.21392438764643237,0.3666365651424349
Disease group,Pneumonia,0.21592119275825347,0.37082341351284787
Disease group,Pneumonia,0.2176517571884984,0.37353255069370334
Disease group,Pneumonia,0.21938232161874335,0.3750102618832608
Disease group,Pneumonia,0.2211128860489883,0.37747311386585664
Disease group,Pneumonia,0.22310969116080936,0.38059272637714475
Disease group,Pneumonia,0.2248402555910543,0.382809293161481
Disease group,Pneumonia,0.2268370607028754,0.3854363352762499
Disease group,Pneumonia,0.22883386581469647,0.38839175765536493
Disease group,Pneumonia,0.23149627263045794,0.39298908135621047
Disease group,Pneumonia,0.23429179978700745,0.394466792545768
Disease group,Pneumonia,0.23828541001064962,0.3976685001231426
Disease group,Pneumonia,0.23988285410010649,0.4006239225022576
Disease group,Pneumonia,0.2422790202342918,0.4028404892865939
Disease group,Pneumonia,0.2441427050053248,0.4069452425909203
Disease group,Pneumonia,0.24534078807241747,0.40916180937525654
Disease group,Pneumonia,0.24640575079872204,0.413430752811756
Disease group,Pneumonia,0.2494675186368477,0.41597569986043836
Disease group,Pneumonia,0.2509318423855165,0.41966997783433213
Disease group,Pneumonia,0.2531948881789137,0.42090140382563007
Disease group,Pneumonia,0.25452609158679446,0.4234463508743124
Disease group,Pneumonia,0.2570553780617678,0.42607339298908137
Disease group,Pneumonia,0.2586528221512247,0.42845414990559066
Disease group,Pneumonia,0.2602502662406816,0.4317379525490518
Disease group,Pneumonia,0.26224707135250264,0.43354404400295543
Disease group,Pneumonia,0.2649094781682641,0.43625318118381085
Disease group,Pneumonia,0.26624068157614483,0.4392906986290124
Disease group,Pneumonia,0.2677050053248136,0.4420819308759544
Disease group,Pneumonia,0.26996805111821087,0.4448731631228963
Disease group,Pneumonia,0.27183173588924386,0.44700763484114603
Disease group,Pneumonia,0.2786208732694356,0.44955258188982844
Disease group,Pneumonia,0.28021831735889247,0.45168705360807815
Disease group,Pneumonia,0.28248136315228967,0.4532468598637222
Disease group,Pneumonia,0.28354632587859424,0.4565306625071833
Disease group,Pneumonia,0.2862087326943557,0.4589114194236926
Disease group,Pneumonia,0.28873801916932906,0.4613742714062885
Disease group,Pneumonia,0.2908679446219382,0.46416550365323045
Disease group,Pneumonia,0.2935303514376997,0.46621788030539363
Disease group,Pneumonia,0.29499467518636846,0.4690091125523356
Disease group,Pneumonia,0.2964589989350373,0.47056891880797963
Disease group,Pneumonia,0.29858892438764645,0.4727033905262294
Disease group,Pneumonia,0.3011182108626198,0.47557671783925787
Disease group,Pneumonia,0.3021831735889244,0.4797635662096708
Disease group,Pneumonia,0.30404685835995743,0.4818980379279205
Disease group,Pneumonia,0.3061767838125666,0.4858386011000739
Disease group,Pneumonia,0.3089723109691161,0.4878909777522371
Disease group,Pneumonia,0.31110223642172524,0.49117478039569823
Disease group,Pneumonia,0.3132321618743344,0.4931450619817749
Disease group,Pneumonia,0.31589456869009586,0.49478696330350547
Disease group,Pneumonia,0.31869009584664537,0.4981528610130531
Disease group,Pneumonia,0.32055378061767836,0.49963057220261065
Disease group,Pneumonia,0.323482428115016,0.5015187587226008
Disease group,Pneumonia,0.3254792332268371,0.5042278959034562
Disease group,Pneumonia,0.32760915867944623,0.5066086528199655
Disease group,Pneumonia,0.3320021299254526,0.5084968393399557
Disease group,Pneumonia,0.33426517571884984,0.5103850258599458
Disease group,Pneumonia,0.3359957401490948,0.5131762581068878
Disease group,Pneumonia,0.33785942492012777,0.5158853952877432
Disease group,Pneumonia,0.33945686900958466,0.5191691979312043
Disease group,Pneumonia,0.3421192758253461,0.5214678597816271
Disease group,Pneumonia,0.3443823216187433,0.5235202364337903
Disease group,Pneumonia,0.3459797657082002,0.5263935637468188
Disease group,Pneumonia,0.3478434504792332,0.5281996552007224
Disease group,Pneumonia,0.3498402555910543,0.5300057466546261
Disease group,Pneumonia,0.35170394036208735,0.5318118381085297
Disease group,Pneumonia,0.3538338658146965,0.5346851654215582
Disease group,Pneumonia,0.35596379126730565,0.5367375420737214
Disease group,Pneumonia,0.3572949946751864,0.5408422953780477
Disease group,Pneumonia,0.3588924387646432,0.5430588621623841
Disease group,Pneumonia,0.3604898828541001,0.5457679993432395
Disease group,Pneumonia,0.3628860489882854,0.5482308513258353
Disease group,Pneumonia,0.3647497337593184,0.5498727526475659
Disease group,Pneumonia,0.369542066027689,0.5533207454232001
Disease group,Pneumonia,0.3718051118210863,0.5556194072736228
Disease group,Pneumonia,0.37326943556975506,0.5598062556440357
Disease group,Pneumonia,0.3765974440894569,0.5614481569657663
Disease group,Pneumonia,0.3788604898828541,0.563418438551843
Disease group,Pneumonia,0.38232161874334397,0.5656350053361793
Disease group,Pneumonia,0.3848509052183174,0.5676873819883425
Disease group,Pneumonia,0.38777955271565495,0.5687546178474674
Disease group,Pneumonia,0.3911075612353568,0.5707248994335441
Disease group,Pneumonia,0.3961661341853035,0.5727772760857073
Disease group,Pneumonia,0.39763045793397234,0.5746654626056974
Disease group,Pneumonia,0.4013578274760383,0.5762252688613414
Disease group,Pneumonia,0.40308839190628326,0.5783597405795912
Disease group,Pneumonia,0.4048189563365282,0.5811509728265332
Disease group,Pneumonia,0.40748136315228967,0.5826286840160906
Disease group,Pneumonia,0.40907880724174656,0.5850094409326
Disease group,Pneumonia,0.4120074547390841,0.5868976274525901
Disease group,Pneumonia,0.41373801916932906,0.5900172399638782
Disease group,Pneumonia,0.41613418530351437,0.5920696166160414
Disease group,Pneumonia,0.41813099041533547,0.5942040883342911
Disease group,Pneumonia,0.4205271565495208,0.59683113044906
Disease group,Pneumonia,0.42318956336528224,0.5987193169690501
Disease group,Pneumonia,0.4257188498402556,0.6006895985551268
Disease group,Pneumonia,0.4273162939297125,0.6029061653394631
Disease group,Pneumonia,0.4295793397231097,0.6051227321237994
Disease group,Pneumonia,0.4335729499467519,0.6063541581150973
Disease group,Pneumonia,0.43769968051118213,0.6085707248994335
Disease group,Pneumonia,0.4394302449414271,0.6108693867498564
Disease group,Pneumonia,0.44089456869009586,0.6131680486002791
Disease group,Pneumonia,0.44329073482428116,0.6152204252524424
Disease group,Pneumonia,0.4468849840255591,0.6174369920367786
Disease group,Pneumonia,0.4496805111821086,0.6186684180280765
Disease group,Pneumonia,0.45460596379126733,0.6203924144158937
Disease group,Pneumonia,0.4583333333333333,0.6228552663984894
Disease group,Pneumonia,0.4607294994675186,0.6252360233149987
Disease group,Pneumonia,0.4645899893503727,0.6279451604958542
Disease group,Pneumonia,0.4657880724174654,0.6296691568836713
Disease group,Pneumonia,0.4680511182108626,0.6331171496593054
Disease group,Pneumonia,0.47031416400425985,0.6345127657827765
Disease group,Pneumonia,0.4736421725239617,0.636154667104507
Disease group,Pneumonia,0.4763045793397231,0.6387817092192759
Disease group,Pneumonia,0.47856762513312034,0.6408340858714391
Disease group,Pneumonia,0.4810969116080937,0.6428864625236024
Disease group,Pneumonia,0.4840255591054313,0.6445283638453329
Disease group,Pneumonia,0.4865548455804047,0.6457597898366308
Disease group,Pneumonia,0.4898828541001065,0.6492898776783516
Disease group,Pneumonia,0.49440894568690097,0.6507675888679091
Disease group,Pneumonia,0.4961395101171459,0.6526557753878992
Disease group,Pneumonia,0.5002662406815761,0.654954437238322
Disease group,Pneumonia,0.5050585729499467,0.656350053361793
Disease group,Pneumonia,0.5074547390841321,0.6585666201461292
Disease group,Pneumonia,0.5095846645367412,0.6603727116000329
Disease group,Pneumonia,0.5118477103301384,0.662425088252196
Disease group,Pneumonia,0.5155750798722045,0.6643953698382727
Disease group,Pneumonia,0.5181043663471778,0.6664477464904359
Disease group,Pneumonia,0.5201011714589989,0.6688285034069452
Disease group,Pneumonia,0.5224973375931843,0.6721123060504064
Disease group,Pneumonia,0.5248935037273695,0.6745751580330022
Disease group,Pneumonia,0.5267571884984026,0.6765454396190789
Disease group,Pneumonia,0.5284877529286475,0.6785157212051556
Disease group,Pneumonia,0.5307507987220448,0.6805680978573188
Disease group,Pneumonia,0.5326144834930777,0.6830309498399146
Disease group,Pneumonia,0.5346112886048988,0.6846728511616452
Disease group,Pneumonia,0.5371405750798722,0.687299893276414
Disease group,Pneumonia,0.5396698615548455,0.6895985551268369
Disease group,Pneumonia,0.5425985090521832,0.6918151219111731
Disease group,Pneumonia,0.5455271565495208,0.6931286429685576
Disease group,Pneumonia,0.5487220447284346,0.6951810196207208
Disease group,Pneumonia,0.5519169329073482,0.6971513012067975
Disease group,Pneumonia,0.5544462193823216,0.6988752975946145
Disease group,Pneumonia,0.5571086261980831,0.7021591002380757
Disease group,Pneumonia,0.560569755058573,0.7033905262293736
Disease group,Pneumonia,0.5625665601703941,0.7051145226171907
Disease group,Pneumonia,0.5654952076677316,0.7078236597980462
Disease group,Pneumonia,0.5678913738019169,0.7096297512519497
Disease group,Pneumonia,0.5705537806176784,0.7114358427058534
Disease group,Pneumonia,0.5730830670926518,0.7131598390936704
Disease group,Pneumonia,0.5742811501597445,0.7151301206797471
Disease group,Pneumonia,0.5773429179978701,0.7182497331910352
Disease group,Pneumonia,0.5810702875399361,0.7203842049092849
Disease group,Pneumonia,0.582534611288605,0.7232575322223135
Disease group,Pneumonia,0.5846645367412141,0.7249815286101305
Disease group,Pneumonia,0.5877263045793397,0.7269518101962072
Disease group,Pneumonia,0.5894568690095847,0.7303177079057549
Disease group,Pneumonia,0.5929179978700746,0.7319596092274854
Disease group,Pneumonia,0.5963791267305645,0.7353255069370331
Disease group,Pneumonia,0.5989084132055378,0.7373778835891963
Disease group,Pneumonia,0.6018370607028753,0.7400049257039651
Disease group,Pneumonia,0.6043663471778488,0.7417289220917823
Disease group,Pneumonia,0.6060969116080938,0.7444380592726377
Disease group,Pneumonia,0.6099574014909478,0.7485428125769641
Disease group,Pneumonia,0.6135516506922257,0.7501026188326082
Disease group,Pneumonia,0.6164802981895634,0.752565470815204
Disease group,Pneumonia,0.619408945686901,0.7546178474673673
Disease group,Pneumonia,0.6220713525026624,0.7567523191856169
Disease group,Pneumonia,0.6253993610223643,0.7585584106395206
Disease group,Pneumonia,0.6292598509052183,0.7594614563664723
Disease group,Pneumonia,0.6320553780617678,0.7643871603316641
Disease group,Pneumonia,0.6344515441959532,0.7663574419177407
Disease group,Pneumonia,0.6393769968051118,0.7679172481733848
Disease group,Pneumonia,0.6413738019169329,0.7695591494951154
Disease group,Pneumonia,0.6457667731629393,0.7705442902881536
Disease group,Pneumonia,0.6493610223642172,0.7724324768081439
Disease group,Pneumonia,0.6513578274760383,0.7750595189229127
Disease group,Pneumonia,0.6552183173588925,0.7776044659715952
Disease group,Pneumonia,0.6604100106496272,0.7817092192759215
Disease group,Pneumonia,0.6642705005324814,0.7858139725802479
Disease group,Pneumonia,0.6665335463258786,0.7874558739019785
Disease group,Pneumonia,0.6693290734824281,0.790657581479353
Disease group,Pneumonia,0.6722577209797657,0.7928741482636894
Disease group,Pneumonia,0.6749201277955271,0.7943518594532468
Disease group,Pneumonia,0.6793130990415336,0.7977177571627945
Disease group,Pneumonia,0.6822417465388712,0.799195468352352
Disease group,Pneumonia,0.6850372736954207,0.8018225104671209
Disease group,Pneumonia,0.6873003194888179,0.803546506854938
Disease group,Pneumonia,0.6896964856230032,0.8051884081766686
Disease group,Pneumonia,0.69475505857295,0.8064198341679665
Disease group,Pneumonia,0.6974174653887114,0.8080617354896971
Disease group,Pneumonia,0.6992811501597445,0.8100320170757738
Disease group,Pneumonia,0.7016773162939297,0.8110992529348986
Disease group,Pneumonia,0.7039403620873269,0.813808390115754
Disease group,Pneumonia,0.7072683706070287,0.8178310483539939
Disease group,Pneumonia,0.7101970181043663,0.8198013299400706
Disease group,Pneumonia,0.7127263045793397,0.8250554141696084
Disease group,Pneumonia,0.7153887113951012,0.8269436006895986
Disease group,Pneumonia,0.7184504792332268,0.8288317872095887
Disease group,Pneumonia,0.722310969116081,0.8303915934652327
Disease group,Pneumonia,0.7253727369542066,0.8331007306460881
Disease group,Pneumonia,0.7276357827476039,0.8348247270339053
Disease group,Pneumonia,0.7298988285410011,0.8365487234217224
Disease group,Pneumonia,0.7318956336528222,0.8382727198095394
Disease group,Pneumonia,0.7337593184238551,0.8404071915277892
Disease group,Pneumonia,0.7376198083067093,0.8421311879156063
Disease group,Pneumonia,0.7402822151224707,0.8453328954929809
Disease group,Pneumonia,0.7429446219382322,0.8473031770790576
Disease group,Pneumonia,0.7457401490947817,0.8485346030703554
Disease group,Pneumonia,0.7476038338658147,0.8509153599868647
Disease group,Pneumonia,0.7513312034078807,0.8524751662425089
Disease group,Pneumonia,0.7541267305644302,0.8540349724981529
Disease group,Pneumonia,0.755457933972311,0.8562515392824891
Disease group,Pneumonia,0.7574547390841321,0.8579755356703063
Disease group,Pneumonia,0.760915867944622,0.860438387652902
Disease group,Pneumonia,0.7631789137380192,0.8619160988424596
Disease group,Pneumonia,0.7671725239616614,0.8639684754946227
Disease group,Pneumonia,0.7708998935037273,0.8661029472128725
Disease group,Pneumonia,0.7779552715654952,0.8681553238650357
Disease group,Pneumonia,0.7811501597444089,0.8700435103850258
Disease group,Pneumonia,0.7847444089456869,0.871931696905016
Disease group,Pneumonia,0.7874068157614483,0.8742303587554388
Disease group,Pneumonia,0.7899361022364217,0.8753796896806502
Disease group,Pneumonia,0.7927316293929713,0.8770215910023808
Disease group,Pneumonia,0.7965921192758253,0.8783351120597652
Disease group,Pneumonia,0.7992545260915868,0.8803053936458419
Disease group,Pneumonia,0.8019169329073482,0.8812905344388802
Disease group,Pneumonia,0.805111821086262,0.8831787209588704
Disease group,Pneumonia,0.8075079872204473,0.8850669074788605
Disease group,Pneumonia,0.8113684771033014,0.8869550939988506
Disease group,Pneumonia,0.8184238551650692,0.8890895657171004
Disease group,Pneumonia,0.8213525026624068,0.890895657171004
Disease group,Pneumonia,0.8264110756123536,0.8930301288892537
Disease group,Pneumonia,0.8288072417465389,0.8953287907396765
Disease group,Pneumonia,0.8334664536741214,0.8964781216648879
Disease group,Pneumonia,0.8354632587859425,0.898202118052705
Disease group,Pneumonia,0.8385250266240681,0.9003365897709548
Disease group,Pneumonia,0.8427848775292864,0.9013217305639931
Disease group,Pneumonia,0.8453141640042598,0.9030457269518102
Disease group,Pneumonia,0.8478434504792333,0.9046055332074542
Disease group,Pneumonia,0.8502396166134185,0.9060011493309252
Disease group,Pneumonia,0.8523695420660277,0.9072325753222231
Disease group,Pneumonia,0.8552981895633652,0.9107626631639438
Disease group,Pneumonia,0.8594249201277955,0.9129792299482801
Disease group,Pneumonia,0.8631522896698616,0.9139643707413184
Disease group,Pneumonia,0.8655484558040468,0.9155241769969625
Disease group,Pneumonia,0.8682108626198083,0.9177407437812988
Disease group,Pneumonia,0.871272630457934,0.9190542648386832
Disease group,Pneumonia,0.8756656017039404,0.9201215006978081
Disease group,Pneumonia,0.8793929712460063,0.9211887365569329
Disease group,Pneumonia,0.8815228966986155,0.9237336836056153
Disease group,Pneumonia,0.8852502662406816,0.9250472046629997
Disease group,Pneumonia,0.8884451544195953,0.9268532961169034
Disease group,Pneumonia,0.8919062832800851,0.9301370987603645
Disease group,Pneumonia,0.8937699680511182,0.9315327148838355
Disease group,Pneumonia,0.8960330138445154,0.9325999507429603
Disease group,Pneumonia,0.8985623003194888,0.9343239471307775
Disease group,Pneumonia,0.9014909478168264,0.9354732780559888
Disease group,Pneumonia,0.904419595314164,0.937361464575979
Disease group,Pneumonia,0.9084132055378061,0.9391675560298826
Disease group,Pneumonia,0.9114749733759319,0.9406452672194401
Disease group,Pneumonia,0.9149361022364217,0.9422050734750842
Disease group,Pneumonia,0.9181309904153354,0.9436827846646416
Disease group,Pneumonia,0.9207933972310969,0.9450784007881127
Disease group,Pneumonia,0.9238551650692226,0.9462277317133241
Disease group,Pneumonia,0.9281150159744409,0.9481980132994007
Disease group,Pneumonia,0.9303780617678381,0.9499220096872178
Disease group,Pneumonia,0.9343716719914803,0.9536983827271981
Disease group,Pneumonia,0.9361022364217252,0.956325424841967
Disease group,Pneumonia,0.9386315228966986,0.9581315162958706
Disease group,Pneumonia,0.941027689030884,0.9598555126836877
Disease group,Pneumonia,0.9432907348242812,0.9615795090715048
Disease group,Pneumonia,0.9458200212992546,0.9641244561201872
Disease group,Pneumonia,0.9502129925452609,0.964863311714966
Disease group,Pneumonia,0.9531416400425985,0.9660126426401773
Disease group,Pneumonia,0.9554046858359957,0.9680650192923406
Disease group,Pneumonia,0.9585995740149095,0.9698711107462441
Disease group,Pneumonia,0.9619275825346113,0.9719234873984074
Disease group,Pneumonia,0.9656549520766773,0.9729907232575322
Disease group,Pneumonia,0.9676517571884984,0.9750430999096954
Disease group,Pneumonia,0.9697816826411075,0.9772596666940316
Disease group,Pneumonia,0.9716453674121406,0.9793941384122814
Disease group,Pneumonia,0.9732428115015974,0.9816928002627042
Disease group,Pneumonia,0.9749733759318424,0.9845661275757327
Disease group,Pneumonia,0.978035143769968,0.9870289795583286
Disease group,Pneumonia,0.9800319488817891,0.9884245956817995
Disease group,Pneumonia,0.9826943556975506,0.9898202118052705
Disease group,Pneumonia,0.9853567625133121,0.9910516377965685
Disease group,Pneumonia,0.9873535676251332,0.9927756341843855
Disease group,Pneumonia,0.9898828541001065,0.9948280108365487
Disease group,Pneumonia,0.9932108626198083,0.9970445776208849
Disease group,Pneumonia,0.9954739084132055,0.9989327641408752
Disease group,Pneumonia,1.0,1.0
Disease group,Bronchial disease,0.0,0.0
Disease group,Bronchial disease,0.0016111361732293614,0.0031130268199233715
Disease group,Bronchial disease,0.0037378359218921183,0.005028735632183908
Disease group,Bronchial disease,0.005091190307404782,0.008620689655172414
Disease group,Bronchial disease,0.005800090223625701,0.011973180076628353
Disease group,Bronchial disease,0.006960108268350841,0.01460727969348659
Disease group,Bronchial disease,0.00837790810079268,0.017720306513409962
Disease group,Bronchial disease,0.012373525810401496,0.020354406130268198
Disease group,Bronchial disease,0.014435780112135078,0.023227969348659006
Disease group,Bronchial disease,0.017851388799381324,0.024664750957854406
Disease group,Bronchial disease,0.01939807952568151,0.027777777777777776
Disease group,Bronchial disease,0.02126699748662757,0.031130268199233715
Disease group,Bronchial disease,0.023135915447573627,0.03328544061302682
Disease group,Bronchial disease,0.024167042598440422,0.03639846743295019
Disease group,Bronchial disease,0.02564928787781143,0.039511494252873564
Disease group,Bronchial disease,0.026873751369465747,0.04549808429118774
Disease group,Bronchial disease,0.028420442095765934,0.04765325670498084
Disease group,Bronchial disease,0.029451569246632725,0.05124521072796935
Disease group,Bronchial disease,0.030869369079074564,0.05507662835249042
Disease group,Bronchial disease,0.032609396146162276,0.06513409961685823
Disease group,Bronchial disease,0.03634723206805439,0.06896551724137931
Disease group,Bronchial disease,0.03847393181671715,0.07183908045977011
Disease group,Bronchial disease,0.039762840755300635,0.07519157088122605
Disease group,Bronchial disease,0.04208287684475092,0.07854406130268199
Disease group,Bronchial disease,0.044080685699555325,0.0806992337164751
Disease group,Bronchial disease,0.045691821872784685,0.08309386973180076
Disease group,Bronchial disease,0.0471740671521557,0.08548850574712644
Disease group,Bronchial disease,0.04859186698459754,0.09075670498084291
Disease group,Bronchial disease,0.05013855771089772,0.09698275862068965
Disease group,Bronchial disease,0.051169684861764514,0.1003352490421456
Disease group,Bronchial disease,0.05245859380034801,0.10225095785440613
Disease group,Bronchial disease,0.05381194818586067,0.10512452107279693
Disease group,Bronchial disease,0.05580975704066508,0.10751915708812261
Disease group,Bronchial disease,0.05832312947090288,0.1111111111111111
Disease group,Bronchial disease,0.060256492878778115,0.11446360153256704
Disease group,Bronchial disease,0.06276986530901592,0.11566091954022989
Disease group,Bronchial disease,0.06631436489012052,0.11901340996168583
Disease group,Bronchial disease,0.06908551910807502,0.11973180076628352
Disease group,Bronchial disease,0.0711477734098086,0.1206896551724138
Disease group,Bronchial disease,0.07295224592382549,0.125
Disease group,Bronchial disease,0.07462782754398402,0.1271551724137931
Disease group,Bronchial disease,0.0769478636334343,0.12907088122605365
Disease group,Bronchial disease,0.07926789972288457,0.1307471264367816
Disease group,Bronchial disease,0.08068569955532641,0.1352969348659004
Disease group,Bronchial disease,0.08307018109170587,0.13697318007662834
Disease group,Bronchial disease,0.08532577173422698,0.13984674329501914
Disease group,Bronchial disease,0.08816137139911065,0.14152298850574713
Disease group,Bronchial disease,0.08990139846619837,0.1439176245210728
Disease group,Bronchial disease,0.09338145260037378,0.1453544061302682
Disease group,Bronchial disease,0.09557259779596572,0.14774904214559387
Disease group,Bronchial disease,0.09795707933234517,0.14942528735632185
Disease group,Bronchial disease,0.10021266997486628,0.15229885057471265
Disease group,Bronchial disease,0.10246826061738738,0.15445402298850575
Disease group,Bronchial disease,0.10491718760069602,0.15636973180076627
Disease group,Bronchial disease,0.10639943288006702,0.1597222222222222
Disease group,Bronchial disease,0.10994393246117162,0.16235632183908047
Disease group,Bronchial disease,0.11194174131597602,0.16451149425287356
Disease group,Bronchial disease,0.11393955017078043,0.16762452107279693
Disease group,Bronchial disease,0.1150351227685764,0.1707375478927203
Disease group,Bronchial disease,0.11703293162338081,0.17600574712643677
Disease group,Bronchial disease,0.11870851324353934,0.17792145593869732
Disease group,Bronchial disease,0.12051298575755623,0.1817528735632184
Disease group,Bronchial disease,0.12218856737771476,0.18342911877394635
Disease group,Bronchial disease,0.12521750338338597,0.1867816091954023
Disease group,Bronchial disease,0.1263775214281111,0.1896551724137931
Disease group,Bronchial disease,0.12856866662370303,0.1925287356321839
Disease group,Bronchial disease,0.12972868466842818,0.19468390804597702
Disease group,Bronchial disease,0.13075981181929497,0.20162835249042146
Disease group,Bronchial disease,0.13307984790874525,0.203544061302682
Disease group,Bronchial disease,0.1346909840819746,0.20593869731800765
Disease group,Bronchial disease,0.13565766578591223,0.21192528735632185
Disease group,Bronchial disease,0.139266610813946,0.21384099616858238
Disease group,Bronchial disease,0.14049107430560032,0.21743295019157088
Disease group,Bronchial disease,0.14235999226654636,0.2238984674329502
Disease group,Bronchial disease,0.14364890120512985,0.22796934865900384
Disease group,Bronchial disease,0.14519559193143006,0.23371647509578544
Disease group,Bronchial disease,0.14622671908229684,0.23706896551724138
Disease group,Bronchial disease,0.14751562802088033,0.23994252873563218
Disease group,Bronchial disease,0.1490623187471805,0.2464080459770115
Disease group,Bronchial disease,0.15067345492040987,0.2492816091954023
Disease group,Bronchial disease,0.15228459109363923,0.25311302681992337
Disease group,Bronchial disease,0.1546690726300187,0.26101532567049807
Disease group,Bronchial disease,0.15647354514403558,0.26340996168582376
Disease group,Bronchial disease,0.15821357221112328,0.26795977011494254
Disease group,Bronchial disease,0.1601469356189985,0.26987547892720304
Disease group,Bronchial disease,0.1627247534961655,0.2744252873563218
Disease group,Bronchial disease,0.1649803441386866,0.2775383141762452
Disease group,Bronchial disease,0.16717148933427853,0.2801724137931034
Disease group,Bronchial disease,0.16891151640136626,0.2828065134099617
Disease group,Bronchial disease,0.17052265257459562,0.28520114942528735
Disease group,Bronchial disease,0.1727782432171167,0.28759578544061304
Disease group,Bronchial disease,0.17393826126184186,0.2904693486590038
Disease group,Bronchial disease,0.175098279306567,0.29334291187739464
Disease group,Bronchial disease,0.17722497905522974,0.2962164750957854
Disease group,Bronchial disease,0.17793387897145066,0.2986111111111111
Disease group,Bronchial disease,0.18044725140168846,0.3000478927203065
Disease group,Bronchial disease,0.18231616936263453,0.3022030651340996
Disease group,Bronchial disease,0.18373396919507637,0.3043582375478927
Disease group,Bronchial disease,0.18605400528452665,0.30627394636015326
Disease group,Bronchial disease,0.18734291422311014,0.31058429118773945
Disease group,Bronchial disease,0.18908294129019784,0.3125
Disease group,Bronchial disease,0.19088741380421473,0.31441570881226055
Disease group,Bronchial disease,0.19262744087130243,0.31633141762452105
Disease group,Bronchial disease,0.1962363858993362,0.3184865900383142
Disease group,Bronchial disease,0.19765418573177804,0.32112068965517243
Disease group,Bronchial disease,0.2000386672681575,0.32351532567049807
Disease group,Bronchial disease,0.2015853579944577,0.32567049808429116
Disease group,Bronchial disease,0.20326093961461622,0.328544061302682
Disease group,Bronchial disease,0.20474318489398724,0.3309386973180077
Disease group,Bronchial disease,0.20686988464265,0.3321360153256705
Disease group,Bronchial disease,0.20899658439131275,0.3342911877394636
Disease group,Bronchial disease,0.21080105690532963,0.3366858237547893
Disease group,Bronchial disease,0.21299220210092157,0.3388409961685824
Disease group,Bronchial disease,0.21428111103950506,0.3426724137931034
Disease group,Bronchial disease,0.21666559257588452,0.344588122605364
Disease group,Bronchial disease,0.21853451053683057,0.34650383141762453
Disease group,Bronchial disease,0.22111232841399756,0.34913793103448276
Disease group,Bronchial disease,0.2232390281626603,0.35129310344827586
Disease group,Bronchial disease,0.22555906425211059,0.351772030651341
Disease group,Bronchial disease,0.22768576400077334,0.3541666666666667
Disease group,Bronchial disease,0.23026358187794033,0.35560344827586204
Disease group,Bronchial disease,0.23213249983888637,0.358955938697318
Disease group,Bronchial disease,0.23541921763227427,0.35943486590038315
Disease group,Bronchial disease,0.23806148095637042,0.36063218390804597
Disease group,Bronchial disease,0.2401881807050332,0.3632662835249042
Disease group,Bronchial disease,0.24212154411290843,0.3654214559386973
Disease group,Bronchial disease,0.24502158922472128,0.36637931034482757
Disease group,Bronchial disease,0.24708384352645485,0.3680555555555556
Disease group,Bronchial disease,0.2492749887220468,0.3702107279693487
Disease group,Bronchial disease,0.2510150157891345,0.37332375478927204
Disease group,Bronchial disease,0.253399497325514,0.37476053639846746
Disease group,Bronchial disease,0.25520396983953086,0.3783524904214559
Disease group,Bronchial disease,0.2573306695881936,0.38050766283524906
Disease group,Bronchial disease,0.2600373783592189,0.38146551724137934
Disease group,Bronchial disease,0.2626151962363859,0.38553639846743293
Disease group,Bronchial disease,0.2656441322420571,0.38721264367816094
Disease group,Bronchial disease,0.26744860475607396,0.3896072796934866
Disease group,Bronchial disease,0.2697041953985951,0.39176245210727967
Disease group,Bronchial disease,0.27337758587355804,0.3934386973180077
Disease group,Bronchial disease,0.2771798672423793,0.3955938697318008
Disease group,Bronchial disease,0.2798221305664755,0.4027777777777778
Disease group,Bronchial disease,0.2820777212089966,0.4049329501915709
Disease group,Bronchial disease,0.2838821937230135,0.40660919540229884
Disease group,Bronchial disease,0.2871044660694722,0.40876436781609193
Disease group,Bronchial disease,0.28948894760585164,0.41044061302681994
Disease group,Bronchial disease,0.29129342011986853,0.4118773946360153
Disease group,Bronchial disease,0.29284011084616873,0.41451149425287354
Disease group,Bronchial disease,0.29458013791325643,0.4188218390804598
Disease group,Bronchial disease,0.29677128310884837,0.42049808429118773
Disease group,Bronchial disease,0.29870464651672357,0.4221743295019157
Disease group,Bronchial disease,0.3010246826061739,0.4238505747126437
Disease group,Bronchial disease,0.30302249146097826,0.42552681992337166
Disease group,Bronchial disease,0.30489140942192433,0.4274425287356322
Disease group,Bronchial disease,0.3084359090030289,0.42840038314176243
Disease group,Bronchial disease,0.3115292904556293,0.430316091954023
Disease group,Bronchial disease,0.3146226719082297,0.43342911877394635
Disease group,Bronchial disease,0.3175871624669717,0.43462643678160917
Disease group,Bronchial disease,0.31990719855642197,0.43773946360153254
Disease group,Bronchial disease,0.3211961074950055,0.44061302681992337
Disease group,Bronchial disease,0.324353934394535,0.4422892720306513
Disease group,Bronchial disease,0.3274473158471354,0.44588122605363983
Disease group,Bronchial disease,0.33028291551201905,0.4470785440613027
Disease group,Bronchial disease,0.3319584971321776,0.44947318007662834
Disease group,Bronchial disease,0.33440742411548624,0.4556992337164751
Disease group,Bronchial disease,0.3365985693110782,0.45689655172413796
Disease group,Bronchial disease,0.33840304182509506,0.46024904214559387
Disease group,Bronchial disease,0.34098085970226205,0.46120689655172414
Disease group,Bronchial disease,0.3442031320487208,0.46240421455938696
Disease group,Bronchial disease,0.3473609589482503,0.4640804597701149
Disease group,Bronchial disease,0.3500032222723465,0.4650383141762452
Disease group,Bronchial disease,0.35219436746793836,0.4688697318007663
Disease group,Bronchial disease,0.3543855126635303,0.4703065134099617
Disease group,Bronchial disease,0.35799445769156407,0.47126436781609193
Disease group,Bronchial disease,0.3617322936134562,0.4734195402298851
Disease group,Bronchial disease,0.36489012051298575,0.4753352490421456
Disease group,Bronchial disease,0.3669523748147193,0.4774904214559387
Disease group,Bronchial disease,0.368305729200232,0.48084291187739464
Disease group,Bronchial disease,0.37017464716117804,0.483955938697318
Disease group,Bronchial disease,0.3737835921892118,0.48587164750957856
Disease group,Bronchial disease,0.37681252819488303,0.48659003831417624
Disease group,Bronchial disease,0.3806148095637043,0.48898467432950193
Disease group,Bronchial disease,0.3831926274408713,0.4918582375478927
Disease group,Bronchial disease,0.3849970999548882,0.4942528735632184
Disease group,Bronchial disease,0.38693046336276343,0.4976053639846743
Disease group,Bronchial disease,0.38918605400528455,0.4990421455938697
Disease group,Bronchial disease,0.39421279886576016,0.5
Disease group,Bronchial disease,0.3958883804859187,0.501676245210728
Disease group,Bronchial disease,0.3981439711284398,0.5040708812260536
Disease group,Bronchial disease,0.4007862344525359,0.5069444444444444
Disease group,Bronchial disease,0.4048462976090739,0.5081417624521073
Disease group,Bronchial disease,0.40729522459238254,0.5095785440613027
Disease group,Bronchial disease,0.4104530514919121,0.5110153256704981
Disease group,Bronchial disease,0.41393310562608754,0.5131704980842912
Disease group,Bronchial disease,0.41638203260939616,0.5150862068965517
Disease group,Bronchial disease,0.41921763227427983,0.5174808429118773
Disease group,Bronchial disease,0.4217954501514468,0.5186781609195402
Disease group,Bronchial disease,0.42495327705097635,0.5208333333333334
Disease group,Bronchial disease,0.4285622220790101,0.5239463601532567
Disease group,Bronchial disease,0.4321711671070439,0.5258620689655172
Disease group,Bronchial disease,0.43500676677192757,0.5275383141762452
Disease group,Bronchial disease,0.4369401301798028,0.5296934865900383
Disease group,Bronchial disease,0.4400335116324032,0.532088122605364
Disease group,Bronchial disease,0.44261132950957016,0.5335249042145593
Disease group,Bronchial disease,0.44448024747051623,0.5359195402298851
Disease group,Bronchial disease,0.44886253786170005,0.5385536398467433
Disease group,Bronchial disease,0.45144035573886704,0.5407088122605364
Disease group,Bronchial disease,0.45453373719146745,0.5419061302681992
Disease group,Bronchial disease,0.45653154604627183,0.5431034482758621
Disease group,Bronchial disease,0.4594315911580847,0.5450191570881227
Disease group,Bronchial disease,0.4643938905716311,0.5469348659003831
Disease group,Bronchial disease,0.4669072630018689,0.5486111111111112
Disease group,Bronchial disease,0.46987175356061095,0.5500478927203065
Disease group,Bronchial disease,0.47264290777856544,0.5529214559386973
Disease group,Bronchial disease,0.4772185345105368,0.553639846743295
Disease group,Bronchial disease,0.47915189791841206,0.555316091954023
Disease group,Bronchial disease,0.4835986337565251,0.5584291187739464
Disease group,Bronchial disease,0.4874009151253464,0.5601053639846744
Disease group,Bronchial disease,0.49004317844944256,0.5617816091954023
Disease group,Bronchial disease,0.49287877811432623,0.564176245210728
Disease group,Bronchial disease,0.49539215054456404,0.5663314176245211
Disease group,Bronchial disease,0.4983566411033061,0.5680076628352491
Disease group,Bronchial disease,0.5002255590642521,0.5701628352490421
Disease group,Bronchial disease,0.5029322678352774,0.5725574712643678
Disease group,Bronchial disease,0.5055100857124444,0.5737547892720306
Disease group,Bronchial disease,0.5082167944834698,0.5749521072796935
Disease group,Bronchial disease,0.5100857124444158,0.5771072796934866
Disease group,Bronchial disease,0.5125990848746536,0.5797413793103449
Disease group,Bronchial disease,0.5145324482825289,0.5816570881226054
Disease group,Bronchial disease,0.5175613842882001,0.5838122605363985
Disease group,Bronchial disease,0.5198169749307211,0.5869252873563219
Disease group,Bronchial disease,0.5215570019978089,0.5893199233716475
Disease group,Bronchial disease,0.5245214925565509,0.5907567049808429
Disease group,Bronchial disease,0.5266481923052136,0.5950670498084292
Disease group,Bronchial disease,0.5292904556293098,0.5981800766283525
Disease group,Bronchial disease,0.5309015918025392,0.600095785440613
Disease group,Bronchial disease,0.5330282915512019,0.6032088122605364
Disease group,Bronchial disease,0.5367016820261649,0.6063218390804598
Disease group,Bronchial disease,0.5386350454340401,0.6084770114942529
Disease group,Bronchial disease,0.5401817361603403,0.6108716475095786
Disease group,Bronchial disease,0.5432106721660115,0.6132662835249042
Disease group,Bronchial disease,0.5449506992330991,0.6156609195402298
Disease group,Bronchial disease,0.5479796352387704,0.6168582375478927
Disease group,Bronchial disease,0.5503641167751498,0.6182950191570882
Disease group,Bronchial disease,0.5537152800154669,0.6206896551724138
Disease group,Bronchial disease,0.5567442160211381,0.623323754789272
Disease group,Bronchial disease,0.559644261132951,0.6254789272030651
Disease group,Bronchial disease,0.5637043242894889,0.626676245210728
Disease group,Bronchial disease,0.5656376876973642,0.6295498084291188
Disease group,Bronchial disease,0.5679577237868144,0.6319444444444444
Disease group,Bronchial disease,0.571115550686344,0.6333812260536399
Disease group,Bronchial disease,0.5729200232003608,0.6352969348659003
Disease group,Bronchial disease,0.5784623316362699,0.6374521072796935
Disease group,Bronchial disease,0.581426822195012,0.6408045977011494
Disease group,Bronchial disease,0.5850357672230457,0.6420019157088123
Disease group,Bronchial disease,0.5869691306309209,0.6431992337164751
Disease group,Bronchial disease,0.589933621189663,0.6479885057471264
Disease group,Bronchial disease,0.5927047754076175,0.6496647509578544
Disease group,Bronchial disease,0.5959914932010053,0.6561302681992337
Disease group,Bronchial disease,0.5991493201005349,0.6602011494252874
Disease group,Bronchial disease,0.6025649287877811,0.6613984674329502
Disease group,Bronchial disease,0.6062383192627441,0.6637931034482759
Disease group,Bronchial disease,0.6088161371399111,0.6661877394636015
Disease group,Bronchial disease,0.610233936972353,0.6678639846743295
Disease group,Bronchial disease,0.6129406457433783,0.6738505747126436
Disease group,Bronchial disease,0.6157762454082619,0.6757662835249042
Disease group,Bronchial disease,0.6182251723915705,0.6781609195402298
Disease group,Bronchial disease,0.6204163175871624,0.6812739463601533
Disease group,Bronchial disease,0.623187471805117,0.6834291187739464
Disease group,Bronchial disease,0.6264097441515757,0.6851053639846744
Disease group,Bronchial disease,0.6292453438164594,0.6875
Disease group,Bronchial disease,0.6306631436489012,0.6915708812260536
Disease group,Bronchial disease,0.6329187342914223,0.6949233716475096
Disease group,Bronchial disease,0.6359476702970935,0.6958812260536399
Disease group,Bronchial disease,0.6385254881742605,0.6997126436781609
Disease group,Bronchial disease,0.6425855513307985,0.7023467432950191
Disease group,Bronchial disease,0.6465167235934781,0.7042624521072797
Disease group,Bronchial disease,0.6488367596829284,0.7061781609195402
Disease group,Bronchial disease,0.6537990590964748,0.709051724137931
Disease group,Bronchial disease,0.6566346587613585,0.719588122605364
Disease group,Bronchial disease,0.6599858220016755,0.7217432950191571
Disease group,Bronchial disease,0.663465876135851,0.7248563218390804
Disease group,Bronchial disease,0.6668814848230973,0.7286877394636015
Disease group,Bronchial disease,0.6686215118901849,0.7320402298850575
Disease group,Bronchial disease,0.6714571115550686,0.7349137931034483
Disease group,Bronchial disease,0.674163820326094,0.7361111111111112
Disease group,Bronchial disease,0.6766771927563318,0.7404214559386973
Disease group,Bronchial disease,0.679706128762003,0.7416187739463601
Disease group,Bronchial disease,0.6833795192369659,0.7432950191570882
Disease group,Bronchial disease,0.6876973641812206,0.7514367816091954
Disease group,Bronchial disease,0.6898885093768126,0.7533524904214559
Disease group,Bronchial disease,0.6922085454662628,0.7569444444444444
Disease group,Bronchial disease,0.6957530450473675,0.7634099616858238
Disease group,Bronchial disease,0.6989108719468969,0.7662835249042146
Disease group,Bronchial disease,0.7018109170587098,0.7672413793103449
Disease group,Bronchial disease,0.7041309531481601,0.7701149425287356
Disease group,Bronchial disease,0.7056776438744603,0.7737068965517241
Disease group,Bronchial disease,0.7087065798801314,0.7746647509578544
Disease group,Bronchial disease,0.7120577431204486,0.7761015325670498
Disease group,Bronchial disease,0.7142488883160405,0.7782567049808429
Disease group,Bronchial disease,0.7167622607462782,0.7792145593869731
Disease group,Bronchial disease,0.7232712508861249,0.7811302681992337
Disease group,Bronchial disease,0.7279757685119547,0.7878352490421456
Disease group,Bronchial disease,0.7331958497132177,0.7899904214559387
Disease group,Bronchial disease,0.735515885802668,0.7904693486590039
Disease group,Bronchial disease,0.7371270219758974,0.7935823754789272
Disease group,Bronchial disease,0.7407359670039312,0.79477969348659
Disease group,Bronchial disease,0.7427337758587356,0.7962164750957854
Disease group,Bronchial disease,0.7472449571437778,0.7978927203065134
Disease group,Bronchial disease,0.7509183476187408,0.7993295019157088
Disease group,Bronchial disease,0.7535606109428369,0.8005268199233716
Disease group,Bronchial disease,0.7567828832892957,0.8012452107279694
Disease group,Bronchial disease,0.7587162466971709,0.8022030651340997
Disease group,Bronchial disease,0.7627763098537088,0.8043582375478927
Disease group,Bronchial disease,0.7649030096023716,0.8062739463601533
Disease group,Bronchial disease,0.7670297093510343,0.8081896551724138
Disease group,Bronchial disease,0.7687697364181221,0.810823754789272
Disease group,Bronchial disease,0.7712831088483598,0.8144157088122606
Disease group,Bronchial disease,0.7750853902171811,0.8201628352490421
Disease group,Bronchial disease,0.7777920989882064,0.8206417624521073
Disease group,Bronchial disease,0.7802410259715151,0.8220785440613027
Disease group,Bronchial disease,0.7835921892118322,0.8230363984674329
Disease group,Bronchial disease,0.7860411161951408,0.8261494252873564
Disease group,Bronchial disease,0.7891989430946703,0.8271072796934866
Disease group,Bronchial disease,0.7933878971450667,0.8287835249042146
Disease group,Bronchial disease,0.7977701875362506,0.8299808429118773
Disease group,Bronchial disease,0.8006057872011343,0.8311781609195402
Disease group,Bronchial disease,0.8024747051620803,0.8333333333333334
Disease group,Bronchial disease,0.8066636592124766,0.8342911877394636
Disease group,Bronchial disease,0.8099503770058646,0.835727969348659
Disease group,Bronchial disease,0.8129148675646065,0.837404214559387
Disease group,Bronchial disease,0.8159438035702777,0.8395593869731801
Disease group,Bronchial disease,0.8191660759167365,0.8412356321839081
Disease group,Bronchial disease,0.8234839208609912,0.8419540229885057
Disease group,Bronchial disease,0.8261906296320165,0.8436302681992337
Disease group,Bronchial disease,0.8303151382354836,0.8460249042145593
Disease group,Bronchial disease,0.8318618289617838,0.8493773946360154
Disease group,Bronchial disease,0.8362441193529677,0.8510536398467433
Disease group,Bronchial disease,0.8378552555261971,0.8527298850574713
Disease group,Bronchial disease,0.8404975188502932,0.8553639846743295
Disease group,Bronchial disease,0.8413997551073017,0.8587164750957854
Disease group,Bronchial disease,0.844106463878327,0.860632183908046
Disease group,Bronchial disease,0.8467487272024231,0.8627873563218391
Disease group,Bronchial disease,0.8484243088225817,0.8649425287356322
Disease group,Bronchial disease,0.8500354449958111,0.8685344827586207
Disease group,Bronchial disease,0.8533866082361281,0.8704501915708812
Disease group,Bronchial disease,0.8566088805825869,0.8718869731800766
Disease group,Bronchial disease,0.8602822710575497,0.8728448275862069
Disease group,Bronchial disease,0.8620867435715667,0.8747605363984674
Disease group,Bronchial disease,0.8645356705548753,0.8764367816091954
Disease group,Bronchial disease,0.8666623703035381,0.8778735632183908
Disease group,Bronchial disease,0.8689824063929883,0.8795498084291188
Disease group,Bronchial disease,0.8715602242701553,0.8814655172413793
Disease group,Bronchial disease,0.8742024875942515,0.8833812260536399
Disease group,Bronchial disease,0.8768447509183476,0.8862547892720306
Disease group,Bronchial disease,0.8793581233485854,0.8886494252873564
Disease group,Bronchial disease,0.883289295611265,0.8903256704980843
Disease group,Bronchial disease,0.8876715860024489,0.8920019157088123
Disease group,Bronchial disease,0.8919249854997744,0.8941570881226054
Disease group,Bronchial disease,0.8951472578462332,0.8960727969348659
Disease group,Bronchial disease,0.8983050847457628,0.8977490421455939
Disease group,Bronchial disease,0.9011406844106464,0.899904214559387
Disease group,Bronchial disease,0.903589611393955,0.9022988505747126
Disease group,Bronchial disease,0.9070052200812012,0.9058908045977011
Disease group,Bronchial disease,0.9093897016175807,0.9078065134099617
Disease group,Bronchial disease,0.9126764194109687,0.9094827586206896
Disease group,Bronchial disease,0.9148675646065606,0.9123563218390804
Disease group,Bronchial disease,0.9171231552490816,0.9145114942528736
Disease group,Bronchial disease,0.9191854095508152,0.9166666666666666
Disease group,Bronchial disease,0.921312109299478,0.9183429118773946
Disease group,Bronchial disease,0.9224721273442031,0.9212164750957854
Disease group,Bronchial disease,0.9256299542437327,0.9226532567049809
Disease group,Bronchial disease,0.929432235612554,0.9255268199233716
Disease group,Bronchial disease,0.9317522717020043,0.9279214559386973
Disease group,Bronchial disease,0.9329122897467294,0.930316091954023
Disease group,Bronchial disease,0.9345878713668879,0.9329501915708812
Disease group,Bronchial disease,0.936843462009409,0.9353448275862069
Disease group,Bronchial disease,0.9393568344396468,0.9377394636015326
Disease group,Bronchial disease,0.9437391248308307,0.9396551724137931
Disease group,Bronchial disease,0.9497325513952439,0.9408524904214559
Disease group,Bronchial disease,0.9530192691886318,0.9427681992337165
Disease group,Bronchial disease,0.957143777792099,0.9439655172413793
Disease group,Bronchial disease,0.959721595669266,0.9465996168582376
Disease group,Bronchial disease,0.9617194045240703,0.9485153256704981
Disease group,Bronchial disease,0.9633305406972997,0.9506704980842912
Disease group,Bronchial disease,0.9671972675130502,0.9528256704980843
Disease group,Bronchial disease,0.969323967261713,0.9547413793103449
Disease group,Bronchial disease,0.9735129213121093,0.9571360153256705
Disease group,Bronchial disease,0.9760262937423471,0.9600095785440613
Disease group,Bronchial disease,0.9778952117032932,0.962404214559387
Disease group,Bronchial disease,0.9789263388541599,0.9645593869731801
Disease group,Bronchial disease,0.9800863568988851,0.9671934865900383
Disease group,Bronchial disease,0.9816974930721144,0.969588122605364
Disease group,Bronchial disease,0.9834375201392022,0.9717432950191571
Disease group,Bronchial disease,0.9852419926532191,0.9741379310344828
Disease group,Bronchial disease,0.9885931558935361,0.9762931034482759
Disease group,Bronchial disease,0.9928465553908616,0.9786877394636015
Disease group,Bronchial disease,0.9949088096925952,0.9815613026819924
Disease group,Bronchial disease,0.9965199458658246,0.983955938697318
Disease group,Bronchial disease,0.9993555455307083,0.9868295019157088
Disease group,Bronchial disease,1.0,1.0
Disease group,Normal/other,0.0,0.0
Disease group,Normal/other,0.014917160848566363,0.001199040767386091
Disease group,Normal/other,0.019685761447698232,0.002697841726618705
Disease group,Normal/other,0.022987100324020297,0.0044964028776978415
Disease group,Normal/other,0.02604389557987406,0.005695443645083933
Disease group,Normal/other,0.028489331784557072,0.006594724220623501
Disease group,Normal/other,0.032524301522284034,0.00749400479616307
Disease group,Normal/other,0.036009048113957325,0.008093525179856115
Disease group,Normal/other,0.03894357155957694,0.009292565947242206
Disease group,Normal/other,0.04346762853824051,0.010191846522781775
Disease group,Normal/other,0.04786941370666993,0.011091127098321343
Disease group,Normal/other,0.051048480772757844,0.012290167865707434
Disease group,Normal/other,0.0531271015467384,0.016486810551558755
Disease group,Normal/other,0.05679525585376292,0.01738609112709832
Disease group,Normal/other,0.05972977929938253,0.01858513189448441
Disease group,Normal/other,0.061563856452894784,0.020083932853717026
Disease group,Normal/other,0.06376474903710949,0.021882494004796162
Disease group,Normal/other,0.06749403924925108,0.022482014388489208
Disease group,Normal/other,0.07085651403069022,0.023081534772182253
Disease group,Normal/other,0.07324081433025616,0.023681055155875298
Disease group,Normal/other,0.07568625053493917,0.02577937649880096
Disease group,Normal/other,0.0768478327321636,0.02877697841726619
Disease group,Normal/other,0.07923213303172953,0.03117505995203837
Disease group,Normal/other,0.0810662101852418,0.03267386091127098
Disease group,Normal/other,0.08241120009781745,0.03507194244604316
Disease group,Normal/other,0.08504004401785169,0.03627098321342925
Disease group,Normal/other,0.08693525707648102,0.03836930455635491
Disease group,Normal/other,0.09011432414256892,0.03986810551558753
Disease group,Normal/other,0.09176499358072997,0.04136690647482014
Disease group,Normal/other,0.09604450693892523,0.04316546762589928
Disease group,Normal/other,0.09904016628966192,0.046163069544364506
Disease group,Normal/other,0.10497034908601822,0.047062350119904076
Disease group,Normal/other,0.10747692119581831,0.049760191846522785
Disease group,Normal/other,0.11004462921073546,0.05185851318944844
Disease group,Normal/other,0.11157302683866234,0.05455635491606715
Disease group,Normal/other,0.11407959894846244,0.05635491606714628
Disease group,Normal/other,0.11670844286849667,0.05815347721822542
Disease group,Normal/other,0.11866479183224307,0.06205035971223022
Disease group,Normal/other,0.12025432536528703,0.06474820143884892
Disease group,Normal/other,0.1228220333802042,0.06624700239808154
Disease group,Normal/other,0.12575655682582382,0.0764388489208633
Disease group,Normal/other,0.12814085712538975,0.07973621103117506
Disease group,Normal/other,0.1307085651403069,0.08303357314148681
Disease group,Normal/other,0.1322369627682338,0.08483213429256595
Disease group,Normal/other,0.13400990401662896,0.08812949640287769
Disease group,Normal/other,0.13547716573943877,0.09292565947242207
Disease group,Normal/other,0.13743351470318518,0.09442446043165467
Disease group,Normal/other,0.13945099957204865,0.09562350119904077
Disease group,Normal/other,0.1415907562511463,0.09772182254196643
Disease group,Normal/other,0.14391392064559516,0.09892086330935251
Disease group,Normal/other,0.14721525952191722,0.10071942446043165
Disease group,Normal/other,0.14911047258054655,0.10671462829736211
Disease group,Normal/other,0.15033319068288806,0.11031175059952038
Disease group,Normal/other,0.1533899859387418,0.11420863309352518
Disease group,Normal/other,0.1569358684355322,0.11990407673860912
Disease group,Normal/other,0.15864767377881028,0.12140287769784172
Disease group,Normal/other,0.16023720731185426,0.12350119904076738
Disease group,Normal/other,0.16152106131931282,0.1273980815347722
Disease group,Normal/other,0.1628660512318885,0.13099520383693045
Disease group,Normal/other,0.16451672067004952,0.13489208633093525
Disease group,Normal/other,0.1675123800207862,0.1393884892086331
Disease group,Normal/other,0.1694687289845326,0.14178657074340528
Disease group,Normal/other,0.1720364369994498,0.1447841726618705
Disease group,Normal/other,0.17405392186831325,0.14808153477218225
Disease group,Normal/other,0.17906706608791342,0.15167865707434053
Disease group,Normal/other,0.18108455095677692,0.15467625899280577
Disease group,Normal/other,0.183591123066577,0.15707434052757793
Disease group,Normal/other,0.18469156935868436,0.16007194244604317
Disease group,Normal/other,0.18646451060707953,0.1618705035971223
Disease group,Normal/other,0.18842085957082594,0.16486810551558753
Disease group,Normal/other,0.18970471357828453,0.16756594724220625
Disease group,Normal/other,0.1934340037904261,0.17026378896882494
Disease group,Normal/other,0.19740783762303601,0.1720623501199041
Disease group,Normal/other,0.19844714801002628,0.17476019184652278
Disease group,Normal/other,0.20034236106865563,0.17865707434052758
Disease group,Normal/other,0.20199303050681666,0.1804556354916067
Disease group,Normal/other,0.20346029222962647,0.18315347721822542
Disease group,Normal/other,0.2040716512807972,0.18645083932853718
Disease group,Normal/other,0.20566118481384116,0.18944844124700239
Disease group,Normal/other,0.20718958244176805,0.19184652278177458
Disease group,Normal/other,0.20865684416457786,0.19424460431654678
Disease group,Normal/other,0.2100629699822706,0.1975419664268585
Disease group,Normal/other,0.21244727028183652,0.20083932853717026
Disease group,Normal/other,0.2137311242892951,0.20353717026378898
Disease group,Normal/other,0.21525952191722197,0.20623501199040767
Disease group,Normal/other,0.2174604145014367,0.20863309352517986
Disease group,Normal/other,0.21898881212936358,0.2119304556354916
Disease group,Normal/other,0.22094516109311,0.2143285371702638
Disease group,Normal/other,0.22339059729779298,0.21642685851318944
Disease group,Normal/other,0.22626398483829552,0.22002398081534771
Disease group,Normal/other,0.22791465427645657,0.2224220623501199
Disease group,Normal/other,0.23042122638625664,0.22482014388489208
Disease group,Normal/other,0.23158280858348107,0.22841726618705036
Disease group,Normal/other,0.23317234211652504,0.229916067146283
Disease group,Normal/other,0.2342727884086324,0.23231414868105515
Disease group,Normal/other,0.2374518554747203,0.23441247002398083
Disease group,Normal/other,0.23928593262823256,0.236810551558753
Disease group,Normal/other,0.24044751482545698,0.2392086330935252
Disease group,Normal/other,0.24325976646084246,0.24130695443645084
Disease group,Normal/other,0.245338387234823,0.24280575539568344
Disease group,Normal/other,0.24680564895763282,0.24730215827338128
Disease group,Normal/other,0.2483340465855597,0.24940047961630696
Disease group,Normal/other,0.2508406186953598,0.25089928057553956
Disease group,Normal/other,0.25243015222840376,0.2529976019184652
Disease group,Normal/other,0.25346946261539405,0.256294964028777
Disease group,Normal/other,0.2552424038637892,0.2592925659472422
Disease group,Normal/other,0.2571987528275356,0.2622901678657074
Disease group,Normal/other,0.2589105581708137,0.26498800959232616
Disease group,Normal/other,0.2603778198936235,0.270083932853717
Disease group,Normal/other,0.26160053799596505,0.2745803357314149
Disease group,Normal/other,0.26282325609830653,0.27697841726618705
Disease group,Normal/other,0.2646573332518188,0.2790767386091127
Disease group,Normal/other,0.2671639053616189,0.2808752997601918
Disease group,Normal/other,0.26930366204071654,0.28357314148681056
Disease group,Normal/other,0.27132114690958,0.2853717026378897
Disease group,Normal/other,0.2730329522528581,0.2883693045563549
Disease group,Normal/other,0.2750504371217216,0.2919664268585132
Disease group,Normal/other,0.2787185914287461,0.2949640287769784
Disease group,Normal/other,0.2799413095310876,0.2979616306954436
Disease group,Normal/other,0.28153084306413156,0.30065947242206237
Disease group,Normal/other,0.28324264840740965,0.30485611510791366
Disease group,Normal/other,0.2848321819404536,0.3066546762589928
Disease group,Normal/other,0.28617717185302927,0.31654676258992803
Disease group,Normal/other,0.2873387540502537,0.32044364508393286
Disease group,Normal/other,0.2885614721525952,0.3237410071942446
Disease group,Normal/other,0.2905789570214587,0.329136690647482
Disease group,Normal/other,0.29235189826985386,0.33123501199040767
Disease group,Normal/other,0.29418597542336616,0.3351318944844125
Disease group,Normal/other,0.29534755762059056,0.33752997601918466
Disease group,Normal/other,0.2966314116280492,0.3408273381294964
Disease group,Normal/other,0.2987711683071468,0.34292565947242204
Disease group,Normal/other,0.30091092498624444,0.34532374100719426
Disease group,Normal/other,0.30231705080393717,0.34772182254196643
Disease group,Normal/other,0.3043345356728006,0.3501199040767386
Disease group,Normal/other,0.3069022436877178,0.35281774580335734
Disease group,Normal/other,0.3079415540747081,0.35581534772182255
Disease group,Normal/other,0.3087974567463471,0.3591127098321343
Disease group,Normal/other,0.31020358256403985,0.36151079136690645
Disease group,Normal/other,0.3125267469584887,0.3627098321342926
Disease group,Normal/other,0.31362719325059607,0.3660071942446043
Disease group,Normal/other,0.31564467811945957,0.368705035971223
Disease group,Normal/other,0.31729534755762057,0.37170263788968827
Disease group,Normal/other,0.3189460169957816,0.37440047961630696
Disease group,Normal/other,0.32133031729534756,0.3761990407673861
Disease group,Normal/other,0.32377575350003057,0.37949640287769787
Disease group,Normal/other,0.324937335697255,0.3842925659472422
Disease group,Normal/other,0.32603778198936234,0.38639088729016785
Disease group,Normal/other,0.3268936846610014,0.3887889688249401
Disease group,Normal/other,0.3286666259093966,0.3920863309352518
Disease group,Normal/other,0.3301338876322064,0.39568345323741005
Disease group,Normal/other,0.3317845570703674,0.3980815347721823
Disease group,Normal/other,0.3328850033624748,0.4001798561151079
Disease group,Normal/other,0.3348413523262212,0.4043764988009592
Disease group,Normal/other,0.3365531576694993,0.40677458033573144
Disease group,Normal/other,0.3378370116769579,0.40977218225419665
Disease group,Normal/other,0.3405269915021092,0.41276978417266186
Disease group,Normal/other,0.34168857369933364,0.41606714628297364
Disease group,Normal/other,0.3437060585681971,0.4184652278177458
Disease group,Normal/other,0.3457235434370606,0.42176258992805754
Disease group,Normal/other,0.3471908051598704,0.42416067146282976
Disease group,Normal/other,0.3481689796417436,0.42685851318944845
Disease group,Normal/other,0.3496362413645534,0.43315347721822545
Disease group,Normal/other,0.3533043956715779,0.43495203836930457
Disease group,Normal/other,0.3558721036864951,0.43914868105515587
Disease group,Normal/other,0.35740050131442197,0.440947242206235
Disease group,Normal/other,0.35899003484746594,0.44364508393285373
Disease group,Normal/other,0.36057956838050986,0.4460431654676259
Disease group,Normal/other,0.36265818915449044,0.44934052757793763
Disease group,Normal/other,0.36430885859265144,0.4550359712230216
Disease group,Normal/other,0.3659595280308125,0.4565347721822542
Disease group,Normal/other,0.3685883719508467,0.45893285371702636
Disease group,Normal/other,0.3714617594913493,0.4601318944844125
Disease group,Normal/other,0.372867885309042,0.46372901678657075
Disease group,Normal/other,0.37488537017790546,0.4670263788968825
Disease group,Normal/other,0.37690285504676896,0.4694244604316547
Disease group,Normal/other,0.37800330133887633,0.4721223021582734
Disease group,Normal/other,0.37965397077703733,0.47452038369304556
Disease group,Normal/other,0.38161031974078374,0.4766187050359712
Disease group,Normal/other,0.3833221250840619,0.47931654676258995
Disease group,Normal/other,0.3859509690040961,0.4847122302158273
Disease group,Normal/other,0.38827413339854494,0.4877098321342926
Disease group,Normal/other,0.3913309286543987,0.49130695443645084
Disease group,Normal/other,0.39267591856697437,0.4934052757793765
Disease group,Normal/other,0.3950602188665403,0.4958033573141487
Disease group,Normal/other,0.3968331601149355,0.4985011990407674
Disease group,Normal/other,0.3986061013633307,0.5020983213429256
Disease group,Normal/other,0.4008069939475454,0.5047961630695443
Disease group,Normal/other,0.4034969737726967,0.507494004796163
Disease group,Normal/other,0.40539218683132605,0.5098920863309353
Disease group,Normal/other,0.4074708076053066,0.5116906474820144
Disease group,Normal/other,0.4091826129485847,0.5146882494004796
Disease group,Normal/other,0.4107110105765116,0.5170863309352518
Disease group,Normal/other,0.4124228159197897,0.5191846522781774
Disease group,Normal/other,0.41419575716818485,0.52068345323741
Disease group,Normal/other,0.4160909702268142,0.5230815347721822
Disease group,Normal/other,0.4179250473803265,0.5245803357314148
Disease group,Normal/other,0.420003668154307,0.5269784172661871
Disease group,Normal/other,0.42177660940270223,0.5293764988009593
Disease group,Normal/other,0.42330500703062907,0.532074340527578
Disease group,Normal/other,0.4255670355199609,0.5341726618705036
Disease group,Normal/other,0.4282570153451122,0.5410671462829736
Disease group,Normal/other,0.43051904383444395,0.5437649880095923
Disease group,Normal/other,0.43235312098795625,0.5449640287769785
Disease group,Normal/other,0.4347374212875222,0.5479616306954437
Disease group,Normal/other,0.4361435471052149,0.5515587529976019
Disease group,Normal/other,0.43718285749220515,0.5581534772182254
Disease group,Normal/other,0.43803876016384424,0.5611510791366906
Disease group,Normal/other,0.44023965274805893,0.565347721822542
Disease group,Normal/other,0.4433575839090298,0.5686450839328537
Disease group,Normal/other,0.44586415601882984,0.5734412470023981
Disease group,Normal/other,0.4489209512746836,0.5857314148681055
Disease group,Normal/other,0.45087730023843003,0.5875299760191847
Disease group,Normal/other,0.4531393287277618,0.5902278177458034
Disease group,Normal/other,0.4546677263556887,0.5947242206235012
Disease group,Normal/other,0.4571742984654888,0.5971223021582733
Disease group,Normal/other,0.45949746285993764,0.6001199040767387
Disease group,Normal/other,0.46151494772880114,0.6061151079136691
Disease group,Normal/other,0.4632878889771963,0.6088129496402878
Disease group,Normal/other,0.46518310203582564,0.6112110311750599
Disease group,Normal/other,0.46640582013816717,0.6166067146282974
Disease group,Normal/other,0.4685455768172648,0.6178057553956835
Disease group,Normal/other,0.47056306168612827,0.6217026378896883
Disease group,Normal/other,0.47282509017546004,0.6252997601918465
Disease group,Normal/other,0.4749648468545577,0.6279976019184652
Disease group,Normal/other,0.47771596258482607,0.6300959232613909
Disease group,Normal/other,0.47942776792810415,0.6315947242206235
Disease group,Normal/other,0.4830959222351287,0.6354916067146283
Disease group,Normal/other,0.4852356789142263,0.637589928057554
Disease group,Normal/other,0.488231338264963,0.6393884892086331
Disease group,Normal/other,0.4912881335208168,0.6405875299760192
Disease group,Normal/other,0.49281653114874363,0.6429856115107914
Disease group,Normal/other,0.49513969554319254,0.6453836930455635
Disease group,Normal/other,0.497951947178578,0.6489808153477218
Disease group,Normal/other,0.4999082961423244,0.6504796163069544
Disease group,Normal/other,0.5021091887265391,0.6531774580335732
Disease group,Normal/other,0.5042489454056367,0.6564748201438849
Disease group,Normal/other,0.5056550712233294,0.6603717026378897
Disease group,Normal/other,0.5074280124717246,0.6618705035971223
Disease group,Normal/other,0.5097511768661735,0.6660671462829736
Disease group,Normal/other,0.5110961667787491,0.6678657074340527
Disease group,Normal/other,0.5130525157424956,0.670263788968825
Disease group,Normal/other,0.5149477288011249,0.6738609112709832
Disease group,Normal/other,0.5164149905239347,0.6750599520383693
Disease group,Normal/other,0.5187381549183836,0.6789568345323741
Disease group,Normal/other,0.5203276884514275,0.6807553956834532
Disease group,Normal/other,0.5235067555175155,0.6816546762589928
Disease group,Normal/other,0.526380143058018,0.6858513189448441
Disease group,Normal/other,0.528030812496179,0.6882494004796164
Disease group,Normal/other,0.5299871614599254,0.6924460431654677
Disease group,Normal/other,0.532921684905545,0.6942446043165468
Disease group,Normal/other,0.5346334902488231,0.697841726618705
Disease group,Normal/other,0.536223023781867,0.6990407673860911
Disease group,Normal/other,0.5386073240814331,0.7008393285371702
Disease group,Normal/other,0.5406248089502965,0.7023381294964028
Disease group,Normal/other,0.5438038760163845,0.704736211031175
Disease group,Normal/other,0.5464327199364186,0.7062350119904077
Disease group,Normal/other,0.5495506510973895,0.7095323741007195
Disease group,Normal/other,0.5517515436816042,0.7113309352517986
Disease group,Normal/other,0.5541969798862872,0.7131294964028777
Disease group,Normal/other,0.556520144280736,0.7158273381294964
Disease group,Normal/other,0.5587821727700678,0.7194244604316546
Disease group,Normal/other,0.5610442012593997,0.7206235011990407
Disease group,Normal/other,0.5639787247050193,0.7230215827338129
Disease group,Normal/other,0.5648957632817754,0.7257194244604317
Disease group,Normal/other,0.5681971021580975,0.7287170263788969
Disease group,Normal/other,0.5703979947423121,0.729916067146283
Disease group,Normal/other,0.5720486641804732,0.7314148681055156
Disease group,Normal/other,0.575166595341444,0.7332134292565947
Disease group,Normal/other,0.5794461086996393,0.7353117505995204
Disease group,Normal/other,0.5811579140429174,0.7383093525179856
Disease group,Normal/other,0.5828697193861955,0.7410071942446043
Disease group,Normal/other,0.5855596992113469,0.7428057553956835
Disease group,Normal/other,0.5888610380876689,0.7446043165467626
Disease group,Normal/other,0.5924680564895763,0.7455035971223022
Disease group,Normal/other,0.5944244054533228,0.7473021582733813
Disease group,Normal/other,0.597053249373357,0.7520983213429256
Disease group,Normal/other,0.5989484624319863,0.7538968824940048
Disease group,Normal/other,0.601149355016201,0.7547961630695443
Disease group,Normal/other,0.6043284220822889,0.7583932853717026
Disease group,Normal/other,0.6064681787613866,0.7604916067146283
Disease group,Normal/other,0.6081188481995476,0.763189448441247
Disease group,Normal/other,0.611725866601455,0.7649880095923262
Disease group,Normal/other,0.6137433514703186,0.7703836930455635
Disease group,Normal/other,0.6161887876750015,0.7736810551558753
Disease group,Normal/other,0.6183285443540991,0.7757793764988009
Disease group,Normal/other,0.6231582808583481,0.776378896882494
Disease group,Normal/other,0.6254203093476799,0.7784772182254197
Disease group,Normal/other,0.6293330072751727,0.7799760191846523
Disease group,Normal/other,0.631961851195207,0.782673860911271
Disease group,Normal/other,0.6350186464510607,0.7847721822541966
Disease group,Normal/other,0.6382588494222657,0.7865707434052758
Disease group,Normal/other,0.6403374701962462,0.7880695443645084
Disease group,Normal/other,0.643333129546983,0.7907673860911271
Disease group,Normal/other,0.6451060707953781,0.7928657074340527
Disease group,Normal/other,0.6479183224307636,0.7988609112709832
Disease group,Normal/other,0.6500580791098612,0.8006594724220624
Disease group,Normal/other,0.6524423794094272,0.8015587529976019
Disease group,Normal/other,0.6548878156141101,0.8036570743405276
Disease group,Normal/other,0.6573332518187932,0.8054556354916067
Disease group,Normal/other,0.659595280308125,0.8084532374100719
Disease group,Normal/other,0.6619184447025738,0.8117505995203836
Disease group,Normal/other,0.664486152717491,0.8132494004796164
Disease group,Normal/other,0.6667481812068228,0.8150479616306955
Disease group,Normal/other,0.6701717918933789,0.8165467625899281
Disease group,Normal/other,0.6723115485724767,0.8186450839328537
Disease group,Normal/other,0.6752460720180963,0.8201438848920863
Disease group,Normal/other,0.6772635568869597,0.8231414868105515
Disease group,Normal/other,0.6804426239530477,0.829736211031175
Disease group,Normal/other,0.6836828269242526,0.8318345323741008
Disease group,Normal/other,0.6863728067494039,0.8336330935251799
Disease group,Normal/other,0.6887571070489699,0.8366306954436451
Disease group,Normal/other,0.6916916304945895,0.8384292565947242
Disease group,Normal/other,0.6949318334657945,0.842326139088729
Disease group,Normal/other,0.6974384055755946,0.8444244604316546
Disease group,Normal/other,0.7009231521672679,0.8492206235011991
Disease group,Normal/other,0.7048969859998777,0.8510191846522782
Disease group,Normal/other,0.70673106315339,0.8540167865707434
Disease group,Normal/other,0.7100935379348291,0.854916067146283
Disease group,Normal/other,0.712416702329278,0.8570143884892086
Disease group,Normal/other,0.7145564590083756,0.8597122302158273
Disease group,Normal/other,0.7191416518921563,0.8636091127098321
Disease group,Normal/other,0.7204255058996148,0.8690047961630696
Disease group,Normal/other,0.722932078009415,0.8711031175059952
Disease group,Normal/other,0.7249495628782784,0.8729016786570744
Disease group,Normal/other,0.7277006786085468,0.874400479616307
Disease group,Normal/other,0.7306352020541664,0.8761990407673861
Disease group,Normal/other,0.7343033563611909,0.8770983213429256
Disease group,Normal/other,0.7372378798068105,0.8788968824940048
Disease group,Normal/other,0.7420676163110594,0.8806954436450839
Disease group,Normal/other,0.7456746347129669,0.8851918465227818
Disease group,Normal/other,0.7476921195818305,0.886990407673861
Disease group,Normal/other,0.7509323225530354,0.8902877697841727
Disease group,Normal/other,0.7523995842758452,0.8935851318944844
Disease group,Normal/other,0.7536223023781867,0.9001798561151079
Disease group,Normal/other,0.7568625053493917,0.9016786570743405
Disease group,Normal/other,0.7602861160359479,0.9028776978417267
Disease group,Normal/other,0.7626704163355138,0.9046762589928058
Disease group,Normal/other,0.7657883474964847,0.9061750599520384
Disease group,Normal/other,0.7682949196062848,0.9088729016786571
Disease group,Normal/other,0.7714128507672556,0.9121702637889688
Disease group,Normal/other,0.7744085101179923,0.9130695443645084
Disease group,Normal/other,0.7783823439506022,0.914568345323741
Disease group,Normal/other,0.7808277801552852,0.9169664268585132
Disease group,Normal/other,0.7832732163599682,0.9187649880095923
Disease group,Normal/other,0.7865745552362903,0.9205635491606715
Disease group,Normal/other,0.7883474964846855,0.9226618705035972
Disease group,Normal/other,0.7906095249740173,0.9265587529976019
Disease group,Normal/other,0.7936051843247539,0.9286570743405276
Disease group,Normal/other,0.7964174359601394,0.9307553956834532
Disease group,Normal/other,0.7995965030262273,0.9328537170263789
Disease group,Normal/other,0.8030201137127835,0.934652278177458
Disease group,Normal/other,0.8044873754355933,0.9376498800959233
Disease group,Normal/other,0.8079721220272666,0.9388489208633094
Disease group,Normal/other,0.8096227914654276,0.9406474820143885
Disease group,Normal/other,0.8139634407287399,0.9427458033573142
Disease group,Normal/other,0.8206883902916182,0.9448441247002398
Disease group,Normal/other,0.8231338264963013,0.9463429256594724
Disease group,Normal/other,0.8264963012777404,0.9475419664268585
Disease group,Normal/other,0.8288194656721892,0.9484412470023981
Disease group,Normal/other,0.8311426300666381,0.9490407673860911
Disease group,Normal/other,0.8338326098917894,0.9505395683453237
Disease group,Normal/other,0.8386623463960384,0.9514388489208633
Disease group,Normal/other,0.8437366265207557,0.9523381294964028
Disease group,Normal/other,0.8474047808277801,0.9535371702637889
Disease group,Normal/other,0.8488109066454729,0.9568345323741008
Disease group,Normal/other,0.8504004401785168,0.959832134292566
Disease group,Normal/other,0.8537629149599559,0.9616306954436451
Disease group,Normal/other,0.8571865256465122,0.9631294964028777
Disease group,Normal/other,0.862688757107049,0.9643285371702638
Disease group,Normal/other,0.8665403191294248,0.9661270983213429
Disease group,Normal/other,0.8705752888671516,0.966726618705036
Disease group,Normal/other,0.8733264045974201,0.967925659472422
Disease group,Normal/other,0.8774225102402641,0.9685251798561151
Disease group,Normal/other,0.8798679464449471,0.9700239808153477
Disease group,Normal/other,0.8824967903649813,0.9715227817745803
Disease group,Normal/other,0.8855535856208351,0.9730215827338129
Disease group,Normal/other,0.8886103808766889,0.9739208633093526
Disease group,Normal/other,0.891972855658128,0.9748201438848921
Disease group,Normal/other,0.8964357767316745,0.9757194244604317
Disease group,Normal/other,0.9007764259949869,0.9772182254196643
Disease group,Normal/other,0.9055450265941187,0.9790167865707434
Disease group,Normal/other,0.9104358990034848,0.9796163069544365
Disease group,Normal/other,0.9132481506388702,0.980515587529976
Disease group,Normal/other,0.917955615332885,0.9817146282973621
Disease group,Normal/other,0.9215014978296754,0.9829136690647482
Disease group,Normal/other,0.9240080699394755,0.9838129496402878
Disease group,Normal/other,0.9258421470929877,0.9853117505995204
Disease group,Normal/other,0.9302439322614171,0.9853117505995204
Disease group,Normal/other,0.935868435532188,0.9859112709832134
Disease group,Normal/other,0.9396588616494467,0.9862110311750599
Disease group,Normal/other,0.9444274622485785,0.9865107913669064
Disease group,Normal/other,0.9483401601760714,0.9871103117505995
Disease group,Normal/other,0.9517026349575105,0.9883093525179856
Disease group,Normal/other,0.9599559821483157,0.9892086330935251
Disease group,Normal/other,0.9648468545576817,0.9895083932853717
Disease group,Normal/other,0.9690652320107599,0.9922062350119905
Disease group,Normal/other,0.9816592284648774,0.9934052757793765
Disease group,Normal/other,0.9892400806993947,0.9958033573141487
Disease group,Normal/other,0.9946200403496974,0.9976019184652278
Disease group,Normal/other,1.0,1.0
