task,class,recall,precision,prevalence
Screening,Adventitious,1.0,0.16741989539430255,0.16741989539430255
Screening,Adventitious,1.0,0.16783750763591937,0.16741989539430255
Screening,Adventitious,1.0,0.16825720847154887,0.16741989539430255
Screening,Adventitious,1.0,0.16867901360892254,0.16741989539430255
Screening,Adventitious,1.0,0.16910293891367903,0.16741989539430255
Screening,Adventitious,0.9996966939642099,0.16948629608680002,0.16741989539430255
Screening,Adventitious,0.9996966939642099,0.16991442416743993,0.16741989539430255
Screening,Adventitious,0.9996966939642099,0.1703447206573983,0.16741989539430255
Screening,Adventitious,0.9996966939642099,0.17077720207253885,0.16741989539430255
Screening,Adventitious,0.9996966939642099,0.17122077922077922,0.16741989539430255
Screening,Adventitious,0.9996966939642099,0.17165772616009584,0.16741989539430255
Screening,Adventitious,0.9996966939642099,0.1720969089390142,0.16741989539430255
Screening,Adventitious,0.9996966939642099,0.17253834476260274,0.16741989539430255
Screening,Adventitious,0.9996966939642099,0.17299113000577337,0.16741989539430255
Screening,Adventitious,0.9996966939642099,0.17343717112186907,0.16741989539430255
Screening,Adventitious,0.9996966939642099,0.1738855183328937,0.16741989539430255
Screening,Adventitious,0.9996966939642099,0.17433618956944885,0.16741989539430255
Screening,Adventitious,0.9996966939642099,0.17479847263470513,0.16741989539430255
Screening,Adventitious,0.9996966939642099,0.17525389482639442,0.16741989539430255
Screening,Adventitious,0.9996966939642099,0.1757116963428937,0.16741989539430255
Screening,Adventitious,0.9996966939642099,0.1761718958789887,0.16741989539430255
Screening,Adventitious,0.9996966939642099,0.1766439787769977,0.16741989539430255
Screening,Adventitious,0.9996966939642099,0.17710908113917248,0.16741989539430255
Screening,Adventitious,0.9996966939642099,0.17757663918969882,0.16741989539430255
Screening,Adventitious,0.9996966939642099,0.1780466724286949,0.16741989539430255
Screening,Adventitious,0.9993933879284198,0.1784747047990467,0.16741989539430255
Screening,Adventitious,0.9993933879284198,0.178949655134959,0.16741989539430255
Screening,Adventitious,0.9990900818926297,0.1793726856893923,0.16741989539430255
Screening,Adventitious,0.9990900818926297,0.17985257985257985,0.16741989539430255
Screening,Adventitious,0.9990900818926297,0.18034492198193267,0.16741989539430255
Screening,Adventitious,0.9990900818926297,0.1808300395256917,0.16741989539430255
Screening,Adventitious,0.9990900818926297,0.18131777398579843,0.16741989539430255
Screening,Adventitious,0.9990900818926297,0.18180814659454686,0.16741989539430255
Screening,Adventitious,0.9987867758568395,0.18225592207217178,0.16741989539430255
Screening,Adventitious,0.9987867758568395,0.18275154004106775,0.16741989539430255
Screening,Adventitious,0.9984834698210494,0.1831942125765164,0.16741989539430255
Screening,Adventitious,0.9984834698210494,0.18369510629987165,0.16741989539430255
Screening,Adventitious,0.9984834698210494,0.18420905377427116,0.16741989539430255
Screening,Adventitious,0.9984834698210494,0.18471552014364268,0.16741989539430255
Screening,Adventitious,0.9984834698210494,0.18522477915939908,0.16741989539430255
Screening,Adventitious,0.9984834698210494,0.18573685398329948,0.16741989539430255
Screening,Adventitious,0.9984834698210494,0.18626230621251555,0.16741989539430255
Screening,Adventitious,0.9984834698210494,0.18678014184397163,0.16741989539430255
Screening,Adventitious,0.9984834698210494,0.18730086481565772,0.16741989539430255
Screening,Adventitious,0.9984834698210494,0.18782449934386947,0.16741989539430255
Screening,Adventitious,0.9981801637852593,0.18830462894089375,0.16741989539430255
Screening,Adventitious,0.9981801637852593,0.18883406013311912,0.16741989539430255
Screening,Adventitious,0.9981801637852593,0.1893664767823235,0.16741989539430255
Screening,Adventitious,0.9981801637852593,0.18990190421234854,0.16741989539430255
Screening,Adventitious,0.9981801637852593,0.19045138888888888,0.16741989539430255
Screening,Adventitious,0.9981801637852593,0.19099297777261912,0.16741989539430255
Screening,Adventitious,0.9981801637852593,0.19153765568618322,0.16741989539430255
Screening,Adventitious,0.9981801637852593,0.19208544913325162,0.16741989539430255
Screening,Adventitious,0.9981801637852593,0.19264766141778375,0.16741989539430255
Screening,Adventitious,0.9981801637852593,0.19320183163085594,0.16741989539430255
Screening,Adventitious,0.9981801637852593,0.19375919929349425,0.16741989539430255
Screening,Adventitious,0.9975735517136791,0.19432791728212703,0.16741989539430255
Screening,Adventitious,0.9975735517136791,0.19493835941204363,0.16741989539430255
Screening,Adventitious,0.9975735517136791,0.1955293977765888,0.16741989539430255
Screening,Adventitious,0.9975735517136791,0.19611233677180848,0.16741989539430255
Screening,Adventitious,0.997270245677889,0.19662719770362397,0.16741989539430255
Screening,Adventitious,0.997270245677889,0.1972168905950096,0.16741989539430255
Screening,Adventitious,0.997270245677889,0.197810131151486,0.16741989539430255
Screening,Adventitious,0.9969669396420989,0.19833464068062512,0.16741989539430255
Screening,Adventitious,0.9969669396420989,0.19892277898813845,0.16741989539430255
Screening,Adventitious,0.9969669396420989,0.19952652664805148,0.16741989539430255
Screening,Adventitious,0.9969669396420989,0.20012176560121767,0.16741989539430255
Screening,Adventitious,0.9966636336063087,0.20065950170981925,0.16741989539430255
Screening,Adventitious,0.9963603275705186,0.20120046548661727,0.16741989539430255
Screening,Adventitious,0.9963603275705186,0.20181851692572342,0.16741989539430255
Screening,Adventitious,0.9963603275705186,0.20242790239092925,0.16741989539430255
Screening,Adventitious,0.9960570215347285,0.202979170529699,0.16741989539430255
Screening,Adventitious,0.9957537154989384,0.20353378797272165,0.16741989539430255
Screening,Adventitious,0.9957537154989384,0.20416666666666666,0.16741989539430255
Screening,Adventitious,0.9954504094631483,0.20472833884349073,0.16741989539430255
Screening,Adventitious,0.9954504094631483,0.20535602552871982,0.16741989539430255
Screening,Adventitious,0.9954504094631483,0.20598757296177744,0.16741989539430255
Screening,Adventitious,0.9954504094631483,0.20663602593968394,0.16741989539430255
Screening,Adventitious,0.9954504094631483,0.2072754831375521,0.16741989539430255
Screening,Adventitious,0.9954504094631483,0.20791891035793475,0.16741989539430255
Screening,Adventitious,0.9948437973915681,0.20843924758515506,0.16741989539430255
Screening,Adventitious,0.9948437973915681,0.209103659314038,0.16741989539430255
Screening,Adventitious,0.9948437973915681,0.20975890516083648,0.16741989539430255
Screening,Adventitious,0.9948437973915681,0.21041827046445985,0.16741989539430255
Screening,Adventitious,0.9948437973915681,0.21108179419525067,0.16741989539430255
Screening,Adventitious,0.9948437973915681,0.21176318677771322,0.16741989539430255
Screening,Adventitious,0.9948437973915681,0.21243523316062177,0.16741989539430255
Screening,Adventitious,0.9948437973915681,0.2131115587031382,0.16741989539430255
Screening,Adventitious,0.9948437973915681,0.2137922044062052,0.16741989539430255
Screening,Adventitious,0.9945404913557779,0.21442584357834163,0.16741989539430255
Screening,Adventitious,0.9942371853199878,0.2150495309322312,0.16741989539430255
Screening,Adventitious,0.9942371853199878,0.21574305646965908,0.16741989539430255
Screening,Adventitious,0.9942371853199878,0.21644106965995377,0.16741989539430255
Screening,Adventitious,0.9939338792841977,0.21709175223583968,0.16741989539430255
Screening,Adventitious,0.9936305732484076,0.21773228765120298,0.16741989539430255
Screening,Adventitious,0.9933272672126175,0.21839157108562282,0.16741989539430255
Screening,Adventitious,0.9933272672126175,0.21910751321335384,0.16741989539430255
Screening,Adventitious,0.9930239611768275,0.21977579378398335,0.16741989539430255
Screening,Adventitious,0.9930239611768275,0.2205010775862069,0.16741989539430255
Screening,Adventitious,0.9930239611768275,0.22123116426785594,0.16741989539430255
Screening,Adventitious,0.9927206551410374,0.22189830508474576,0.16741989539430255
Screening,Adventitious,0.9924173491052471,0.22258503401360544,0.16741989539430255
Screening,Adventitious,0.9924173491052471,0.2233294655654904,0.16741989539430255
Screening,Adventitious,0.992114043069457,0.22401040953294069,0.16741989539430255
Screening,Adventitious,0.992114043069457,0.22476465333608192,0.16741989539430255
Screening,Adventitious,0.991810737033667,0.22547059229125008,0.16741989539430255
Screening,Adventitious,0.991810737033667,0.22623495226234952,0.16741989539430255
Screening,Adventitious,0.991810737033667,0.22700451232211039,0.16741989539430255
Screening,Adventitious,0.991810737033667,0.22777932571747006,0.16741989539430255
Screening,Adventitious,0.991810737033667,0.22857542289948274,0.16741989539430255
Screening,Adventitious,0.991810737033667,0.2293610156414393,0.16741989539430255
Screening,Adventitious,0.9912041249620868,0.23001126126126126,0.16741989539430255
Screening,Adventitious,0.9909008189262967,0.2307366339430751,0.16741989539430255
Screening,Adventitious,0.9909008189262967,0.231554327025303,0.16741989539430255
Screening,Adventitious,0.9905975128905066,0.23229018492176387,0.16741989539430255
Screening,Adventitious,0.9902942068547164,0.233031189779459,0.16741989539430255
Screening,Adventitious,0.9902942068547164,0.23384901876521988,0.16741989539430255
Screening,Adventitious,0.9902942068547164,0.2346894767107533,0.16741989539430255
Screening,Adventitious,0.9902942068547164,0.23551900742984924,0.16741989539430255
Screening,Adventitious,0.9902942068547164,0.23635442304908064,0.16741989539430255
Screening,Adventitious,0.9902942068547164,0.2371957864148202,0.16741989539430255
Screening,Adventitious,0.9902942068547164,0.23806051768137076,0.16741989539430255
Screening,Adventitious,0.9902942068547164,0.2389140933704083,0.16741989539430255
Screening,Adventitious,0.9899909008189263,0.2397003745318352,0.16741989539430255
Screening,Adventitious,0.9899909008189263,0.24056603773584906,0.16741989539430255
Screening,Adventitious,0.9899909008189263,0.24145583666222814,0.16741989539430255
Screening,Adventitious,0.9893842887473461,0.24218575989308783,0.16741989539430255
Screening,Adventitious,0.9893842887473461,0.24307004470938898,0.16741989539430255
Screening,Adventitious,0.9893842887473461,0.24396081070974496,0.16741989539430255
Screening,Adventitious,0.9887776766757659,0.24472637189400195,0.16741989539430255
Screening,Adventitious,0.9878677585683955,0.2454038577456299,0.16741989539430255
Screening,Adventitious,0.9872611464968153,0.24616199047114876,0.16741989539430255
Screening,Adventitious,0.9872611464968153,0.24707757704569608,0.16741989539430255
Screening,Adventitious,0.9872611464968153,0.24801889667784213,0.16741989539430255
Screening,Adventitious,0.9872611464968153,0.24894837476099427,0.16741989539430255
Screening,Adventitious,0.9869578404610252,0.24980807615538153,0.16741989539430255
Screening,Adventitious,0.9869578404610252,0.2507513292748709,0.16741989539430255
Screening,Adventitious,0.9866545344252351,0.2516243811881188,0.16741989539430255
Screening,Adventitious,0.9866545344252351,0.25260133561111975,0.16741989539430255
Screening,Adventitious,0.986351228389445,0.2534881908176787,0.16741989539430255
Screening,Adventitious,0.9860479223536548,0.2543818466353678,0.16741989539430255
Screening,Adventitious,0.9857446163178647,0.2552823815882492,0.16741989539430255
Screening,Adventitious,0.9857446163178647,0.2562889362037694,0.16741989539430255
Screening,Adventitious,0.9857446163178647,0.2572830905636479,0.16741989539430255
Screening,Adventitious,0.9854413102820746,0.2582055153778908,0.16741989539430255
Screening,Adventitious,0.9851380042462845,0.25913515238551144,0.16741989539430255
Screening,Adventitious,0.9851380042462845,0.2601730214674784,0.16741989539430255
Screening,Adventitious,0.9851380042462845,0.26119823080016086,0.16741989539430255
Screening,Adventitious,0.9851380042462845,0.26223155175197804,0.16741989539430255
Screening,Adventitious,0.9848346982104944,0.263192023992867,0.16741989539430255
Screening,Adventitious,0.9848346982104944,0.2642630422397656,0.16741989539430255
Screening,Adventitious,0.9848346982104944,0.26532113090374243,0.16741989539430255
Screening,Adventitious,0.9848346982104944,0.26638772663877264,0.16741989539430255
Screening,Adventitious,0.9848346982104944,0.2674629324546952,0.16741989539430255
Screening,Adventitious,0.9842280861389142,0.2684036393713813,0.16741989539430255
Screening,Adventitious,0.9842280861389142,0.26949588904576033,0.16741989539430255
Screening,Adventitious,0.9842280861389142,0.27059706470980655,0.16741989539430255
Screening,Adventitious,0.983924780103124,0.27162354517290466,0.16741989539430255
Screening,Adventitious,0.9836214740673339,0.27268140923232154,0.16741989539430255
Screening,Adventitious,0.9833181680315438,0.273725092874029,0.16741989539430255
Screening,Adventitious,0.9833181680315438,0.2748622297583722,0.16741989539430255
Screening,Adventitious,0.9833181680315438,0.276008854077984,0.16741989539430255
Screening,Adventitious,0.9827115559599636,0.2770177838577291,0.16741989539430255
Screening,Adventitious,0.9824082499241735,0.27809736412810165,0.16741989539430255
Screening,Adventitious,0.9824082499241735,0.2792722883255734,0.16741989539430255
Screening,Adventitious,0.9824082499241735,0.2804571824400381,0.16741989539430255
Screening,Adventitious,0.9821049438883834,0.28158970345247414,0.16741989539430255
Screening,Adventitious,0.9821049438883834,0.28279475982532754,0.16741989539430255
Screening,Adventitious,0.9818016378525932,0.2839224629418472,0.16741989539430255
Screening,Adventitious,0.9814983318168031,0.28505990133897113,0.16741989539430255
Screening,Adventitious,0.981195025781013,0.2862325252167758,0.16741989539430255
Screening,Adventitious,0.9805884137094328,0.2873011641340087,0.16741989539430255
Screening,Adventitious,0.9802851076736427,0.2884684041413781,0.16741989539430255
Screening,Adventitious,0.9799818016378526,0.28964589870013446,0.16741989539430255
Screening,Adventitious,0.9793751895662723,0.29076992345790187,0.16741989539430255
Screening,Adventitious,0.9793751895662723,0.2920586107091172,0.16741989539430255
Screening,Adventitious,0.9793751895662723,0.29335877169074226,0.16741989539430255
Screening,Adventitious,0.9790718835304822,0.2945793027924804,0.16741989539430255
Screening,Adventitious,0.9787685774946921,0.2958379171250458,0.16741989539430255
Screening,Adventitious,0.978465271458902,0.2970807625011511,0.16741989539430255
Screening,Adventitious,0.978161965423112,0.29833487511563367,0.16741989539430255
Screening,Adventitious,0.9778586593873219,0.29960040888393275,0.16741989539430255
Screening,Adventitious,0.9772520473157416,0.3008122490897209,0.16741989539430255
Screening,Adventitious,0.9772520473157416,0.30219471018570626,0.16741989539430255
Screening,Adventitious,0.9772520473157416,0.30358993686987656,0.16741989539430255
Screening,Adventitious,0.9772520473157416,0.3049981067777357,0.16741989539430255
Screening,Adventitious,0.9772520473157416,0.30644854479741296,0.16741989539430255
Screening,Adventitious,0.9769487412799515,0.3077878643096034,0.16741989539430255
Screening,Adventitious,0.9769487412799515,0.3092357910906298,0.16741989539430255
Screening,Adventitious,0.9766454352441614,0.3106009453072249,0.16741989539430255
Screening,Adventitious,0.9766454352441614,0.3121062324319085,0.16741989539430255
Screening,Adventitious,0.9763421292083713,0.31349824698091155,0.16741989539430255
Screening,Adventitious,0.9760388231725812,0.31490361092083374,0.16741989539430255
Screening,Adventitious,0.9754322111010009,0.31622418879056047,0.16741989539430255
Screening,Adventitious,0.9751289050652108,0.3176877470355731,0.16741989539430255
Screening,Adventitious,0.9751289050652108,0.31923344255783936,0.16741989539430255
Screening,Adventitious,0.9745222929936306,0.32059469167830773,0.16741989539430255
Screening,Adventitious,0.9742189869578405,0.32206958788729567,0.16741989539430255
Screening,Adventitious,0.9736123748862603,0.32349087977426183,0.16741989539430255
Screening,Adventitious,0.97300576281468,0.3248936601174803,0.16741989539430255
Screening,Adventitious,0.9720958447073097,0.32620865139949107,0.16741989539430255
Screening,Adventitious,0.9717925386715196,0.32774140752864156,0.16741989539430255
Screening,Adventitious,0.9711859265999393,0.3292206456919597,0.16741989539430255
Screening,Adventitious,0.9708826205641492,0.33078433398780616,0.16741989539430255
Screening,Adventitious,0.9705793145283591,0.3323639385126714,0.16741989539430255
Screening,Adventitious,0.970276008492569,0.33395970351811255,0.16741989539430255
Screening,Adventitious,0.9699727024567789,0.33560709413369716,0.16741989539430255
Screening,Adventitious,0.9690627843494085,0.3370253164556962,0.16741989539430255
Screening,Adventitious,0.9690627843494085,0.33877637578199554,0.16741989539430255
Screening,Adventitious,0.9687594783136184,0.3404391387763803,0.16741989539430255
Screening,Adventitious,0.967546254170458,0.3418345477925418,0.16741989539430255
Screening,Adventitious,0.967546254170458,0.3436389098351826,0.16741989539430255
Screening,Adventitious,0.9669396420988777,0.3452458306259476,0.16741989539430255
Screening,Adventitious,0.9669396420988777,0.3470876428960261,0.16741989539430255
Screening,Adventitious,0.9663330300272975,0.34876847290640395,0.16741989539430255
Screening,Adventitious,0.9654231119199272,0.35031917235307064,0.16741989539430255
Screening,Adventitious,0.9639065817409767,0.3516653756777692,0.16741989539430255
Screening,Adventitious,0.9632999696693965,0.35336003560302626,0.16741989539430255
Screening,Adventitious,0.9623900515620261,0.35500111881852764,0.16741989539430255
Screening,Adventitious,0.9617834394904459,0.35673304083698953,0.16741989539430255
Screening,Adventitious,0.9614801334546558,0.3585972850678733,0.16741989539430255
Screening,Adventitious,0.9605702153472854,0.36025480605164373,0.16741989539430255
Screening,Adventitious,0.9602669093114953,0.36220112115318615,0.16741989539430255
Screening,Adventitious,0.959356991204125,0.36389783709157847,0.16741989539430255
Screening,Adventitious,0.959356991204125,0.3659608932083767,0.16741989539430255
Screening,Adventitious,0.9590536851683349,0.3679311147312078,0.16741989539430255
Screening,Adventitious,0.9581437670609645,0.36973314606741575,0.16741989539430255
Screening,Adventitious,0.9578404610251744,0.37174808711006474,0.16741989539430255
Screening,Adventitious,0.9572338489535942,0.37366800852474547,0.16741989539430255
Screening,Adventitious,0.9563239308462238,0.3754912468738835,0.16741989539430255
Screening,Adventitious,0.9548074006672733,0.377141487959746,0.16741989539430255
Screening,Adventitious,0.9538974825599029,0.3790069896360569,0.16741989539430255
Screening,Adventitious,0.9538974825599029,0.38125833434355677,0.16741989539430255
Screening,Adventitious,0.9535941765241128,0.38341463414634147,0.16741989539430255
Screening,Adventitious,0.9529875644525326,0.385521472392638,0.16741989539430255
Screening,Adventitious,0.9523809523809523,0.3876064683372423,0.16741989539430255
Screening,Adventitious,0.9520776463451622,0.3898410332836562,0.16741989539430255
Screening,Adventitious,0.9508644222020018,0.39172810196176433,0.16741989539430255
Screening,Adventitious,0.9508644222020018,0.3941908713692946,0.16741989539430255
Screening,Adventitious,0.9505611161662118,0.3965080971659919,0.16741989539430255
Screening,Adventitious,0.9496511980588414,0.39859961807765754,0.16741989539430255
Screening,Adventitious,0.9493478920230513,0.40097361004355625,0.16741989539430255
Screening,Adventitious,0.9490445859872612,0.40342960288808666,0.16741989539430255
Screening,Adventitious,0.9490445859872612,0.40599455040871935,0.16741989539430255
Screening,Adventitious,0.9487412799514711,0.4084617393575346,0.16741989539430255
Screening,Adventitious,0.9478313618441007,0.4106978577999737,0.16741989539430255
Screening,Adventitious,0.9469214437367304,0.413017594919963,0.16741989539430255
Screening,Adventitious,0.9463148316651502,0.41544607190412786,0.16741989539430255
Screening,Adventitious,0.9457082195935699,0.4179064468569897,0.16741989539430255
Screening,Adventitious,0.9451016075219897,0.42039935240151105,0.16741989539430255
Screening,Adventitious,0.9451016075219897,0.4232545503939147,0.16741989539430255
Screening,Adventitious,0.9429784652714589,0.42513332421714756,0.16741989539430255
Screening,Adventitious,0.9426751592356688,0.42786343612334804,0.16741989539430255
Screening,Adventitious,0.9414619350925083,0.4302148302148302,0.16741989539430255
Screening,Adventitious,0.940552016985138,0.4327983251919051,0.16741989539430255
Screening,Adventitious,0.9399454049135578,0.4354974704890388,0.16741989539430255
Screening,Adventitious,0.9396420988777676,0.4383755483231923,0.16741989539430255
Screening,Adventitious,0.9390354868061874,0.44115132516386435,0.16741989539430255
Screening,Adventitious,0.9384288747346072,0.44402985074626866,0.16741989539430255
Screening,Adventitious,0.9372156505914467,0.44659632894927015,0.16741989539430255
Screening,Adventitious,0.9366090385198665,0.449490538573508,0.16741989539430255
Screening,Adventitious,0.9356991204124963,0.45227972438058933,0.16741989539430255
Screening,Adventitious,0.9347892023051259,0.45517648796337323,0.16741989539430255
Screening,Adventitious,0.9338792841977556,0.4580481999404939,0.16741989539430255
Screening,Adventitious,0.9326660600545951,0.4608122283830361,0.16741989539430255
Screening,Adventitious,0.9314528359114347,0.4636171497584541,0.16741989539430255
Screening,Adventitious,0.9308462238398544,0.4668390629753575,0.16741989539430255
Screening,Adventitious,0.9305429178040643,0.47019157088122604,0.16741989539430255
Screening,Adventitious,0.9299363057324841,0.4734403953057443,0.16741989539430255
Screening,Adventitious,0.9287230815893236,0.4764275711840672,0.16741989539430255
Screening,Adventitious,0.9278131634819533,0.47961743493258074,0.16741989539430255
Screening,Adventitious,0.9265999393387928,0.4827749683944374,0.16741989539430255
Screening,Adventitious,0.9253867151956324,0.4859053989488772,0.16741989539430255
Screening,Adventitious,0.9247801031240521,0.4894060995184591,0.16741989539430255
Screening,Adventitious,0.9235668789808917,0.49263873159682897,0.16741989539430255
Screening,Adventitious,0.9223536548377312,0.49600391453270265,0.16741989539430255
Screening,Adventitious,0.921747042766151,0.4996711608023676,0.16741989539430255
Screening,Adventitious,0.9208371246587808,0.5032322227747389,0.16741989539430255
Screening,Adventitious,0.9193205944798302,0.5065173796791443,0.16741989539430255
Screening,Adventitious,0.9181073703366697,0.5101112234580384,0.16741989539430255
Screening,Adventitious,0.9171974522292994,0.5138487680543755,0.16741989539430255
Screening,Adventitious,0.9153776160145587,0.5171350239890335,0.16741989539430255
Screening,Adventitious,0.9150743099787686,0.5213409365819941,0.16741989539430255
Screening,Adventitious,0.9132544737640279,0.5248387659055256,0.16741989539430255
Screening,Adventitious,0.9114346375492872,0.5283052039381153,0.16741989539430255
Screening,Adventitious,0.910828025477707,0.5325412307146657,0.16741989539430255
Screening,Adventitious,0.9105247194419169,0.5370304114490161,0.16741989539430255
Screening,Adventitious,0.9090081892629663,0.5409747292418773,0.16741989539430255
Screening,Adventitious,0.9074916590840157,0.544891640866873,0.16741989539430255
Screening,Adventitious,0.9059751289050653,0.5488790885703786,0.16741989539430255
Screening,Adventitious,0.9032453745829542,0.5521972927869461,0.16741989539430255
Screening,Adventitious,0.9014255383682135,0.5562418117162643,0.16741989539430255
Screening,Adventitious,0.899909008189263,0.5604457876841707,0.16741989539430255
Screening,Adventitious,0.8971792538671519,0.5639656816015253,0.16741989539430255
Screening,Adventitious,0.8956627236882014,0.5683217859892224,0.16741989539430255
Screening,Adventitious,0.8935395814376706,0.5724834823163623,0.16741989539430255
Screening,Adventitious,0.8926296633303002,0.5773984696880518,0.16741989539430255
Screening,Adventitious,0.8911131331513497,0.5820126782884311,0.16741989539430255
Screening,Adventitious,0.8898999090081893,0.5869173834766953,0.16741989539430255
Screening,Adventitious,0.8877767667576585,0.59143261264902,0.16741989539430255
Screening,Adventitious,0.8847437063997573,0.5953061224489796,0.16741989539430255
Screening,Adventitious,0.8826205641492265,0.5998763141620285,0.16741989539430255
Screening,Adventitious,0.8792841977555353,0.6037067888379841,0.16741989539430255
Screening,Adventitious,0.8759478313618441,0.6077441077441077,0.16741989539430255
Screening,Adventitious,0.8741279951471034,0.6128003402083776,0.16741989539430255
Screening,Adventitious,0.8726114649681529,0.6181779114740008,0.16741989539430255
Screening,Adventitious,0.8704883227176221,0.6232356134636265,0.16741989539430255
Screening,Adventitious,0.8671519563239308,0.627661909989023,0.16741989539430255
Screening,Adventitious,0.8638155899302397,0.632046160674656,0.16741989539430255
Screening,Adventitious,0.8610858356081286,0.6369755440879515,0.16741989539430255
Screening,Adventitious,0.8577494692144374,0.6415607985480943,0.16741989539430255
Screening,Adventitious,0.8553230209281165,0.6470858191831115,0.16741989539430255
Screening,Adventitious,0.851076736427055,0.6511951728939429,0.16741989539430255
Screening,Adventitious,0.8477403700333637,0.6561032863849765,0.16741989539430255
Screening,Adventitious,0.8441006976038823,0.6608881500831156,0.16741989539430255
Screening,Adventitious,0.8392478010312405,0.664984378755107,0.16741989539430255
Screening,Adventitious,0.835304822565969,0.6697470817120622,0.16741989539430255
Screening,Adventitious,0.8316651501364877,0.6748707851341373,0.16741989539430255
Screening,Adventitious,0.8268122535638459,0.6791230692575984,0.16741989539430255
Screening,Adventitious,0.8246891113133151,0.6859233097880928,0.16741989539430255
Screening,Adventitious,0.8210494388838337,0.6914431673052363,0.16741989539430255
Screening,Adventitious,0.8174097664543525,0.6971029487842731,0.16741989539430255
Screening,Adventitious,0.8158932362754019,0.7047419439350275,0.16741989539430255
Screening,Adventitious,0.8104337276311798,0.7093177594903106,0.16741989539430255
Screening,Adventitious,0.8061874431301183,0.7149004841312534,0.16741989539430255
Screening,Adventitious,0.802547770700637,0.7211774325429272,0.16741989539430255
Screening,Adventitious,0.7952684258416742,0.7243093922651934,0.16741989539430255
Screening,Adventitious,0.7904155292690325,0.7299719887955182,0.16741989539430255
Screening,Adventitious,0.7858659387321808,0.7358704913376881,0.16741989539430255
Screening,Adventitious,0.7813163481953291,0.7419354838709677,0.16741989539430255
Screening,Adventitious,0.778586593873218,0.749926964650891,0.16741989539430255
Screening,Adventitious,0.7737336973005763,0.7563000296471983,0.16741989539430255
Screening,Adventitious,0.7673642705489839,0.7611311672683514,0.16741989539430255
Screening,Adventitious,0.7619047619047619,0.7670229007633588,0.16741989539430255
Screening,Adventitious,0.7606915377616015,0.7774333539987601,0.16741989539430255
Screening,Adventitious,0.7564452532605399,0.785264483627204,0.16741989539430255
Screening,Adventitious,0.7512890506521079,0.792133034857691,0.16741989539430255
Screening,Adventitious,0.7452229299363057,0.7982456140350878,0.16741989539430255
Screening,Adventitious,0.7397634212920837,0.8052162429844834,0.16741989539430255
Screening,Adventitious,0.7327873824689112,0.8110104061765693,0.16741989539430255
Screening,Adventitious,0.7282377919320594,0.8194539249146757,0.16741989539430255
Screening,Adventitious,0.7221716712162572,0.826449149600833,0.16741989539430255
Screening,Adventitious,0.7136791022141341,0.830861581920904,0.16741989539430255
Screening,Adventitious,0.705186533212011,0.8357296908698778,0.16741989539430255
Screening,Adventitious,0.6969972702456779,0.8408342480790341,0.16741989539430255
Screening,Adventitious,0.6888080072793449,0.8461251862891207,0.16741989539430255
Screening,Adventitious,0.6815286624203821,0.8527514231499052,0.16741989539430255
Screening,Adventitious,0.6739460115256294,0.8595744680851064,0.16741989539430255
Screening,Adventitious,0.6651501364877161,0.8647476340694006,0.16741989539430255
Screening,Adventitious,0.6548377312708523,0.8681141938078005,0.16741989539430255
Screening,Adventitious,0.6451319381255687,0.872436423297785,0.16741989539430255
Screening,Adventitious,0.6369426751592356,0.8793969849246231,0.16741989539430255
Screening,Adventitious,0.6260236578707916,0.8824283882000855,0.16741989539430255
Screening,Adventitious,0.6169244767970883,0.8882096069868995,0.16741989539430255
Screening,Adventitious,0.6069153776160146,0.892904953145917,0.16741989539430255
Screening,Adventitious,0.5972095844707309,0.8986764034687358,0.16741989539430255
Screening,Adventitious,0.5850773430391265,0.9005602240896359,0.16741989539430255
Screening,Adventitious,0.5750682438580528,0.9058767319636885,0.16741989539430255
Screening,Adventitious,0.564755838641189,0.910958904109589,0.16741989539430255
Screening,Adventitious,0.5532302092811647,0.9147442326980942,0.16741989539430255
Screening,Adventitious,0.5417045799211404,0.9182519280205655,0.16741989539430255
Screening,Adventitious,0.5310888686684865,0.9235232067510548,0.16741989539430255
Screening,Adventitious,0.5207764634516227,0.9296155928532756,0.16741989539430255
Screening,Adventitious,0.5092508340915984,0.9343350027824151,0.16741989539430255
Screening,Adventitious,0.49772520473157417,0.9387871853546911,0.16741989539430255
Screening,Adventitious,0.48559296329996965,0.9423190111830488,0.16741989539430255
Screening,Adventitious,0.47255080376099484,0.9442424242424242,0.16741989539430255
Screening,Adventitious,0.45950864422202004,0.946875,0.16741989539430255
Screening,Adventitious,0.4467697907188353,0.9497098646034816,0.16741989539430255
Screening,Adventitious,0.43342432514407037,0.9513981358189081,0.16741989539430255
Screening,Adventitious,0.4200788595693054,0.9532002752924983,0.16741989539430255
Screening,Adventitious,0.40764331210191085,0.9579472558802566,0.16741989539430255
Screening,Adventitious,0.3942978465271459,0.9601181683899557,0.16741989539430255
Screening,Adventitious,0.38064907491659083,0.9616858237547893,0.16741989539430255
Screening,Adventitious,0.3663936912344556,0.9617834394904459,0.16741989539430255
Screening,Adventitious,0.35304822565969063,0.9651741293532339,0.16741989539430255
Screening,Adventitious,0.33970276008492567,0.9680207433016422,0.16741989539430255
Screening,Adventitious,0.3260539884743706,0.970216606498195,0.16741989539430255
Screening,Adventitious,0.31179860479223537,0.9707271010387157,0.16741989539430255
Screening,Adventitious,0.29723991507430997,0.9712586719524281,0.16741989539430255
Screening,Adventitious,0.28268122535638457,0.9708333333333333,0.16741989539430255
Screening,Adventitious,0.2684258416742493,0.9714599341383096,0.16741989539430255
Screening,Adventitious,0.2538671519563239,0.9709976798143851,0.16741989539430255
Screening,Adventitious,0.23900515620260843,0.9704433497536946,0.16741989539430255
Screening,Adventitious,0.2235365483773127,0.9697368421052631,0.16741989539430255
Screening,Adventitious,0.2083712465878071,0.9703389830508474,0.16741989539430255
Screening,Adventitious,0.1932059447983015,0.9680851063829787,0.16741989539430255
Screening,Adventitious,0.17925386715195632,0.9720394736842105,0.16741989539430255
Screening,Adventitious,0.16560509554140126,0.9767441860465116,0.16741989539430255
Screening,Adventitious,0.1510464058234759,0.9783889980353635,0.16741989539430255
Screening,Adventitious,0.13527449196239005,0.975929978118162,0.16741989539430255
Screening,Adventitious,0.11768274188656354,0.9748743718592965,0.16741989539430255
Screening,Adventitious,0.10251744009705793,0.976878612716763,0.16741989539430255
Screening,Adventitious,0.08795875037913255,0.9764309764309764,0.16741989539430255
Screening,Adventitious,0.07309675462541705,0.9717741935483871,0.16741989539430255
Screening,Adventitious,0.05853806490749166,0.9747474747474747,0.16741989539430255
Screening,Adventitious,0.044585987261146494,0.9865771812080537,0.16741989539430255
Screening,Adventitious,0.029723991507430998,0.98989898989899,0.16741989539430255
Screening,Adventitious,0.015165301789505611,1.0,0.16741989539430255
Screening,Adventitious,0.0,1.0,0.16741989539430255
Sound pattern,Normal,1.0,0.8325801046056974,0.8325801046056974
Sound pattern,Normal,1.0,0.8346568926898799,0.8325801046056974
Sound pattern,Normal,1.0,0.8367440673641235,0.8325801046056974
Sound pattern,Normal,0.9997560380580629,0.8386799693016117,0.8325801046056974
Sound pattern,Normal,0.9997560380580629,0.8407878539187525,0.8325801046056974
Sound pattern,Normal,0.9996950475725787,0.8428549390651514,0.8325801046056974
Sound pattern,Normal,0.9996950475725787,0.8450275815847812,0.8325801046056974
Sound pattern,Normal,0.9996950475725787,0.847167665908621,0.8325801046056974
Sound pattern,Normal,0.9995730666016102,0.8492149852323955,0.8325801046056974
Sound pattern,Normal,0.9995120761161259,0.851368902280638,0.8325801046056974
Sound pattern,Normal,0.9994510856306417,0.8534895833333334,0.8325801046056974
Sound pattern,Normal,0.9993900951451573,0.855621116390789,0.8325801046056974
Sound pattern,Normal,0.9993900951451573,0.8578608449819382,0.8325801046056974
Sound pattern,Normal,0.9993291046596731,0.8600146966197775,0.8325801046056974
Sound pattern,Normal,0.9992071236887046,0.8621270325738042,0.8325801046056974
Sound pattern,Normal,0.9991461332032203,0.8643486519284546,0.8325801046056974
Sound pattern,Normal,0.9990241522322517,0.8664832839610664,0.8325801046056974
Sound pattern,Normal,0.998841180775799,0.868622043067784,0.8325801046056974
Sound pattern,Normal,0.9985972188338619,0.8706726934325977,0.8325801046056974
Sound pattern,Normal,0.9984142473774091,0.8727873747067605,0.8325801046056974
Sound pattern,Normal,0.9982922664064406,0.8750133646958195,0.8325801046056974
Sound pattern,Normal,0.9981092949499878,0.8771506673098569,0.8325801046056974
Sound pattern,Normal,0.997926323493535,0.8792992261392949,0.8325801046056974
Sound pattern,Normal,0.9976213710661137,0.8813988576355211,0.8325801046056974
Sound pattern,Normal,0.9974993900951452,0.8836241828299746,0.8325801046056974
Sound pattern,Normal,0.9973774091241766,0.8858613217768148,0.8325801046056974
Sound pattern,Normal,0.9971944376677239,0.8881042911461162,0.8325801046056974
Sound pattern,Normal,0.9969504757257868,0.8902565219759272,0.8325801046056974
Sound pattern,Normal,0.9967065137838497,0.8924202708606378,0.8325801046056974
Sound pattern,Normal,0.9961575994144913,0.8943708246632351,0.8325801046056974
Sound pattern,Normal,0.99585264698707,0.8965024982155603,0.8325801046056974
Sound pattern,Normal,0.9953037326177117,0.8984749215437978,0.8325801046056974
Sound pattern,Normal,0.9949987801902903,0.9006293474660484,0.8325801046056974
Sound pattern,Normal,0.9943888753354476,0.9025186825352892,0.8325801046056974
Sound pattern,Normal,0.9939009514515735,0.9045795170691091,0.8325801046056974
Sound pattern,Normal,0.9931690656257623,0.9063787153512189,0.8325801046056974
Sound pattern,Normal,0.9924981702854355,0.9082435675615338,0.8325801046056974
Sound pattern,Normal,0.9920102464015613,0.9103374937034757,0.8325801046056974
Sound pattern,Normal,0.9915223225176872,0.9123919631832977,0.8325801046056974
Sound pattern,Normal,0.990790436691876,0.9142326523721087,0.8325801046056974
Sound pattern,Normal,0.9899975603805806,0.9160787854845082,0.8325801046056974
Sound pattern,Normal,0.9892656745547694,0.9179400113186191,0.8325801046056974
Sound pattern,Normal,0.9882288363015369,0.9195278361046478,0.8325801046056974
Sound pattern,Normal,0.9873749695047572,0.9213476751465483,0.8325801046056974
Sound pattern,Normal,0.9862161502805562,0.9228398584636457,0.8325801046056974
Sound pattern,Normal,0.9853012929982923,0.9246222527472527,0.8325801046056974
Sound pattern,Normal,0.9843864357160284,0.9263617057911956,0.8325801046056974
Sound pattern,Normal,0.9832886069773116,0.9279382986071141,0.8325801046056974
Sound pattern,Normal,0.9820687972676263,0.9294620180096975,0.8325801046056974
Sound pattern,Normal,0.9809099780434253,0.9309985528219971,0.8325801046056974
Sound pattern,Normal,0.9796291778482557,0.9324277255311738,0.8325801046056974
Sound pattern,Normal,0.9786533300805075,0.9342105263157895,0.8325801046056974
Sound pattern,Normal,0.9774335203708222,0.9357155368716062,0.8325801046056974
Sound pattern,Normal,0.9760917296901683,0.9371120740133505,0.8325801046056974
Sound pattern,Normal,0.974383996096609,0.9382194033356824,0.8325801046056974
Sound pattern,Normal,0.9728592339595024,0.939454620413452,0.8325801046056974
Sound pattern,Normal,0.9713344718223957,0.9406969875959834,0.8325801046056974
Sound pattern,Normal,0.9700536716272261,0.942239336492891,0.8325801046056974
Sound pattern,Normal,0.9685898999756039,0.9435565325886757,0.8325801046056974
Sound pattern,Normal,0.9673700902659185,0.9451197711834108,0.8325801046056974
Sound pattern,Normal,0.9658453281288119,0.9464499163279942,0.8325801046056974
Sound pattern,Normal,0.9641375945352525,0.9475513996283642,0.8325801046056974
Sound pattern,Normal,0.962185898999756,0.9484759213611496,0.8325801046056974
Sound pattern,Normal,0.9606001463771652,0.9497105643994211,0.8325801046056974
Sound pattern,Normal,0.9587704318126372,0.9507106138494104,0.8325801046056974
Sound pattern,Normal,0.9569407172481093,0.9517743403093721,0.8325801046056974
Sound pattern,Normal,0.9551110026835814,0.9527865660744707,0.8325801046056974
Sound pattern,Normal,0.9534642595755062,0.9539879172514798,0.8325801046056974
Sound pattern,Normal,0.9516345450109783,0.9550713105221277,0.8325801046056974
Sound pattern,Normal,0.9496828494754819,0.9559798624754421,0.8325801046056974
Sound pattern,Normal,0.9480361063674067,0.9572017981402796,0.8325801046056974
Sound pattern,Normal,0.9457794584044888,0.9578726295632837,0.8325801046056974
Sound pattern,Normal,0.943949743839961,0.9589219330855019,0.8325801046056974
Sound pattern,Normal,0.9417540863625274,0.959604747995774,0.8325801046056974
Sound pattern,Normal,0.9396194193705781,0.9604139392805935,0.8325801046056974
Sound pattern,Normal,0.9373627714076604,0.9610430215107554,0.8325801046056974
Sound pattern,Normal,0.9353500853866796,0.9619872036130975,0.8325801046056974
Sound pattern,Normal,0.9335203708221518,0.9630655005348266,0.8325801046056974
Sound pattern,Normal,0.9314466943156867,0.963898005554153,0.8325801046056974
Sound pattern,Normal,0.9291900463527689,0.9646068127136888,0.8325801046056974
Sound pattern,Normal,0.9269333983898512,0.9652588123213719,0.8325801046056974
Sound pattern,Normal,0.9246157599414492,0.9658511722731906,0.8325801046056974
Sound pattern,Normal,0.9221761405220785,0.9663811836891218,0.8325801046056974
Sound pattern,Normal,0.9196145401317395,0.9667243700711675,0.8325801046056974
Sound pattern,Normal,0.9171749207123688,0.9671983534859789,0.8325801046056974
Sound pattern,Normal,0.9147353012929983,0.9677377726158214,0.8325801046056974
Sound pattern,Normal,0.912356672359112,0.968282736746715,0.8325801046056974
Sound pattern,Normal,0.9098560624542571,0.9687012987012987,0.8325801046056974
Sound pattern,Normal,0.9077213954623079,0.9695765472312704,0.8325801046056974
Sound pattern,Normal,0.9051597950719688,0.9699366054506241,0.8325801046056974
Sound pattern,Normal,0.9024152232251769,0.9701658907612616,0.8325801046056974
Sound pattern,Normal,0.9001585752622591,0.9708590974871727,0.8325801046056974
Sound pattern,Normal,0.8976579653574043,0.9712928133042962,0.8325801046056974
Sound pattern,Normal,0.8950353744815809,0.9716612593524465,0.8325801046056974
Sound pattern,Normal,0.8926567455476946,0.9722332934768168,0.8325801046056974
Sound pattern,Normal,0.8900951451573554,0.9726091302899034,0.8325801046056974
Sound pattern,Normal,0.887472554281532,0.9729856235372785,0.8325801046056974
Sound pattern,Normal,0.8850329348621615,0.9735006037837113,0.8325801046056974
Sound pattern,Normal,0.8824103439863381,0.9738170559332301,0.8325801046056974
Sound pattern,Normal,0.8796657721395462,0.9740663199837915,0.8325801046056974
Sound pattern,Normal,0.8771651622346914,0.9745222929936306,0.8325801046056974
Sound pattern,Normal,0.8748475237862894,0.9751852607247263,0.8325801046056974
Sound pattern,Normal,0.872468894852403,0.9758510130295381,0.8325801046056974
Sound pattern,Normal,0.8698463039765797,0.9761806981519507,0.8325801046056974
Sound pattern,Normal,0.8672237131007563,0.9765796703296703,0.8325801046056974
Sound pattern,Normal,0.8646011222249329,0.9769140651919234,0.8325801046056974
Sound pattern,Normal,0.8619175408636253,0.9771815793112986,0.8325801046056974
Sound pattern,Normal,0.8591119785313491,0.9773799611434916,0.8325801046056974
Sound pattern,Normal,0.8564893876555257,0.9777205319223004,0.8325801046056974
Sound pattern,Normal,0.8537448158087338,0.9779237110521168,0.8325801046056974
Sound pattern,Normal,0.8508782629909734,0.9780566461020751,0.8325801046056974
Sound pattern,Normal,0.8482556721151501,0.9784030953218431,0.8325801046056974
Sound pattern,Normal,0.8456940717248109,0.9788225328250741,0.8325801046056974
Sound pattern,Normal,0.842949499878019,0.9791017285349958,0.8325801046056974
Sound pattern,Normal,0.8403269090021956,0.9794554631406839,0.8325801046056974
Sound pattern,Normal,0.837399365698951,0.979454986445998,0.8325801046056974
Sound pattern,Normal,0.8347767748231276,0.9798825887743413,0.8325801046056974
Sound pattern,Normal,0.83209319346182,0.980170989295208,0.8325801046056974
Sound pattern,Normal,0.8293486216150281,0.9803893294881039,0.8325801046056974
Sound pattern,Normal,0.8262990973408149,0.9803183791606368,0.8325801046056974
Sound pattern,Normal,0.8234935350085386,0.980466197080822,0.8325801046056974
Sound pattern,Normal,0.8206879726762625,0.9806865388820056,0.8325801046056974
Sound pattern,Normal,0.8180653818004391,0.9810561732007022,0.8325801046056974
Sound pattern,Normal,0.8153818004391314,0.9813550612934009,0.8325801046056974
Sound pattern,Normal,0.8123932666504026,0.9813600530464893,0.8325801046056974
Sound pattern,Normal,0.8097096852890949,0.9816622301094351,0.8325801046056974
Sound pattern,Normal,0.8070870944132715,0.9820408163265306,0.8325801046056974
Sound pattern,Normal,0.8042815320809954,0.9822718808193669,0.8325801046056974
Sound pattern,Normal,0.8014759697487192,0.9824312200956937,0.8325801046056974
Sound pattern,Normal,0.7987313979019273,0.9826667667141893,0.8325801046056974
Sound pattern,Normal,0.7958038545986826,0.9827521277397002,0.8325801046056974
Sound pattern,Normal,0.7929373017809221,0.9828394315089205,0.8325801046056974
Sound pattern,Normal,0.7900707489631618,0.9829273844753016,0.8325801046056974
Sound pattern,Normal,0.7872651866308856,0.9831670348084394,0.8325801046056974
Sound pattern,Normal,0.7842766528421566,0.9831039755351682,0.8325801046056974
Sound pattern,Normal,0.7812881190534277,0.9831158864159631,0.8325801046056974
Sound pattern,Normal,0.7784825567211515,0.9832832601494492,0.8325801046056974
Sound pattern,Normal,0.7756769943888754,0.9834519022579647,0.8325801046056974
Sound pattern,Normal,0.7726274701146622,0.9833876727216271,0.8325801046056974
Sound pattern,Normal,0.7699438887533545,0.9837138626977324,0.8325801046056974
Sound pattern,Normal,0.767077335935594,0.9838078848560701,0.8325801046056974
Sound pattern,Normal,0.7643327640888021,0.9841369561803047,0.8325801046056974
Sound pattern,Normal,0.761527201756526,0.9843121797398502,0.8325801046056974
Sound pattern,Normal,0.7587826299097341,0.9845679012345679,0.8325801046056974
Sound pattern,Normal,0.7557940961210051,0.98458604798983,0.8325801046056974
Sound pattern,Normal,0.7529275433032447,0.9846853314189997,0.8325801046056974
Sound pattern,Normal,0.7501219809709685,0.9848654708520179,0.8325801046056974
Sound pattern,Normal,0.7472554281532081,0.9850458273034249,0.8325801046056974
Sound pattern,Normal,0.7445718467919005,0.9853902655581565,0.8325801046056974
Sound pattern,Normal,0.7416443034886557,0.9854931517951212,0.8325801046056974
Sound pattern,Normal,0.7386557696999269,0.9854353132628153,0.8325801046056974
Sound pattern,Normal,0.7357282263966821,0.9854587043542195,0.8325801046056974
Sound pattern,Normal,0.7329836545498902,0.9858092035107866,0.8325801046056974
Sound pattern,Normal,0.7301780922176141,0.9859990116949432,0.8325801046056974
Sound pattern,Normal,0.7273725298853378,0.9861903580583808,0.8325801046056974
Sound pattern,Normal,0.7244449865820932,0.9862990949099062,0.8325801046056974
Sound pattern,Normal,0.7215784337643327,0.9864098716024678,0.8325801046056974
Sound pattern,Normal,0.7186508904610881,0.9864378401004604,0.8325801046056974
Sound pattern,Normal,0.7156623566723591,0.9864649012189995,0.8325801046056974
Sound pattern,Normal,0.712856794340083,0.986662164443694,0.8325801046056974
Sound pattern,Normal,0.7099902415223225,0.9867762990590828,0.8325801046056974
Sound pattern,Normal,0.7071846791900464,0.9870605260917681,0.8325801046056974
Sound pattern,Normal,0.7042571358868016,0.9870918105659087,0.8325801046056974
Sound pattern,Normal,0.7012686020980727,0.9871222527472527,0.8325801046056974
Sound pattern,Normal,0.698341058794828,0.987154065005604,0.8325801046056974
Sound pattern,Normal,0.6954135154915834,0.9871861471861472,0.8325801046056974
Sound pattern,Normal,0.6926079531593071,0.9874782608695652,0.8325801046056974
Sound pattern,Normal,0.6896804098560625,0.9875120076849183,0.8325801046056974
Sound pattern,Normal,0.686813857038302,0.9876337484651816,0.8325801046056974
Sound pattern,Normal,0.6838863137350574,0.9877554615926709,0.8325801046056974
Sound pattern,Normal,0.6809587704318126,0.9877908519861983,0.8325801046056974
Sound pattern,Normal,0.678275189070505,0.9881819797405367,0.8325801046056974
Sound pattern,Normal,0.6753476457672604,0.988307747233131,0.8325801046056974
Sound pattern,Normal,0.6725420834349841,0.9885253249663828,0.8325801046056974
Sound pattern,Normal,0.6697975115881922,0.9888348640374572,0.8325801046056974
Sound pattern,Normal,0.6668089777994632,0.9888748191027497,0.8325801046056974
Sound pattern,Normal,0.6638814344962186,0.9889161442718271,0.8325801046056974
Sound pattern,Normal,0.6610758721639425,0.9891403540792115,0.8325801046056974
Sound pattern,Normal,0.6580263478897292,0.9890905757242391,0.8325801046056974
Sound pattern,Normal,0.655220785557453,0.9893176167234552,0.8325801046056974
Sound pattern,Normal,0.6522322517687241,0.9893607179202516,0.8325801046056974
Sound pattern,Normal,0.6492437179799951,0.9893122676579925,0.8325801046056974
Sound pattern,Normal,0.6463161746767504,0.9893567360657268,0.8325801046056974
Sound pattern,Normal,0.6435106123444743,0.9896820185723666,0.8325801046056974
Sound pattern,Normal,0.6405220785557453,0.9896343761779118,0.8325801046056974
Sound pattern,Normal,0.6376555257379849,0.9897756319227492,0.8325801046056974
Sound pattern,Normal,0.6347889729202244,0.9900123656425378,0.8325801046056974
Sound pattern,Normal,0.6319834105879483,0.9902522935779816,0.8325801046056974
Sound pattern,Normal,0.6289948767992193,0.9902064330292847,0.8325801046056974
Sound pattern,Normal,0.6260063430104904,0.9902556681138447,0.8325801046056974
Sound pattern,Normal,0.6230787997072457,0.990306320279178,0.8325801046056974
Sound pattern,Normal,0.6201512564040009,0.9903574559267556,0.8325801046056974
Sound pattern,Normal,0.6171017321297878,0.9903102672017227,0.8325801046056974
Sound pattern,Normal,0.6142351793120273,0.9904602675059009,0.8325801046056974
Sound pattern,Normal,0.6113076360087827,0.9906107926467681,0.8325801046056974
Sound pattern,Normal,0.6083191022200537,0.9905651008044493,0.8325801046056974
Sound pattern,Normal,0.6053305684313247,0.9905189620758483,0.8325801046056974
Sound pattern,Normal,0.6023420346425957,0.9905717151454363,0.8325801046056974
Sound pattern,Normal,0.5994754818248353,0.9907267412559218,0.8325801046056974
Sound pattern,Normal,0.5965479385215906,0.9907820097244733,0.8325801046056974
Sound pattern,Normal,0.5936813857038302,0.991040521278762,0.8325801046056974
Sound pattern,Normal,0.5908148328860697,0.9912002455745421,0.8325801046056974
Sound pattern,Normal,0.5880092705537936,0.9914644179350062,0.8325801046056974
Sound pattern,Normal,0.5850207367650646,0.991523671697333,0.8325801046056974
Sound pattern,Normal,0.58209319346182,0.9915844155844156,0.8325801046056974
Sound pattern,Normal,0.5791656501585752,0.9916457811194653,0.8325801046056974
Sound pattern,Normal,0.576116125884362,0.9916019315557422,0.8325801046056974
Sound pattern,Normal,0.5731275920956331,0.9915585100770286,0.8325801046056974
Sound pattern,Normal,0.5702610392778726,0.9918319719953326,0.8325801046056974
Sound pattern,Normal,0.567333495974628,0.9918959266368096,0.8325801046056974
Sound pattern,Normal,0.564344962185899,0.9918533604887984,0.8325801046056974
Sound pattern,Normal,0.56135642839717,0.9919172324603944,0.8325801046056974
Sound pattern,Normal,0.5584898755794097,0.9920910075839653,0.8325801046056974
Sound pattern,Normal,0.5555013417906807,0.9920487964274044,0.8325801046056974
Sound pattern,Normal,0.5525128080019517,0.9921147738473333,0.8325801046056974
Sound pattern,Normal,0.5495242742132227,0.9920722307861705,0.8325801046056974
Sound pattern,Normal,0.5465357404244938,0.9920292261707074,0.8325801046056974
Sound pattern,Normal,0.5436081971212491,0.9922075030613381,0.8325801046056974
Sound pattern,Normal,0.5406196633325201,0.9921647638235953,0.8325801046056974
Sound pattern,Normal,0.5376921200292755,0.9922341024198087,0.8325801046056974
Sound pattern,Normal,0.5347035862405465,0.9923033389926429,0.8325801046056974
Sound pattern,Normal,0.5317760429373017,0.9923742317323014,0.8325801046056974
Sound pattern,Normal,0.5287875091485729,0.992445054945055,0.8325801046056974
Sound pattern,Normal,0.5257989753598439,0.9924024404282261,0.8325801046056974
Sound pattern,Normal,0.5229324225420834,0.992590877517944,0.8325801046056974
Sound pattern,Normal,0.5199438887533545,0.9926641825803446,0.8325801046056974
Sound pattern,Normal,0.5171383264210783,0.9929734160908772,0.8325801046056974
Sound pattern,Normal,0.5141497926323494,0.9929328621908127,0.8325801046056974
Sound pattern,Normal,0.5111002683581362,0.9928909952606635,0.8325801046056974
Sound pattern,Normal,0.5081117345694072,0.992849481587415,0.8325801046056974
Sound pattern,Normal,0.5051232007806782,0.9928074802205706,0.8325801046056974
Sound pattern,Normal,0.5021956574774336,0.9930053063193439,0.8325801046056974
Sound pattern,Normal,0.49920712368870457,0.9929637267984956,0.8325801046056974
Sound pattern,Normal,0.4962185898999756,0.992921649987796,0.8325801046056974
Sound pattern,Normal,0.4932910465967309,0.9931237721021611,0.8325801046056974
Sound pattern,Normal,0.49042449377897046,0.9933292155651637,0.8325801046056974
Sound pattern,Normal,0.4874969504757258,0.9934128759632115,0.8325801046056974
Sound pattern,Normal,0.48444742620151254,0.9933716858429215,0.8325801046056974
Sound pattern,Normal,0.48158087338375216,0.9935824839562098,0.8325801046056974
Sound pattern,Normal,0.4785923395950232,0.9936684817019121,0.8325801046056974
Sound pattern,Normal,0.47560380580629424,0.9936289500509684,0.8325801046056974
Sound pattern,Normal,0.4726762625030495,0.9937171432234901,0.8325801046056974
Sound pattern,Normal,0.4696877287143206,0.9938056523422377,0.8325801046056974
Sound pattern,Normal,0.4667601854110759,0.9938961038961039,0.8325801046056974
Sound pattern,Normal,0.4638326421078312,0.9939877140243105,0.8325801046056974
Sound pattern,Normal,0.460783117833618,0.993948164715169,0.8325801046056974
Sound pattern,Normal,0.4578555745303733,0.994041313559322,0.8325801046056974
Sound pattern,Normal,0.4548670407416443,0.9940023990403839,0.8325801046056974
Sound pattern,Normal,0.45187850695291537,0.9940963370454851,0.8325801046056974
Sound pattern,Normal,0.4490729446206392,0.994462452728255,0.8325801046056974
Sound pattern,Normal,0.44620639180287874,0.9946974847042828,0.8325801046056974
Sound pattern,Normal,0.4432178580141498,0.994798083504449,0.8325801046056974
Sound pattern,Normal,0.4402293242254208,0.9947629547960308,0.8325801046056974
Sound pattern,Normal,0.43730178092217614,0.9950041631973355,0.8325801046056974
Sound pattern,Normal,0.43431324713344716,0.9949699594802291,0.8325801046056974
Sound pattern,Normal,0.4313247133447182,0.9949352841868317,0.8325801046056974
Sound pattern,Normal,0.428275189070505,0.9948994049305753,0.8325801046056974
Sound pattern,Normal,0.42528665528177606,0.9948637466114995,0.8325801046056974
Sound pattern,Normal,0.4223591119785314,0.9949712643678161,0.8325801046056974
Sound pattern,Normal,0.41930958770431814,0.9949348769898697,0.8325801046056974
Sound pattern,Normal,0.41638204440107346,0.995044454161201,0.8325801046056974
Sound pattern,Normal,0.4133935106123445,0.9950088079859072,0.8325801046056974
Sound pattern,Normal,0.41040497682361554,0.9951197870452528,0.8325801046056974
Sound pattern,Normal,0.4074774335203708,0.9952331297482496,0.8325801046056974
Sound pattern,Normal,0.4045498902171261,0.9953481392557023,0.8325801046056974
Sound pattern,Normal,0.4015003659429129,0.9953129724826126,0.8325801046056974
Sound pattern,Normal,0.39851183215418395,0.9952779893373953,0.8325801046056974
Sound pattern,Normal,0.3954623078799707,0.9952417498081351,0.8325801046056974
Sound pattern,Normal,0.3924737740912418,0.9952056913083823,0.8325801046056974
Sound pattern,Normal,0.3894852403025128,0.9951690821256038,0.8325801046056974
Sound pattern,Normal,0.38643571602829957,0.9951311449662321,0.8325801046056974
Sound pattern,Normal,0.38344718223957064,0.9950933839822729,0.8325801046056974
Sound pattern,Normal,0.38045864845084165,0.9950550327005903,0.8325801046056974
Sound pattern,Normal,0.3774701146621127,0.9951760733236855,0.8325801046056974
Sound pattern,Normal,0.37448158087338373,0.9951377633711507,0.8325801046056974
Sound pattern,Normal,0.3716150280556233,0.995425584054893,0.8325801046056974
Sound pattern,Normal,0.36862649426689437,0.9955526272442761,0.8325801046056974
Sound pattern,Normal,0.3656379604781654,0.9955164397210229,0.8325801046056974
Sound pattern,Normal,0.36264942668943645,0.9954796584630838,0.8325801046056974
Sound pattern,Normal,0.3595999024152232,0.9954414992402498,0.8325801046056974
Sound pattern,Normal,0.35667235911197853,0.9955737146748382,0.8325801046056974
Sound pattern,Normal,0.3536228348377653,0.9955357142857143,0.8325801046056974
Sound pattern,Normal,0.3506952915345206,0.9956709956709957,0.8325801046056974
Sound pattern,Normal,0.3477067577457917,0.9956339504016766,0.8325801046056974
Sound pattern,Normal,0.34465723347157845,0.9955954897815363,0.8325801046056974
Sound pattern,Normal,0.34172969016833377,0.9957348498311711,0.8325801046056974
Sound pattern,Normal,0.3387411563796048,0.9956973825743994,0.8325801046056974
Sound pattern,Normal,0.33569163210539155,0.9956584659913169,0.8325801046056974
Sound pattern,Normal,0.3327030983166626,0.9956196386201862,0.8325801046056974
Sound pattern,Normal,0.3298365454989022,0.9959484346224677,0.8325801046056974
Sound pattern,Normal,0.32678702122468894,0.995910780669145,0.8325801046056974
Sound pattern,Normal,0.32385947792144426,0.996060776589758,0.8325801046056974
Sound pattern,Normal,0.3209319346181996,0.9962135554714123,0.8325801046056974
Sound pattern,Normal,0.3179434008294706,0.996368501529052,0.8325801046056974
Sound pattern,Normal,0.31495486704074166,0.9963341693999614,0.8325801046056974
Sound pattern,Normal,0.312027323737497,0.9964939618231399,0.8325801046056974
Sound pattern,Normal,0.30897779946328374,0.9964594807238395,0.8325801046056974
Sound pattern,Normal,0.30598926567455476,0.9964250248262165,0.8325801046056974
Sound pattern,Normal,0.3030007318858258,0.9965897693079238,0.8325801046056974
Sound pattern,Normal,0.30001219809709684,0.9965559157212318,0.8325801046056974
Sound pattern,Normal,0.2970236643083679,0.9965213832617148,0.8325801046056974
Sound pattern,Normal,0.2939741400341547,0.9964854248501137,0.8325801046056974
Sound pattern,Normal,0.2909856062454257,0.9964494569757728,0.8325801046056974
Sound pattern,Normal,0.288058062942181,0.9966237602869804,0.8325801046056974
Sound pattern,Normal,0.2850695291534521,0.9968010236724248,0.8325801046056974
Sound pattern,Normal,0.2820809953647231,0.9967672413793104,0.8325801046056974
Sound pattern,Normal,0.27909246157599416,0.9967327379655848,0.8325801046056974
Sound pattern,Normal,0.27610392778726517,0.9969169786390663,0.8325801046056974
Sound pattern,Normal,0.27311539399853624,0.9968833481745325,0.8325801046056974
Sound pattern,Normal,0.27018785069529155,0.9970740490659464,0.8325801046056974
Sound pattern,Normal,0.2671383264210783,0.9970407466423856,0.8325801046056974
Sound pattern,Normal,0.26414979263234933,0.9970073664825047,0.8325801046056974
Sound pattern,Normal,0.26122224932910465,0.9974382859804378,0.8325801046056974
Sound pattern,Normal,0.2582337155403757,0.9974087161366313,0.8325801046056974
Sound pattern,Normal,0.25530617223713103,0.9976167778836987,0.8325801046056974
Sound pattern,Normal,0.2522566479629178,0.9975880366618427,0.8325801046056974
Sound pattern,Normal,0.24926811417418882,0.9975591896509641,0.8325801046056974
Sound pattern,Normal,0.24627958038545986,0.9975296442687747,0.8325801046056974
Sound pattern,Normal,0.24323005611124665,0.9974987493746873,0.8325801046056974
Sound pattern,Normal,0.2402415223225177,0.9974677133451507,0.8325801046056974
Sound pattern,Normal,0.23725298853378873,0.9974358974358974,0.8325801046056974
Sound pattern,Normal,0.23426445474505977,0.9976623376623377,0.8325801046056974
Sound pattern,Normal,0.23127592095633082,0.9976322020520916,0.8325801046056974
Sound pattern,Normal,0.22828738716760186,0.9976012793176973,0.8325801046056974
Sound pattern,Normal,0.22523786289338862,0.9975688816855753,0.8325801046056974
Sound pattern,Normal,0.22224932910465967,0.9975362715576239,0.8325801046056974
Sound pattern,Normal,0.21919980483044646,0.9975020815986678,0.8325801046056974
Sound pattern,Normal,0.2162112710417175,0.9974676420934159,0.8325801046056974
Sound pattern,Normal,0.21322273725298854,0.997432239657632,0.8325801046056974
Sound pattern,Normal,0.21023420346425958,0.997684515195369,0.8325801046056974
Sound pattern,Normal,0.20724566967553062,0.997651203758074,0.8325801046056974
Sound pattern,Normal,0.20425713588680167,0.9976169198689306,0.8325801046056974
Sound pattern,Normal,0.20120761161258843,0.9975808890232839,0.8325801046056974
Sound pattern,Normal,0.19821907782385947,0.9975445058317987,0.8325801046056974
Sound pattern,Normal,0.19523054403513052,0.9975070115300717,0.8325801046056974
Sound pattern,Normal,0.1921810197609173,0.9974675530231086,0.8325801046056974
Sound pattern,Normal,0.18919248597218835,0.997427652733119,0.8325801046056974
Sound pattern,Normal,0.1862039521834594,0.9973864750081672,0.8325801046056974
Sound pattern,Normal,0.18315442790924616,0.9973430753902358,0.8325801046056974
Sound pattern,Normal,0.1801658941205172,0.9972991222147198,0.8325801046056974
Sound pattern,Normal,0.17711636984630397,0.9972527472527473,0.8325801046056974
Sound pattern,Normal,0.174127836057575,0.997205728257073,0.8325801046056974
Sound pattern,Normal,0.17113930226884605,0.9971570717839374,0.8325801046056974
Sound pattern,Normal,0.1681507684801171,0.9974674384949349,0.8325801046056974
Sound pattern,Normal,0.1652232251768724,0.9977900552486187,0.8325801046056974
Sound pattern,Normal,0.16223469138814345,0.9977494373593399,0.8325801046056974
Sound pattern,Normal,0.15918516711393021,0.9977064220183486,0.8325801046056974
Sound pattern,Normal,0.15619663332520126,0.9976626412154266,0.8325801046056974
Sound pattern,Normal,0.1532080995364723,0.9976171564733916,0.8325801046056974
Sound pattern,Normal,0.1502805562332276,0.9983792544570502,0.8325801046056974
Sound pattern,Normal,0.14729202244449865,0.9983464241422075,0.8325801046056974
Sound pattern,Normal,0.1443034886557697,0.9983122362869198,0.8325801046056974
Sound pattern,Normal,0.1412539643815565,0.9982758620689656,0.8325801046056974
Sound pattern,Normal,0.13826543059282753,0.9982386613826508,0.8325801046056974
Sound pattern,Normal,0.13527689680409857,0.9981998199819982,0.8325801046056974
Sound pattern,Normal,0.13222737252988534,0.998158379373849,0.8325801046056974
Sound pattern,Normal,0.12923883874115638,0.9981158737635422,0.8325801046056974
Sound pattern,Normal,0.12618931446694315,0.9980704293294742,0.8325801046056974
Sound pattern,Normal,0.1232007806782142,0.9980237154150198,0.8325801046056974
Sound pattern,Normal,0.1202732373749695,0.9984810126582279,0.8325801046056974
Sound pattern,Normal,0.11722371310075629,0.9984415584415585,0.8325801046056974
Sound pattern,Normal,0.11423517931202733,0.9984008528784648,0.8325801046056974
Sound pattern,Normal,0.11124664552329837,0.9983579638752053,0.8325801046056974
Sound pattern,Normal,0.10819712124908515,0.9983117613956106,0.8325801046056974
Sound pattern,Normal,0.10526957794584045,0.9988425925925926,0.8325801046056974
Sound pattern,Normal,0.10228104415711149,0.9988088147706968,0.8325801046056974
Sound pattern,Normal,0.09923151988289827,0.9987722529158993,0.8325801046056974
Sound pattern,Normal,0.09624298609416931,0.9987341772151899,0.8325801046056974
Sound pattern,Normal,0.09325445230544036,0.9986936642717178,0.8325801046056974
Sound pattern,Normal,0.09020492803122712,0.9986495611073599,0.8325801046056974
Sound pattern,Normal,0.08721639424249818,0.9986033519553073,0.8325801046056974
Sound pattern,Normal,0.08416686996828494,0.9985528219971056,0.8325801046056974
Sound pattern,Normal,0.08117833617955598,0.9984996249062266,0.8325801046056974
Sound pattern,Normal,0.07818980239082703,0.9984423676012462,0.8325801046056974
Sound pattern,Normal,0.0751402781166138,0.9983792544570502,0.8325801046056974
Sound pattern,Normal,0.07215174432788485,0.9983122362869198,0.8325801046056974
Sound pattern,Normal,0.06916321053915589,0.9982394366197183,0.8325801046056974
Sound pattern,Normal,0.06611368626494267,0.998158379373849,0.8325801046056974
Sound pattern,Normal,0.06312515247621371,0.9980713596914176,0.8325801046056974
Sound pattern,Normal,0.06013661868748475,0.9979757085020243,0.8325801046056974
Sound pattern,Normal,0.05708709441327153,0.997867803837953,0.8325801046056974
Sound pattern,Normal,0.054098560624542574,0.9977502812148481,0.8325801046056974
Sound pattern,Normal,0.051110026835813616,0.9976190476190476,0.8325801046056974
Sound pattern,Normal,0.04812149304708466,0.9987341772151899,0.8325801046056974
Sound pattern,Normal,0.0451329592583557,0.9986504723346828,0.8325801046056974
Sound pattern,Normal,0.04208343498414247,0.9985528219971056,0.8325801046056974
Sound pattern,Normal,0.03909490119541351,0.9984423676012462,0.8325801046056974
Sound pattern,Normal,0.036106367406684554,0.9983136593591906,0.8325801046056974
Sound pattern,Normal,0.033056843132471335,0.998158379373849,0.8325801046056974
Sound pattern,Normal,0.030068309343742376,0.9979757085020243,0.8325801046056974
Sound pattern,Normal,0.027079775555013418,0.9977528089887641,0.8325801046056974
Sound pattern,Normal,0.024030251280800195,0.9974683544303797,0.8325801046056974
Sound pattern,Normal,0.021041717492071236,0.9971098265895953,0.8325801046056974
Sound pattern,Normal,0.018053183703342277,0.9966329966329966,0.8325801046056974
Sound pattern,Normal,0.01506464991461332,1.0,0.8325801046056974
Sound pattern,Normal,0.012076116125884362,1.0,0.8325801046056974
Sound pattern,Normal,0.009087582337155405,1.0,0.8325801046056974
Sound pattern,Normal,0.006038058062942181,1.0,0.8325801046056974
Sound pattern,Normal,0.003049524274213223,1.0,0.8325801046056974
Sound pattern,Normal,0.0,1.0,0.8325801046056974
Sound pattern,Crackles,1.0,0.09373889199207841,0.09373889199207841
Sound pattern,Crackles,1.0,0.0939727143148035,0.09373889199207841
Sound pattern,Crackles,1.0,0.09420770604746109,0.09373889199207841
Sound pattern,Crackles,1.0,0.09444870810949092,0.09373889199207841
Sound pattern,Crackles,1.0,0.09468608945424703,0.09373889199207841
Sound pattern,Crackles,1.0,0.09492466704375996,0.09373889199207841
Sound pattern,Crackles,1.0,0.09516935608599268,0.09373889199207841
Sound pattern,Crackles,1.0,0.0954103783336779,0.09373889199207841
Sound pattern,Crackles,1.0,0.09565262448831546,0.09373889199207841
Sound pattern,Crackles,1.0,0.09590108577068938,0.09373889199207841
Sound pattern,Crackles,1.0,0.09614583333333333,0.09373889199207841
Sound pattern,Crackles,1.0,0.09639183332463057,0.09373889199207841
Sound pattern,Crackles,1.0,0.09664415475629548,0.09373889199207841
Sound pattern,Crackles,1.0,0.0968927146756246,0.09373889199207841
Sound pattern,Crackles,1.0,0.09714255643845708,0.09373889199207841
Sound pattern,Crackles,1.0,0.09739882868147523,0.09373889199207841
Sound pattern,Crackles,1.0,0.09765129073212019,0.09373889199207841
Sound pattern,Crackles,0.9994582881906826,0.09785721862734698,0.09373889199207841
Sound pattern,Crackles,0.9994582881906826,0.09811220420101037,0.09373889199207841
Sound pattern,Crackles,0.9994582881906826,0.09836852207293666,0.09373889199207841
Sound pattern,Crackles,0.9994582881906826,0.09863145514808083,0.09373889199207841
Sound pattern,Crackles,0.9994582881906826,0.09889049686444766,0.09373889199207841
Sound pattern,Crackles,0.9989165763813651,0.09909716251074807,0.09373889199207841
Sound pattern,Crackles,0.9989165763813651,0.09936415562021769,0.09373889199207841
Sound pattern,Crackles,0.9989165763813651,0.09962720838510995,0.09373889199207841
Sound pattern,Crackles,0.9989165763813651,0.09989165763813651,0.09373889199207841
Sound pattern,Crackles,0.9989165763813651,0.10016295491580662,0.09373889199207841
Sound pattern,Crackles,0.9989165763813651,0.1004302597897718,0.09373889199207841
Sound pattern,Crackles,0.9989165763813651,0.10069899519440804,0.09373889199207841
Sound pattern,Crackles,0.9989165763813651,0.10097470156609353,0.09373889199207841
Sound pattern,Crackles,0.9989165763813651,0.1012463624883325,0.09373889199207841
Sound pattern,Crackles,0.9989165763813651,0.10152507845620216,0.09373889199207841
Sound pattern,Crackles,0.9983748645720477,0.10174450701115159,0.09373889199207841
Sound pattern,Crackles,0.9983748645720477,0.10202048159424301,0.09373889199207841
Sound pattern,Crackles,0.9983748645720477,0.10230363585900638,0.09373889199207841
Sound pattern,Crackles,0.9983748645720477,0.10258265612824223,0.09373889199207841
Sound pattern,Crackles,0.9983748645720477,0.10286320254506894,0.09373889199207841
Sound pattern,Crackles,0.9983748645720477,0.10315106061454077,0.09373889199207841
Sound pattern,Crackles,0.9983748645720477,0.10343472892580537,0.09373889199207841
Sound pattern,Crackles,0.9983748645720477,0.10371996173110473,0.09373889199207841
Sound pattern,Crackles,0.9983748645720477,0.10401264179694114,0.09373889199207841
Sound pattern,Crackles,0.9978331527627302,0.10424448217317488,0.09373889199207841
Sound pattern,Crackles,0.9978331527627302,0.10453436240848987,0.09373889199207841
Sound pattern,Crackles,0.9978331527627302,0.10483182516646747,0.09373889199207841
Sound pattern,Crackles,0.9972914409534128,0.10506791462161853,0.09373889199207841
Sound pattern,Crackles,0.9972914409534128,0.10536858974358974,0.09373889199207841
Sound pattern,Crackles,0.9972914409534128,0.10566492567296103,0.09373889199207841
Sound pattern,Crackles,0.9972914409534128,0.10596293311845285,0.09373889199207841
Sound pattern,Crackles,0.9972914409534128,0.10626876010159317,0.09373889199207841
Sound pattern,Crackles,0.9972914409534128,0.10657018813314037,0.09373889199207841
Sound pattern,Crackles,0.9972914409534128,0.10687333101126205,0.09373889199207841
Sound pattern,Crackles,0.9972914409534128,0.10718444340940848,0.09373889199207841
Sound pattern,Crackles,0.9972914409534128,0.10749109593040229,0.09373889199207841
Sound pattern,Crackles,0.9972914409534128,0.10779950813912637,0.09373889199207841
Sound pattern,Crackles,0.9972914409534128,0.1081160441625558,0.09373889199207841
Sound pattern,Crackles,0.9967497291440953,0.10836916190588373,0.09373889199207841
Sound pattern,Crackles,0.9967497291440953,0.10868281157708211,0.09373889199207841
Sound pattern,Crackles,0.9967497291440953,0.10900473933649289,0.09373889199207841
Sound pattern,Crackles,0.9967497291440953,0.10932208424930188,0.09373889199207841
Sound pattern,Crackles,0.9967497291440953,0.10964128232630199,0.09373889199207841
Sound pattern,Crackles,0.9967497291440953,0.10996892182644036,0.09373889199207841
Sound pattern,Crackles,0.9967497291440953,0.11029191392435413,0.09373889199207841
Sound pattern,Crackles,0.9967497291440953,0.11062345938796368,0.09373889199207841
Sound pattern,Crackles,0.9967497291440953,0.11095031355523396,0.09373889199207841
Sound pattern,Crackles,0.9967497291440953,0.11127910492893861,0.09373889199207841
Sound pattern,Crackles,0.9967497291440953,0.1116166211707613,0.09373889199207841
Sound pattern,Crackles,0.9967497291440953,0.11194937941104892,0.09373889199207841
Sound pattern,Crackles,0.9967497291440953,0.11228412766217123,0.09373889199207841
Sound pattern,Crackles,0.9962080173347779,0.11256656668911061,0.09373889199207841
Sound pattern,Crackles,0.9962080173347779,0.11290520628683694,0.09373889199207841
Sound pattern,Crackles,0.9962080173347779,0.11324588952521707,0.09373889199207841
Sound pattern,Crackles,0.9956663055254604,0.11353388103032924,0.09373889199207841
Sound pattern,Crackles,0.9956663055254604,0.11387856257744734,0.09373889199207841
Sound pattern,Crackles,0.9956663055254604,0.11422534335964203,0.09373889199207841
Sound pattern,Crackles,0.9956663055254604,0.11458138520042391,0.09373889199207841
Sound pattern,Crackles,0.9956663055254604,0.11493246623311656,0.09373889199207841
Sound pattern,Crackles,0.9956663055254604,0.11529293689624891,0.09373889199207841
Sound pattern,Crackles,0.9956663055254604,0.1156483986660794,0.09373889199207841
Sound pattern,Crackles,0.9956663055254604,0.11600605907599092,0.09373889199207841
Sound pattern,Crackles,0.995124593716143,0.11630999113587438,0.09373889199207841
Sound pattern,Crackles,0.9945828819068255,0.11660844712607177,0.09373889199207841
Sound pattern,Crackles,0.9945828819068255,0.11697247706422019,0.09373889199207841
Sound pattern,Crackles,0.9940411700975081,0.11728237249137159,0.09373889199207841
Sound pattern,Crackles,0.9940411700975081,0.11765083028787587,0.09373889199207841
Sound pattern,Crackles,0.9940411700975081,0.11802161049652689,0.09373889199207841
Sound pattern,Crackles,0.9940411700975081,0.11840237449993547,0.09373889199207841
Sound pattern,Crackles,0.9940411700975081,0.11877791442811833,0.09373889199207841
Sound pattern,Crackles,0.9940411700975081,0.11915584415584415,0.09373889199207841
Sound pattern,Crackles,0.9934994582881906,0.11947882736156351,0.09373889199207841
Sound pattern,Crackles,0.9934994582881906,0.1198614469642507,0.09373889199207841
Sound pattern,Crackles,0.9934994582881906,0.12025440954691495,0.09373889199207841
Sound pattern,Crackles,0.9929577464788732,0.1205762399684252,0.09373889199207841
Sound pattern,Crackles,0.9924160346695557,0.12090015178512506,0.09373889199207841
Sound pattern,Crackles,0.9924160346695557,0.12130040389326624,0.09373889199207841
Sound pattern,Crackles,0.9918743228602384,0.12162880297595323,0.09373889199207841
Sound pattern,Crackles,0.9918743228602384,0.12202599133622126,0.09373889199207841
Sound pattern,Crackles,0.9918743228602384,0.12243396857238383,0.09373889199207841
Sound pattern,Crackles,0.9918743228602384,0.12283644170132832,0.09373889199207841
Sound pattern,Crackles,0.9918743228602384,0.12324156963047722,0.09373889199207841
Sound pattern,Crackles,0.9907908992416035,0.12352265820220167,0.09373889199207841
Sound pattern,Crackles,0.9907908992416035,0.12393278221981298,0.09373889199207841
Sound pattern,Crackles,0.9907908992416035,0.12434563872459038,0.09373889199207841
Sound pattern,Crackles,0.9907908992416035,0.1247697660140528,0.09373889199207841
Sound pattern,Crackles,0.9907908992416035,0.12518822724161532,0.09373889199207841
Sound pattern,Crackles,0.9907908992416035,0.12561813186813187,0.09373889199207841
Sound pattern,Crackles,0.9907908992416035,0.1260423127282751,0.09373889199207841
Sound pattern,Crackles,0.9907908992416035,0.12646936799889366,0.09373889199207841
Sound pattern,Crackles,0.9907908992416035,0.12690813211212879,0.09373889199207841
Sound pattern,Crackles,0.9907908992416035,0.12734108473160202,0.09373889199207841
Sound pattern,Crackles,0.9907908992416035,0.1277770015369568,0.09373889199207841
Sound pattern,Crackles,0.9907908992416035,0.12822490185081323,0.09373889199207841
Sound pattern,Crackles,0.9907908992416035,0.1286669011607457,0.09373889199207841
Sound pattern,Crackles,0.9907908992416035,0.1291119582097981,0.09373889199207841
Sound pattern,Crackles,0.9907908992416035,0.12956928308302634,0.09373889199207841
Sound pattern,Crackles,0.9907908992416035,0.13002061562522216,0.09373889199207841
Sound pattern,Crackles,0.9907908992416035,0.1304751034384363,0.09373889199207841
Sound pattern,Crackles,0.9907908992416035,0.1309421534936999,0.09373889199207841
Sound pattern,Crackles,0.9907908992416035,0.13140311804008908,0.09373889199207841
Sound pattern,Crackles,0.9907908992416035,0.13186733958183128,0.09373889199207841
Sound pattern,Crackles,0.9907908992416035,0.13234442836468885,0.09373889199207841
Sound pattern,Crackles,0.9907908992416035,0.13281533657686442,0.09373889199207841
Sound pattern,Crackles,0.9907908992416035,0.13329932220683624,0.09373889199207841
Sound pattern,Crackles,0.9907908992416035,0.13377706260971328,0.09373889199207841
Sound pattern,Crackles,0.9907908992416035,0.13425823974161344,0.09373889199207841
Sound pattern,Crackles,0.9907908992416035,0.13475281809474693,0.09373889199207841
Sound pattern,Crackles,0.9907908992416035,0.1352410529429163,0.09373889199207841
Sound pattern,Crackles,0.9907908992416035,0.13573283858998145,0.09373889199207841
Sound pattern,Crackles,0.9907908992416035,0.13623836126629424,0.09373889199207841
Sound pattern,Crackles,0.9907908992416035,0.13673744019138756,0.09373889199207841
Sound pattern,Crackles,0.9902491874322861,0.13716515344788774,0.09373889199207841
Sound pattern,Crackles,0.9897074756229686,0.13760638698501168,0.09373889199207841
Sound pattern,Crackles,0.9897074756229686,0.13811611732688236,0.09373889199207841
Sound pattern,Crackles,0.9897074756229686,0.13862963806055087,0.09373889199207841
Sound pattern,Crackles,0.9897074756229686,0.13915759006778886,0.09373889199207841
Sound pattern,Crackles,0.9891657638136512,0.13960244648318043,0.09373889199207841
Sound pattern,Crackles,0.9869989165763814,0.13983115886415964,0.09373889199207841
Sound pattern,Crackles,0.9869989165763814,0.14035898621061552,0.09373889199207841
Sound pattern,Crackles,0.9864572047670639,0.14081348592638415,0.09373889199207841
Sound pattern,Crackles,0.9864572047670639,0.14136003726129484,0.09373889199207841
Sound pattern,Crackles,0.9864572047670639,0.1418997896049248,0.09373889199207841
Sound pattern,Crackles,0.9859154929577465,0.14236545682102628,0.09373889199207841
Sound pattern,Crackles,0.9859154929577465,0.1429244542170567,0.09373889199207841
Sound pattern,Crackles,0.9859154929577465,0.1434765471028774,0.09373889199207841
Sound pattern,Crackles,0.985373781148429,0.14395378284267174,0.09373889199207841
Sound pattern,Crackles,0.985373781148429,0.14452566343556333,0.09373889199207841
Sound pattern,Crackles,0.985373781148429,0.1450905320252054,0.09373889199207841
Sound pattern,Crackles,0.985373781148429,0.1456598334401025,0.09373889199207841
Sound pattern,Crackles,0.9848320693391116,0.14616497829232997,0.09373889199207841
Sound pattern,Crackles,0.9842903575297941,0.14666236177254016,0.09373889199207841
Sound pattern,Crackles,0.9842903575297941,0.1472566658562282,0.09373889199207841
Sound pattern,Crackles,0.9842903575297941,0.14784377542717655,0.09373889199207841
Sound pattern,Crackles,0.9842903575297941,0.14843558532799608,0.09373889199207841
Sound pattern,Crackles,0.9837486457204767,0.14896234927405463,0.09373889199207841
Sound pattern,Crackles,0.9837486457204767,0.14956349859990117,0.09373889199207841
Sound pattern,Crackles,0.9837486457204767,0.15016951955676838,0.09373889199207841
Sound pattern,Crackles,0.9837486457204767,0.15079299177945696,0.09373889199207841
Sound pattern,Crackles,0.9837486457204767,0.15140903785225945,0.09373889199207841
Sound pattern,Crackles,0.9837486457204767,0.1520301381331101,0.09373889199207841
Sound pattern,Crackles,0.9832069339111592,0.15258511979823455,0.09373889199207841
Sound pattern,Crackles,0.9826652221018418,0.1531318588553098,0.09373889199207841
Sound pattern,Crackles,0.9821235102925244,0.15368313978130033,0.09373889199207841
Sound pattern,Crackles,0.9815817984832069,0.1542521494849749,0.09373889199207841
Sound pattern,Crackles,0.9815817984832069,0.15489827320909558,0.09373889199207841
Sound pattern,Crackles,0.9810400866738895,0.15547733516483517,0.09373889199207841
Sound pattern,Crackles,0.9810400866738895,0.15613414949564616,0.09373889199207841
Sound pattern,Crackles,0.980498374864572,0.15670995670995672,0.09373889199207841
Sound pattern,Crackles,0.9799566630552546,0.15730434782608696,0.09373889199207841
Sound pattern,Crackles,0.9799566630552546,0.1579774692166623,0.09373889199207841
Sound pattern,Crackles,0.9799566630552546,0.1586563760743729,0.09373889199207841
Sound pattern,Crackles,0.9794149512459371,0.15926708949964763,0.09373889199207841
Sound pattern,Crackles,0.9788732394366197,0.15986906131115633,0.09373889199207841
Sound pattern,Crackles,0.9777898158179849,0.16038741780700194,0.09373889199207841
Sound pattern,Crackles,0.97670639219935,0.16092466976079972,0.09373889199207841
Sound pattern,Crackles,0.97670639219935,0.16163155535634244,0.09373889199207841
Sound pattern,Crackles,0.9756229685807151,0.16216459571402844,0.09373889199207841
Sound pattern,Crackles,0.9750812567713976,0.16280752532561504,0.09373889199207841
Sound pattern,Crackles,0.9750812567713976,0.1635322976287817,0.09373889199207841
Sound pattern,Crackles,0.9750812567713976,0.1642635517430188,0.09373889199207841
Sound pattern,Crackles,0.9750812567713976,0.16501650165016502,0.09373889199207841
Sound pattern,Crackles,0.9745395449620802,0.16566903029744912,0.09373889199207841
Sound pattern,Crackles,0.9745395449620802,0.16643537792580257,0.09373889199207841
Sound pattern,Crackles,0.9745395449620802,0.16719330855018588,0.09373889199207841
Sound pattern,Crackles,0.9739978331527628,0.16786481187564187,0.09373889199207841
Sound pattern,Crackles,0.9729144095341279,0.16846449676390582,0.09373889199207841
Sound pattern,Crackles,0.9723726977248104,0.16914813418771202,0.09373889199207841
Sound pattern,Crackles,0.9712892741061755,0.16974344409732084,0.09373889199207841
Sound pattern,Crackles,0.9702058504875406,0.17036050604014077,0.09373889199207841
Sound pattern,Crackles,0.9691224268689057,0.170967125382263,0.09373889199207841
Sound pattern,Crackles,0.9691224268689057,0.17177148343734996,0.09373889199207841
Sound pattern,Crackles,0.9691224268689057,0.17260009647853353,0.09373889199207841
Sound pattern,Crackles,0.9685807150595883,0.1733229934082978,0.09373889199207841
Sound pattern,Crackles,0.9685807150595883,0.1741501899288984,0.09373889199207841
Sound pattern,Crackles,0.9685807150595883,0.17500244690222178,0.09373889199207841
Sound pattern,Crackles,0.9680390032502708,0.17574744295830055,0.09373889199207841
Sound pattern,Crackles,0.9680390032502708,0.17661593200237202,0.09373889199207841
Sound pattern,Crackles,0.9680390032502708,0.17747541960472737,0.09373889199207841
Sound pattern,Crackles,0.9674972914409534,0.1782435129740519,0.09373889199207841
Sound pattern,Crackles,0.9674972914409534,0.17913741223671012,0.09373889199207841
Sound pattern,Crackles,0.9674972914409534,0.18002217518395322,0.09373889199207841
Sound pattern,Crackles,0.9674972914409534,0.1809157212317666,0.09373889199207841
Sound pattern,Crackles,0.9674972914409534,0.1818366931378538,0.09373889199207841
Sound pattern,Crackles,0.9674972914409534,0.18274838841706742,0.09373889199207841
Sound pattern,Crackles,0.9674972914409534,0.18366927190456603,0.09373889199207841
Sound pattern,Crackles,0.9669555796316359,0.18451519536903038,0.09373889199207841
Sound pattern,Crackles,0.9669555796316359,0.18545454545454546,0.09373889199207841
Sound pattern,Crackles,0.9669555796316359,0.18640350877192982,0.09373889199207841
Sound pattern,Crackles,0.9658721560130011,0.18717195045139617,0.09373889199207841
Sound pattern,Crackles,0.9658721560130011,0.1881397066582252,0.09373889199207841
Sound pattern,Crackles,0.9658721560130011,0.18913758353665006,0.09373889199207841
Sound pattern,Crackles,0.9658721560130011,0.19012582640221795,0.09373889199207841
Sound pattern,Crackles,0.9658721560130011,0.19112445063779612,0.09373889199207841
Sound pattern,Crackles,0.9653304442036836,0.19204655674102813,0.09373889199207841
Sound pattern,Crackles,0.9647887323943662,0.19295774647887323,0.09373889199207841
Sound pattern,Crackles,0.9642470205850487,0.19387866245507027,0.09373889199207841
Sound pattern,Crackles,0.9642470205850487,0.1949403132187055,0.09373889199207841
Sound pattern,Crackles,0.9637053087757314,0.19588196432503854,0.09373889199207841
Sound pattern,Crackles,0.9631635969664138,0.19683383150669767,0.09373889199207841
Sound pattern,Crackles,0.9631635969664138,0.19792942224201268,0.09373889199207841
Sound pattern,Crackles,0.962080173347779,0.19879113498992612,0.09373889199207841
Sound pattern,Crackles,0.9615384615384616,0.19977490151941474,0.09373889199207841
Sound pattern,Crackles,0.9615384615384616,0.20090548953027731,0.09373889199207841
Sound pattern,Crackles,0.9609967497291441,0.20191213293876623,0.09373889199207841
Sound pattern,Crackles,0.9604550379198267,0.2029532967032967,0.09373889199207841
Sound pattern,Crackles,0.9604550379198267,0.20409807758719925,0.09373889199207841
Sound pattern,Crackles,0.9599133261105092,0.20514007872192638,0.09373889199207841
Sound pattern,Crackles,0.9577464788732394,0.20586865393572426,0.09373889199207841
Sound pattern,Crackles,0.9577464788732394,0.20705000585548658,0.09373889199207841
Sound pattern,Crackles,0.9577464788732394,0.20824499411071848,0.09373889199207841
Sound pattern,Crackles,0.9566630552546046,0.20924170616113744,0.09373889199207841
Sound pattern,Crackles,0.9561213434452871,0.21034441663687284,0.09373889199207841
Sound pattern,Crackles,0.9561213434452871,0.21157995684488132,0.09373889199207841
Sound pattern,Crackles,0.9550379198266522,0.21261456825856248,0.09373889199207841
Sound pattern,Crackles,0.9544962080173348,0.2137571272594929,0.09373889199207841
Sound pattern,Crackles,0.9528710725893824,0.21466927019770563,0.09373889199207841
Sound pattern,Crackles,0.9528710725893824,0.21598722986247545,0.09373889199207841
Sound pattern,Crackles,0.9517876489707475,0.2170475602223595,0.09373889199207841
Sound pattern,Crackles,0.9507042253521126,0.2181208053691275,0.09373889199207841
Sound pattern,Crackles,0.9496208017334777,0.21923461730865432,0.09373889199207841
Sound pattern,Crackles,0.9496208017334777,0.22058638479929532,0.09373889199207841
Sound pattern,Crackles,0.948537378114843,0.2217297707990376,0.09373889199207841
Sound pattern,Crackles,0.9479956663055255,0.222986748216106,0.09373889199207841
Sound pattern,Crackles,0.9474539544962081,0.22425952045133993,0.09373889199207841
Sound pattern,Crackles,0.9463705308775732,0.2254484449606401,0.09373889199207841
Sound pattern,Crackles,0.9463705308775732,0.22688311688311688,0.09373889199207841
Sound pattern,Crackles,0.9463705308775732,0.22833616520716246,0.09373889199207841
Sound pattern,Crackles,0.9452871072589383,0.22957505591369556,0.09373889199207841
Sound pattern,Crackles,0.9452871072589383,0.2310646186440678,0.09373889199207841
Sound pattern,Crackles,0.9447453954496208,0.23244035719045716,0.09373889199207841
Sound pattern,Crackles,0.9436619718309859,0.23373138333556956,0.09373889199207841
Sound pattern,Crackles,0.9409534127843987,0.2346029173419773,0.09373889199207841
Sound pattern,Crackles,0.9404117009750813,0.23602991162474507,0.09373889199207841
Sound pattern,Crackles,0.9404117009750813,0.2376454483230664,0.09373889199207841
Sound pattern,Crackles,0.9387865655471289,0.23883682469680265,0.09373889199207841
Sound pattern,Crackles,0.9371614301191766,0.24007771301693034,0.09373889199207841
Sound pattern,Crackles,0.9366197183098591,0.24158166829677238,0.09373889199207841
Sound pattern,Crackles,0.9355362946912242,0.24296567248171075,0.09373889199207841
Sound pattern,Crackles,0.9349945828819068,0.24454519693964297,0.09373889199207841
Sound pattern,Crackles,0.9333694474539544,0.24582679412184336,0.09373889199207841
Sound pattern,Crackles,0.9328277356446371,0.24741379310344827,0.09373889199207841
Sound pattern,Crackles,0.9322860238353196,0.24905933429811866,0.09373889199207841
Sound pattern,Crackles,0.9317443120260022,0.2506923189039499,0.09373889199207841
Sound pattern,Crackles,0.9306608884073673,0.25220199647680563,0.09373889199207841
Sound pattern,Crackles,0.9295774647887324,0.25377107364685003,0.09373889199207841
Sound pattern,Crackles,0.929035752979415,0.25547445255474455,0.09373889199207841
Sound pattern,Crackles,0.9274106175514626,0.25690276110444177,0.09373889199207841
Sound pattern,Crackles,0.9252437703141928,0.25824009676443904,0.09373889199207841
Sound pattern,Crackles,0.9247020585048754,0.26001523229246004,0.09373889199207841
Sound pattern,Crackles,0.9236186348862405,0.261703760552571,0.09373889199207841
Sound pattern,Crackles,0.9236186348862405,0.26368697803897306,0.09373889199207841
Sound pattern,Crackles,0.9219934994582882,0.26523297491039427,0.09373889199207841
Sound pattern,Crackles,0.9214517876489707,0.26715878749803673,0.09373889199207841
Sound pattern,Crackles,0.9203683640303358,0.2689142133586578,0.09373889199207841
Sound pattern,Crackles,0.9203683640303358,0.2710161110224916,0.09373889199207841
Sound pattern,Crackles,0.9198266522210184,0.27303424987940184,0.09373889199207841
Sound pattern,Crackles,0.919284940411701,0.27504051863857376,0.09373889199207841
Sound pattern,Crackles,0.919284940411701,0.27724228067309264,0.09373889199207841
Sound pattern,Crackles,0.918201516793066,0.27919617855378026,0.09373889199207841
Sound pattern,Crackles,0.9171180931744312,0.2811358352706742,0.09373889199207841
Sound pattern,Crackles,0.9160346695557963,0.28310731625648755,0.09373889199207841
Sound pattern,Crackles,0.9154929577464789,0.2853283808880635,0.09373889199207841
Sound pattern,Crackles,0.9149512459371615,0.287538304392237,0.09373889199207841
Sound pattern,Crackles,0.9138678223185266,0.28966346153846156,0.09373889199207841
Sound pattern,Crackles,0.9133261105092091,0.29194805194805196,0.09373889199207841
Sound pattern,Crackles,0.9122426868905742,0.29409710094306674,0.09373889199207841
Sound pattern,Crackles,0.9106175514626219,0.29615926708949963,0.09373889199207841
Sound pattern,Crackles,0.909534127843987,0.2983827972276524,0.09373889199207841
Sound pattern,Crackles,0.9084507042253521,0.3006453926138401,0.09373889199207841
Sound pattern,Crackles,0.9079089924160346,0.3031837916063676,0.09373889199207841
Sound pattern,Crackles,0.9073672806067172,0.3057127212995072,0.09373889199207841
Sound pattern,Crackles,0.9062838569880823,0.30810313075506446,0.09373889199207841
Sound pattern,Crackles,0.90465872156013,0.3104089219330855,0.09373889199207841
Sound pattern,Crackles,0.9041170097508126,0.3130744700806603,0.09373889199207841
Sound pattern,Crackles,0.9030335861321777,0.31560015145778114,0.09373889199207841
Sound pattern,Crackles,0.9008667388949079,0.31785168195718655,0.09373889199207841
Sound pattern,Crackles,0.8986998916576381,0.3200848929191588,0.09373889199207841
Sound pattern,Crackles,0.8959913326110509,0.3221659524737047,0.09373889199207841
Sound pattern,Crackles,0.8921993499458288,0.3239575137686861,0.09373889199207841
Sound pattern,Crackles,0.8905742145178764,0.3265143992055611,0.09373889199207841
Sound pattern,Crackles,0.890032502708559,0.32958876629889666,0.09373889199207841
Sound pattern,Crackles,0.8889490790899242,0.3324554294975689,0.09373889199207841
Sound pattern,Crackles,0.8878656554712893,0.33537957847350114,0.09373889199207841
Sound pattern,Crackles,0.886240520043337,0.3382261732478809,0.09373889199207841
Sound pattern,Crackles,0.8846153846153846,0.3410609857978279,0.09373889199207841
Sound pattern,Crackles,0.8835319609967497,0.34416543574593794,0.09373889199207841
Sound pattern,Crackles,0.8819068255687974,0.3471955640861591,0.09373889199207841
Sound pattern,Crackles,0.8819068255687974,0.35086206896551725,0.09373889199207841
Sound pattern,Crackles,0.8802816901408451,0.35395338706164237,0.09373889199207841
Sound pattern,Crackles,0.8791982665222102,0.3574102620568157,0.09373889199207841
Sound pattern,Crackles,0.8775731310942578,0.3606411398040962,0.09373889199207841
Sound pattern,Crackles,0.8743228602383532,0.3632680621201891,0.09373889199207841
Sound pattern,Crackles,0.8721560130010835,0.36649214659685864,0.09373889199207841
Sound pattern,Crackles,0.8710725893824486,0.3701657458563536,0.09373889199207841
Sound pattern,Crackles,0.8683640303358613,0.37331159757801585,0.09373889199207841
Sound pattern,Crackles,0.8661971830985915,0.37667844522968197,0.09373889199207841
Sound pattern,Crackles,0.8640303358613218,0.38012392755004765,0.09373889199207841
Sound pattern,Crackles,0.8629469122426869,0.3842257597684515,0.09373889199207841
Sound pattern,Crackles,0.8613217768147345,0.3880888454967049,0.09373889199207841
Sound pattern,Crackles,0.8602383531960996,0.3922924901185771,0.09373889199207841
Sound pattern,Crackles,0.8575297941495125,0.3959479739869935,0.09373889199207841
Sound pattern,Crackles,0.8553629469122427,0.39984806280070906,0.09373889199207841
Sound pattern,Crackles,0.852112676056338,0.4033333333333333,0.09373889199207841
Sound pattern,Crackles,0.8499458288190682,0.4075324675324675,0.09373889199207841
Sound pattern,Crackles,0.8483206933911159,0.4119968429360695,0.09373889199207841
Sound pattern,Crackles,0.8456121343445288,0.416044776119403,0.09373889199207841
Sound pattern,Crackles,0.8423618634886241,0.42004321988114535,0.09373889199207841
Sound pattern,Crackles,0.8374864572047671,0.4232137968792773,0.09373889199207841
Sound pattern,Crackles,0.8353196099674973,0.4279766860949209,0.09373889199207841
Sound pattern,Crackles,0.8304442036836404,0.4313449634214969,0.09373889199207841
Sound pattern,Crackles,0.8293607800650055,0.4368045649072753,0.09373889199207841
Sound pattern,Crackles,0.8261105092091008,0.44138929088277856,0.09373889199207841
Sound pattern,Crackles,0.8223185265438786,0.44568408690546096,0.09373889199207841
Sound pattern,Crackles,0.8206933911159263,0.451295799821269,0.09373889199207841
Sound pattern,Crackles,0.8174431202600216,0.4563048079830662,0.09373889199207841
Sound pattern,Crackles,0.8109425785482124,0.4594843462246777,0.09373889199207841
Sound pattern,Crackles,0.8060671722643553,0.46369585540666874,0.09373889199207841
Sound pattern,Crackles,0.8022751895991332,0.4688192465970244,0.09373889199207841
Sound pattern,Crackles,0.7979414951245937,0.47363344051446943,0.09373889199207841
Sound pattern,Crackles,0.7941495124593716,0.47892845475334855,0.09373889199207841
Sound pattern,Crackles,0.7903575297941495,0.4845566257057456,0.09373889199207841
Sound pattern,Crackles,0.7865655471289275,0.4902093180283592,0.09373889199207841
Sound pattern,Crackles,0.7833152762730228,0.4965659340659341,0.09373889199207841
Sound pattern,Crackles,0.7795232936078007,0.5026196297589941,0.09373889199207841
Sound pattern,Crackles,0.7741061755146262,0.507818052594172,0.09373889199207841
Sound pattern,Crackles,0.7708559046587216,0.5148335745296672,0.09373889199207841
Sound pattern,Crackles,0.766522210184182,0.5211786372007366,0.09373889199207841
Sound pattern,Crackles,0.7627302275189599,0.5281320330082521,0.09373889199207841
Sound pattern,Crackles,0.752979414951246,0.5313455657492355,0.09373889199207841
Sound pattern,Crackles,0.747020585048754,0.5372029606544605,0.09373889199207841
Sound pattern,Crackles,0.742145178764897,0.5440826052422557,0.09373889199207841
Sound pattern,Crackles,0.7361863488624052,0.5506482982171799,0.09373889199207841
Sound pattern,Crackles,0.728602383531961,0.5560148821827201,0.09373889199207841
Sound pattern,Crackles,0.7258938244853738,0.5654008438818565,0.09373889199207841
Sound pattern,Crackles,0.718851570964247,0.5719827586206897,0.09373889199207841
Sound pattern,Crackles,0.7134344528710725,0.5799207397622193,0.09373889199207841
Sound pattern,Crackles,0.7053087757313109,0.585958595859586,0.09373889199207841
Sound pattern,Crackles,0.6988082340195017,0.5939226519337016,0.09373889199207841
Sound pattern,Crackles,0.6890574214517876,0.599152143193594,0.09373889199207841
Sound pattern,Crackles,0.680931744312026,0.6063675832127352,0.09373889199207841
Sound pattern,Crackles,0.6738894907908992,0.6146245059288538,0.09373889199207841
Sound pattern,Crackles,0.6657638136511376,0.6222784810126583,0.09373889199207841
Sound pattern,Crackles,0.6554712892741061,0.6285714285714286,0.09373889199207841
Sound pattern,Crackles,0.6462621885157096,0.6359275053304904,0.09373889199207841
Sound pattern,Crackles,0.6359696641386782,0.6425834701696771,0.09373889199207841
Sound pattern,Crackles,0.624593716143012,0.6488463702870005,0.09373889199207841
Sound pattern,Crackles,0.613759479956663,0.6556712962962963,0.09373889199207841
Sound pattern,Crackles,0.6045503791982665,0.6646813579511615,0.09373889199207841
Sound pattern,Crackles,0.5947995666305526,0.6740331491712708,0.09373889199207841
Sound pattern,Crackles,0.5845070422535211,0.6829113924050633,0.09373889199207841
Sound pattern,Crackles,0.5725893824485374,0.6903984323971261,0.09373889199207841
Sound pattern,Crackles,0.5617551462621885,0.7002025658338961,0.09373889199207841
Sound pattern,Crackles,0.5492957746478874,0.7081005586592178,0.09373889199207841
Sound pattern,Crackles,0.5362946912242686,0.7163531114327062,0.09373889199207841
Sound pattern,Crackles,0.5249187432286024,0.7269317329332333,0.09373889199207841
Sound pattern,Crackles,0.5102925243770314,0.7336448598130841,0.09373889199207841
Sound pattern,Crackles,0.4945828819068256,0.7398703403565641,0.09373889199207841
Sound pattern,Crackles,0.48049837486457203,0.7485232067510549,0.09373889199207841
Sound pattern,Crackles,0.46803900325027087,0.7605633802816901,0.09373889199207841
Sound pattern,Crackles,0.4550379198266522,0.7734806629834254,0.09373889199207841
Sound pattern,Crackles,0.4387865655471289,0.781099324975892,0.09373889199207841
Sound pattern,Crackles,0.4230769230769231,0.7904858299595142,0.09373889199207841
Sound pattern,Crackles,0.4068255687973998,0.8006396588486141,0.09373889199207841
Sound pattern,Crackles,0.3916576381365114,0.813273340832396,0.09373889199207841
Sound pattern,Crackles,0.37269772481040087,0.819047619047619,0.09373889199207841
Sound pattern,Crackles,0.3564463705308776,0.8329113924050633,0.09373889199207841
Sound pattern,Crackles,0.3391115926327194,0.844804318488529,0.09373889199207841
Sound pattern,Crackles,0.32015167930660887,0.8552821997105644,0.09373889199207841
Sound pattern,Crackles,0.3028169014084507,0.8707165109034268,0.09373889199207841
Sound pattern,Crackles,0.28169014084507044,0.8768971332209107,0.09373889199207841
Sound pattern,Crackles,0.2605633802816901,0.8858195211786372,0.09373889199207841
Sound pattern,Crackles,0.2372697724810401,0.8866396761133604,0.09373889199207841
Sound pattern,Crackles,0.2172264355362947,0.9011235955056179,0.09373889199207841
Sound pattern,Crackles,0.19555796316359697,0.9139240506329114,0.09373889199207841
Sound pattern,Crackles,0.17118093174431204,0.9132947976878613,0.09373889199207841
Sound pattern,Crackles,0.14842903575297942,0.9225589225589226,0.09373889199207841
Sound pattern,Crackles,0.12405200433369447,0.9271255060728745,0.09373889199207841
Sound pattern,Crackles,0.09967497291440953,0.9292929292929293,0.09373889199207841
Sound pattern,Crackles,0.0780065005417118,0.9664429530201343,0.09373889199207841
Sound pattern,Crackles,0.051462621885157094,0.9595959595959596,0.09373889199207841
Sound pattern,Crackles,0.025460455037919827,0.94,0.09373889199207841
Sound pattern,Crackles,0.0,1.0,0.09373889199207841
Sound pattern,Wheeze/rhonchi,1.0,0.07368100340222414,0.07368100340222414
Sound pattern,Wheeze/rhonchi,1.0,0.07386479332111587,0.07368100340222414
Sound pattern,Wheeze/rhonchi,1.0,0.07404950242408778,0.07368100340222414
Sound pattern,Wheeze/rhonchi,0.9993108201240524,0.07418777180864672,0.07368100340222414
Sound pattern,Wheeze/rhonchi,0.9993108201240524,0.07437423061140747,0.07368100340222414
Sound pattern,Wheeze/rhonchi,0.9993108201240524,0.07456162904304006,0.07368100340222414
Sound pattern,Wheeze/rhonchi,0.9993108201240524,0.0747538279115327,0.07368100340222414
Sound pattern,Wheeze/rhonchi,0.9993108201240524,0.07494314657845773,0.07368100340222414
Sound pattern,Wheeze/rhonchi,0.9993108201240524,0.07513342660241464,0.07368100340222414
Sound pattern,Wheeze/rhonchi,0.9993108201240524,0.0753285884981038,0.07368100340222414
Sound pattern,Wheeze/rhonchi,0.9986216402481047,0.07546875,0.07368100340222414
Sound pattern,Wheeze/rhonchi,0.9986216402481047,0.07566184533444728,0.07368100340222414
Sound pattern,Wheeze/rhonchi,0.9986216402481047,0.07585990262289932,0.07368100340222414
Sound pattern,Wheeze/rhonchi,0.9986216402481047,0.07605500734830989,0.07368100340222414
Sound pattern,Wheeze/rhonchi,0.9979324603721571,0.07619849497447771,0.07368100340222414
Sound pattern,Wheeze/rhonchi,0.9979324603721571,0.07639951458871946,0.07368100340222414
Sound pattern,Wheeze/rhonchi,0.9979324603721571,0.07659754549301735,0.07368100340222414
Sound pattern,Wheeze/rhonchi,0.9979324603721571,0.07680067890102896,0.07368100340222414
Sound pattern,Wheeze/rhonchi,0.9979324603721571,0.07700079766019675,0.07368100340222414
Sound pattern,Wheeze/rhonchi,0.9979324603721571,0.07720196203881424,0.07368100340222414
Sound pattern,Wheeze/rhonchi,0.9979324603721571,0.07740831818667807,0.07368100340222414
Sound pattern,Wheeze/rhonchi,0.9979324603721571,0.07761162030337139,0.07368100340222414
Sound pattern,Wheeze/rhonchi,0.9979324603721571,0.07781599312123817,0.07368100340222414
Sound pattern,Wheeze/rhonchi,0.9979324603721571,0.07802564931565902,0.07368100340222414
Sound pattern,Wheeze/rhonchi,0.9979324603721571,0.07823221135663731,0.07368100340222414
Sound pattern,Wheeze/rhonchi,0.9979324603721571,0.07843986998916576,0.07368100340222414
Sound pattern,Wheeze/rhonchi,0.9979324603721571,0.07865290602933188,0.07368100340222414
Sound pattern,Wheeze/rhonchi,0.9972432804962095,0.0788083437721257,0.07368100340222414
Sound pattern,Wheeze/rhonchi,0.9972432804962095,0.07901922236784623,0.07368100340222414
Sound pattern,Wheeze/rhonchi,0.9972432804962095,0.07923557113131093,0.07368100340222414
Sound pattern,Wheeze/rhonchi,0.9972432804962095,0.0794487454016362,0.07368100340222414
Sound pattern,Wheeze/rhonchi,0.9972432804962095,0.07966745581677036,0.07368100340222414
Sound pattern,Wheeze/rhonchi,0.9972432804962095,0.07988296345368223,0.07368100340222414
Sound pattern,Wheeze/rhonchi,0.9972432804962095,0.08009964018820924,0.07368100340222414
Sound pattern,Wheeze/rhonchi,0.9972432804962095,0.08032195392728282,0.07368100340222414
Sound pattern,Wheeze/rhonchi,0.9972432804962095,0.08054102193031282,0.07368100340222414
Sound pattern,Wheeze/rhonchi,0.9972432804962095,0.08076128816208071,0.07368100340222414
Sound pattern,Wheeze/rhonchi,0.9972432804962095,0.08098729501315274,0.07368100340222414
Sound pattern,Wheeze/rhonchi,0.9972432804962095,0.08121001234706476,0.07368100340222414
Sound pattern,Wheeze/rhonchi,0.9972432804962095,0.08143395801677078,0.07368100340222414
Sound pattern,Wheeze/rhonchi,0.9972432804962095,0.08166375077600316,0.07368100340222414
Sound pattern,Wheeze/rhonchi,0.9972432804962095,0.08189020939445388,0.07368100340222414
Sound pattern,Wheeze/rhonchi,0.9972432804962095,0.08211792747290166,0.07368100340222414
Sound pattern,Wheeze/rhonchi,0.9972432804962095,0.08235160207159524,0.07368100340222414
Sound pattern,Wheeze/rhonchi,0.9965541006202618,0.08252482593311265,0.07368100340222414
Sound pattern,Wheeze/rhonchi,0.9965541006202618,0.08276098901098901,0.07368100340222414
Sound pattern,Wheeze/rhonchi,0.9965541006202618,0.08299374390173908,0.07368100340222414
Sound pattern,Wheeze/rhonchi,0.9965541006202618,0.08322781167261425,0.07368100340222414
Sound pattern,Wheeze/rhonchi,0.9965541006202618,0.08346802124220734,0.07368100340222414
Sound pattern,Wheeze/rhonchi,0.9958649207443143,0.08364688856729378,0.07368100340222414
Sound pattern,Wheeze/rhonchi,0.9958649207443143,0.08388482526413561,0.07368100340222414
Sound pattern,Wheeze/rhonchi,0.9958649207443143,0.08412901723334885,0.07368100340222414
Sound pattern,Wheeze/rhonchi,0.9958649207443143,0.0843697086471653,0.07368100340222414
Sound pattern,Wheeze/rhonchi,0.9958649207443143,0.08461178123902097,0.07368100340222414
Sound pattern,Wheeze/rhonchi,0.9958649207443143,0.08486023020906742,0.07368100340222414
Sound pattern,Wheeze/rhonchi,0.9951757408683667,0.08504623358266093,0.07368100340222414
Sound pattern,Wheeze/rhonchi,0.9951757408683667,0.08529238038984052,0.07368100340222414
Sound pattern,Wheeze/rhonchi,0.9951757408683667,0.08554502369668246,0.07368100340222414
Sound pattern,Wheeze/rhonchi,0.9951757408683667,0.085794070465213,0.07368100340222414
Sound pattern,Wheeze/rhonchi,0.9951757408683667,0.08604457156477179,0.07368100340222414
Sound pattern,Wheeze/rhonchi,0.9951757408683667,0.0863016973464021,0.07368100340222414
Sound pattern,Wheeze/rhonchi,0.9951757408683667,0.08655517592759096,0.07368100340222414
Sound pattern,Wheeze/rhonchi,0.9951757408683667,0.08681536704142367,0.07368100340222414
Sound pattern,Wheeze/rhonchi,0.9951757408683667,0.08707187650747708,0.07368100340222414
Sound pattern,Wheeze/rhonchi,0.9951757408683667,0.08732990625944966,0.07368100340222414
Sound pattern,Wheeze/rhonchi,0.9951757408683667,0.0875947831361844,0.07368100340222414
Sound pattern,Wheeze/rhonchi,0.9951757408683667,0.0878559260160623,0.07368100340222414
Sound pattern,Wheeze/rhonchi,0.9951757408683667,0.08811863062183438,0.07368100340222414
Sound pattern,Wheeze/rhonchi,0.9951757408683667,0.0883883209891657,0.07368100340222414
Sound pattern,Wheeze/rhonchi,0.9951757408683667,0.08865422396856582,0.07368100340222414
Sound pattern,Wheeze/rhonchi,0.9951757408683667,0.08892173163372129,0.07368100340222414
Sound pattern,Wheeze/rhonchi,0.9951757408683667,0.08919636790413243,0.07368100340222414
Sound pattern,Wheeze/rhonchi,0.9951757408683667,0.08946716232961587,0.07368100340222414
Sound pattern,Wheeze/rhonchi,0.9951757408683667,0.0897396059909266,0.07368100340222414
Sound pattern,Wheeze/rhonchi,0.9951757408683667,0.09001932547846145,0.07368100340222414
Sound pattern,Wheeze/rhonchi,0.9951757408683667,0.0902951475737869,0.07368100340222414
Sound pattern,Wheeze/rhonchi,0.9951757408683667,0.09057834650608455,0.07368100340222414
Sound pattern,Wheeze/rhonchi,0.9951757408683667,0.09085761026867174,0.07368100340222414
Sound pattern,Wheeze/rhonchi,0.9951757408683667,0.0911386013632921,0.07368100340222414
Sound pattern,Wheeze/rhonchi,0.9951757408683667,0.091427124224389,0.07368100340222414
Sound pattern,Wheeze/rhonchi,0.9951757408683667,0.09171165449349,0.07368100340222414
Sound pattern,Wheeze/rhonchi,0.9951757408683667,0.09199796126401631,0.07368100340222414
Sound pattern,Wheeze/rhonchi,0.9951757408683667,0.09229195960628915,0.07368100340222414
Sound pattern,Wheeze/rhonchi,0.9951757408683667,0.09258190677694428,0.07368100340222414
Sound pattern,Wheeze/rhonchi,0.9951757408683667,0.09287368150244404,0.07368100340222414
Sound pattern,Wheeze/rhonchi,0.9951757408683667,0.09317331268550781,0.07368100340222414
Sound pattern,Wheeze/rhonchi,0.9951757408683667,0.09346883293417049,0.07368100340222414
Sound pattern,Wheeze/rhonchi,0.9951757408683667,0.09376623376623376,0.07368100340222414
Sound pattern,Wheeze/rhonchi,0.9951757408683667,0.09407166123778501,0.07368100340222414
Sound pattern,Wheeze/rhonchi,0.9951757408683667,0.09437291680282335,0.07368100340222414
Sound pattern,Wheeze/rhonchi,0.9951757408683667,0.09468231591371058,0.07368100340222414
Sound pattern,Wheeze/rhonchi,0.9951757408683667,0.09498750164452045,0.07368100340222414
Sound pattern,Wheeze/rhonchi,0.9951757408683667,0.09529466112320993,0.07368100340222414
Sound pattern,Wheeze/rhonchi,0.9951757408683667,0.09561014368006357,0.07368100340222414
Sound pattern,Wheeze/rhonchi,0.9951757408683667,0.09592134980736017,0.07368100340222414
Sound pattern,Wheeze/rhonchi,0.9951757408683667,0.09623458847050984,0.07368100340222414
Sound pattern,Wheeze/rhonchi,0.9951757408683667,0.09655633567368772,0.07368100340222414
Sound pattern,Wheeze/rhonchi,0.994486560992419,0.09680665503823964,0.07368100340222414
Sound pattern,Wheeze/rhonchi,0.994486560992419,0.0971259339032106,0.07368100340222414
Sound pattern,Wheeze/rhonchi,0.994486560992419,0.09745390693590869,0.07368100340222414
Sound pattern,Wheeze/rhonchi,0.994486560992419,0.09777747662284862,0.07368100340222414
Sound pattern,Wheeze/rhonchi,0.994486560992419,0.09810320212115031,0.07368100340222414
Sound pattern,Wheeze/rhonchi,0.9937973811164714,0.09836960229210724,0.07368100340222414
Sound pattern,Wheeze/rhonchi,0.9937973811164714,0.09869952087611225,0.07368100340222414
Sound pattern,Wheeze/rhonchi,0.9937973811164714,0.09903846153846153,0.07368100340222414
Sound pattern,Wheeze/rhonchi,0.9937973811164714,0.09937288953207911,0.07368100340222414
Sound pattern,Wheeze/rhonchi,0.9937973811164714,0.09970958373668926,0.07368100340222414
Sound pattern,Wheeze/rhonchi,0.9937973811164714,0.10005550929780738,0.07368100340222414
Sound pattern,Wheeze/rhonchi,0.9937973811164714,0.10039685302513403,0.07368100340222414
Sound pattern,Wheeze/rhonchi,0.9937973811164714,0.10074053374318849,0.07368100340222414
Sound pattern,Wheeze/rhonchi,0.9937973811164714,0.10109366236679754,0.07368100340222414
Sound pattern,Wheeze/rhonchi,0.9937973811164714,0.10144213858600071,0.07368100340222414
Sound pattern,Wheeze/rhonchi,0.9937973811164714,0.10179302555414373,0.07368100340222414
Sound pattern,Wheeze/rhonchi,0.9937973811164714,0.10215358458486823,0.07368100340222414
Sound pattern,Wheeze/rhonchi,0.9937973811164714,0.10250941920807564,0.07368100340222414
Sound pattern,Wheeze/rhonchi,0.9937973811164714,0.10286774147524612,0.07368100340222414
Sound pattern,Wheeze/rhonchi,0.9937973811164714,0.10323596792668957,0.07368100340222414
Sound pattern,Wheeze/rhonchi,0.9937973811164714,0.10359939650836986,0.07368100340222414
Sound pattern,Wheeze/rhonchi,0.9937973811164714,0.10396539293439078,0.07368100340222414
Sound pattern,Wheeze/rhonchi,0.9937973811164714,0.10434153400868307,0.07368100340222414
Sound pattern,Wheeze/rhonchi,0.9937973811164714,0.10471280226563068,0.07368100340222414
Sound pattern,Wheeze/rhonchi,0.9937973811164714,0.10509438087602944,0.07368100340222414
Sound pattern,Wheeze/rhonchi,0.9937973811164714,0.10547103569338795,0.07368100340222414
Sound pattern,Wheeze/rhonchi,0.9937973811164714,0.10585040005872422,0.07368100340222414
Sound pattern,Wheeze/rhonchi,0.9937973811164714,0.10624033006704486,0.07368100340222414
Sound pattern,Wheeze/rhonchi,0.9937973811164714,0.10662525879917184,0.07368100340222414
Sound pattern,Wheeze/rhonchi,0.9931082012405238,0.10693877551020409,0.07368100340222414
Sound pattern,Wheeze/rhonchi,0.9931082012405238,0.10733705772811918,0.07368100340222414
Sound pattern,Wheeze/rhonchi,0.9931082012405238,0.10773026315789473,0.07368100340222414
Sound pattern,Wheeze/rhonchi,0.9931082012405238,0.10812636002100998,0.07368100340222414
Sound pattern,Wheeze/rhonchi,0.9931082012405238,0.10853355426677713,0.07368100340222414
Sound pattern,Wheeze/rhonchi,0.9931082012405238,0.10893559117024494,0.07368100340222414
Sound pattern,Wheeze/rhonchi,0.9931082012405238,0.10934061764929054,0.07368100340222414
Sound pattern,Wheeze/rhonchi,0.9931082012405238,0.10975702643004037,0.07368100340222414
Sound pattern,Wheeze/rhonchi,0.9924190213645762,0.11009174311926606,0.07368100340222414
Sound pattern,Wheeze/rhonchi,0.9917298414886285,0.11043745203376823,0.07368100340222414
Sound pattern,Wheeze/rhonchi,0.9917298414886285,0.11085432555273092,0.07368100340222414
Sound pattern,Wheeze/rhonchi,0.9917298414886285,0.1112743581812558,0.07368100340222414
Sound pattern,Wheeze/rhonchi,0.9917298414886285,0.11170625679242353,0.07368100340222414
Sound pattern,Wheeze/rhonchi,0.9917298414886285,0.11213278266967973,0.07368100340222414
Sound pattern,Wheeze/rhonchi,0.9917298414886285,0.11256257822277847,0.07368100340222414
Sound pattern,Wheeze/rhonchi,0.9917298414886285,0.11300455473535417,0.07368100340222414
Sound pattern,Wheeze/rhonchi,0.9917298414886285,0.1134410721324399,0.07368100340222414
Sound pattern,Wheeze/rhonchi,0.9917298414886285,0.1138809749920861,0.07368100340222414
Sound pattern,Wheeze/rhonchi,0.9917298414886285,0.11433338630224059,0.07368100340222414
Sound pattern,Wheeze/rhonchi,0.9917298414886285,0.11478025045864242,0.07368100340222414
Sound pattern,Wheeze/rhonchi,0.9917298414886285,0.11523062139654068,0.07368100340222414
Sound pattern,Wheeze/rhonchi,0.9917298414886285,0.1156938414536099,0.07368100340222414
Sound pattern,Wheeze/rhonchi,0.9910406616126809,0.11607070788602793,0.07368100340222414
Sound pattern,Wheeze/rhonchi,0.9910406616126809,0.11654104870735067,0.07368100340222414
Sound pattern,Wheeze/rhonchi,0.9910406616126809,0.11700569568755086,0.07368100340222414
Sound pattern,Wheeze/rhonchi,0.9910406616126809,0.11747406257658688,0.07368100340222414
Sound pattern,Wheeze/rhonchi,0.9910406616126809,0.1179558690837503,0.07368100340222414
Sound pattern,Wheeze/rhonchi,0.9910406616126809,0.11843188930983363,0.07368100340222414
Sound pattern,Wheeze/rhonchi,0.9903514817367333,0.11882907467129744,0.07368100340222414
Sound pattern,Wheeze/rhonchi,0.9903514817367333,0.11932242796645354,0.07368100340222414
Sound pattern,Wheeze/rhonchi,0.9896623018607856,0.11972652993163248,0.07368100340222414
Sound pattern,Wheeze/rhonchi,0.9896623018607856,0.12021766429468397,0.07368100340222414
Sound pattern,Wheeze/rhonchi,0.988973121984838,0.12063892391761244,0.07368100340222414
Sound pattern,Wheeze/rhonchi,0.988973121984838,0.1211379368563228,0.07368100340222414
Sound pattern,Wheeze/rhonchi,0.988973121984838,0.12164109519369332,0.07368100340222414
Sound pattern,Wheeze/rhonchi,0.988973121984838,0.12215884906784712,0.07368100340222414
Sound pattern,Wheeze/rhonchi,0.988973121984838,0.12267054197298684,0.07368100340222414
Sound pattern,Wheeze/rhonchi,0.988973121984838,0.12319711538461539,0.07368100340222414
Sound pattern,Wheeze/rhonchi,0.988973121984838,0.12371756185878093,0.07368100340222414
Sound pattern,Wheeze/rhonchi,0.988973121984838,0.12424242424242424,0.07368100340222414
Sound pattern,Wheeze/rhonchi,0.988973121984838,0.12478260869565218,0.07368100340222414
Sound pattern,Wheeze/rhonchi,0.988973121984838,0.12531656623875645,0.07368100340222414
Sound pattern,Wheeze/rhonchi,0.9882839421088904,0.1257674092264515,0.07368100340222414
Sound pattern,Wheeze/rhonchi,0.9882839421088904,0.1263213530655391,0.07368100340222414
Sound pattern,Wheeze/rhonchi,0.9882839421088904,0.12686897283906928,0.07368100340222414
Sound pattern,Wheeze/rhonchi,0.9882839421088904,0.12742136129376222,0.07368100340222414
Sound pattern,Wheeze/rhonchi,0.9882839421088904,0.12799000357015353,0.07368100340222414
Sound pattern,Wheeze/rhonchi,0.9882839421088904,0.12855221873599282,0.07368100340222414
Sound pattern,Wheeze/rhonchi,0.9875947622329428,0.1290293535026112,0.07368100340222414
Sound pattern,Wheeze/rhonchi,0.9875947622329428,0.12961287988422576,0.07368100340222414
Sound pattern,Wheeze/rhonchi,0.9875947622329428,0.1301898791678023,0.07368100340222414
Sound pattern,Wheeze/rhonchi,0.9875947622329428,0.13077203869319218,0.07368100340222414
Sound pattern,Wheeze/rhonchi,0.9869055823569952,0.1312797946461313,0.07368100340222414
Sound pattern,Wheeze/rhonchi,0.9869055823569952,0.13187217975872548,0.07368100340222414
Sound pattern,Wheeze/rhonchi,0.9869055823569952,0.13248219076695347,0.07368100340222414
Sound pattern,Wheeze/rhonchi,0.9869055823569952,0.13308550185873605,0.07368100340222414
Sound pattern,Wheeze/rhonchi,0.9869055823569952,0.13369433292876481,0.07368100340222414
Sound pattern,Wheeze/rhonchi,0.9862164024810476,0.1342275583903949,0.07368100340222414
Sound pattern,Wheeze/rhonchi,0.9862164024810476,0.1348473426309838,0.07368100340222414
Sound pattern,Wheeze/rhonchi,0.9862164024810476,0.13547287702357286,0.07368100340222414
Sound pattern,Wheeze/rhonchi,0.9862164024810476,0.13611718824312755,0.07368100340222414
Sound pattern,Wheeze/rhonchi,0.9862164024810476,0.1367545871559633,0.07368100340222414
Sound pattern,Wheeze/rhonchi,0.9862164024810476,0.13739798367738837,0.07368100340222414
Sound pattern,Wheeze/rhonchi,0.9862164024810476,0.13806078147612155,0.07368100340222414
Sound pattern,Wheeze/rhonchi,0.9862164024810476,0.13871655680496317,0.07368100340222414
Sound pattern,Wheeze/rhonchi,0.9855272226051,0.1392811921690854,0.07368100340222414
Sound pattern,Wheeze/rhonchi,0.9855272226051,0.13996280708622882,0.07368100340222414
Sound pattern,Wheeze/rhonchi,0.9855272226051,0.14063729346970888,0.07368100340222414
Sound pattern,Wheeze/rhonchi,0.9855272226051,0.1413322791065428,0.07368100340222414
Sound pattern,Wheeze/rhonchi,0.9848380427291523,0.14192074684675737,0.07368100340222414
Sound pattern,Wheeze/rhonchi,0.9848380427291523,0.14261477045908183,0.07368100340222414
Sound pattern,Wheeze/rhonchi,0.9848380427291523,0.14332998996990973,0.07368100340222414
Sound pattern,Wheeze/rhonchi,0.9841488628532047,0.1439371031146054,0.07368100340222414
Sound pattern,Wheeze/rhonchi,0.9841488628532047,0.1446515397082658,0.07368100340222414
Sound pattern,Wheeze/rhonchi,0.9841488628532047,0.14538790470372634,0.07368100340222414
Sound pattern,Wheeze/rhonchi,0.9841488628532047,0.146116852552952,0.07368100340222414
Sound pattern,Wheeze/rhonchi,0.9841488628532047,0.14685314685314685,0.07368100340222414
Sound pattern,Wheeze/rhonchi,0.9841488628532047,0.1476121562952243,0.07368100340222414
Sound pattern,Wheeze/rhonchi,0.9841488628532047,0.14836363636363636,0.07368100340222414
Sound pattern,Wheeze/rhonchi,0.9841488628532047,0.14912280701754385,0.07368100340222414
Sound pattern,Wheeze/rhonchi,0.9841488628532047,0.1499055217300021,0.07368100340222414
Sound pattern,Wheeze/rhonchi,0.9841488628532047,0.15068059512503956,0.07368100340222414
Sound pattern,Wheeze/rhonchi,0.9841488628532047,0.15147979208655987,0.07368100340222414
Sound pattern,Wheeze/rhonchi,0.9841488628532047,0.15227127319257838,0.07368100340222414
Sound pattern,Wheeze/rhonchi,0.9841488628532047,0.1530710687104727,0.07368100340222414
Sound pattern,Wheeze/rhonchi,0.9841488628532047,0.15389589395408987,0.07368100340222414
Sound pattern,Wheeze/rhonchi,0.9841488628532047,0.15471289274106176,0.07368100340222414
Sound pattern,Wheeze/rhonchi,0.9841488628532047,0.1555386123515957,0.07368100340222414
Sound pattern,Wheeze/rhonchi,0.9841488628532047,0.156390318694557,0.07368100340222414
Sound pattern,Wheeze/rhonchi,0.9841488628532047,0.15723408940761946,0.07368100340222414
Sound pattern,Wheeze/rhonchi,0.9841488628532047,0.15808701428096977,0.07368100340222414
Sound pattern,Wheeze/rhonchi,0.9841488628532047,0.1589669375487031,0.07368100340222414
Sound pattern,Wheeze/rhonchi,0.9841488628532047,0.15983881799865682,0.07368100340222414
Sound pattern,Wheeze/rhonchi,0.9827705031013094,0.16049521665728755,0.07368100340222414
Sound pattern,Wheeze/rhonchi,0.9820813232253618,0.16129032258064516,0.07368100340222414
Sound pattern,Wheeze/rhonchi,0.9820813232253618,0.16218984748463464,0.07368100340222414
Sound pattern,Wheeze/rhonchi,0.9820813232253618,0.16311813186813187,0.07368100340222414
Sound pattern,Wheeze/rhonchi,0.9820813232253618,0.1640382180269368,0.07368100340222414
Sound pattern,Wheeze/rhonchi,0.9813921433494142,0.1648529752257467,0.07368100340222414
Sound pattern,Wheeze/rhonchi,0.9813921433494142,0.16581276199347927,0.07368100340222414
Sound pattern,Wheeze/rhonchi,0.9813921433494142,0.16676425810984893,0.07368100340222414
Sound pattern,Wheeze/rhonchi,0.9807029634734665,0.16760895170789164,0.07368100340222414
Sound pattern,Wheeze/rhonchi,0.9807029634734665,0.16860189573459716,0.07368100340222414
Sound pattern,Wheeze/rhonchi,0.9807029634734665,0.16958646168513883,0.07368100340222414
Sound pattern,Wheeze/rhonchi,0.980013783597519,0.17046271877247662,0.07368100340222414
Sound pattern,Wheeze/rhonchi,0.980013783597519,0.1714905933429812,0.07368100340222414
Sound pattern,Wheeze/rhonchi,0.980013783597519,0.17251000849205386,0.07368100340222414
Sound pattern,Wheeze/rhonchi,0.9793246037215714,0.17341957529899926,0.07368100340222414
Sound pattern,Wheeze/rhonchi,0.9786354238456237,0.1743614931237721,0.07368100340222414
Sound pattern,Wheeze/rhonchi,0.9786354238456237,0.17541692402717726,0.07368100340222414
Sound pattern,Wheeze/rhonchi,0.9779462439696761,0.17636092468307232,0.07368100340222414
Sound pattern,Wheeze/rhonchi,0.9779462439696761,0.17746373186593298,0.07368100340222414
Sound pattern,Wheeze/rhonchi,0.9779462439696761,0.178557946394866,0.07368100340222414
Sound pattern,Wheeze/rhonchi,0.9779462439696761,0.17968848929973408,0.07368100340222414
Sound pattern,Wheeze/rhonchi,0.9779462439696761,0.18081039755351683,0.07368100340222414
Sound pattern,Wheeze/rhonchi,0.9779462439696761,0.18194640338504936,0.07368100340222414
Sound pattern,Wheeze/rhonchi,0.9779462439696761,0.18312040263259777,0.07368100340222414
Sound pattern,Wheeze/rhonchi,0.9779462439696761,0.18428571428571427,0.07368100340222414
Sound pattern,Wheeze/rhonchi,0.9779462439696761,0.18546595216311593,0.07368100340222414
Sound pattern,Wheeze/rhonchi,0.9772570640937285,0.18655440073674517,0.07368100340222414
Sound pattern,Wheeze/rhonchi,0.9772570640937285,0.1877648305084746,0.07368100340222414
Sound pattern,Wheeze/rhonchi,0.9772570640937285,0.18899107023857123,0.07368100340222414
Sound pattern,Wheeze/rhonchi,0.9772570640937285,0.1902589561250503,0.07368100340222414
Sound pattern,Wheeze/rhonchi,0.9772570640937285,0.19151809832522962,0.07368100340222414
Sound pattern,Wheeze/rhonchi,0.9772570640937285,0.192794017675051,0.07368100340222414
Sound pattern,Wheeze/rhonchi,0.9772570640937285,0.19411362080766598,0.07368100340222414
Sound pattern,Wheeze/rhonchi,0.9765678842177808,0.19528665931642777,0.07368100340222414
Sound pattern,Wheeze/rhonchi,0.9765678842177808,0.19664168748265334,0.07368100340222414
Sound pattern,Wheeze/rhonchi,0.9765678842177808,0.19798798379209165,0.07368100340222414
Sound pattern,Wheeze/rhonchi,0.9765678842177808,0.1993528418683174,0.07368100340222414
Sound pattern,Wheeze/rhonchi,0.9765678842177808,0.20076508926041373,0.07368100340222414
Sound pattern,Wheeze/rhonchi,0.9765678842177808,0.2021686403195891,0.07368100340222414
Sound pattern,Wheeze/rhonchi,0.9765678842177808,0.20359195402298852,0.07368100340222414
Sound pattern,Wheeze/rhonchi,0.9758787043418332,0.2049204052098408,0.07368100340222414
Sound pattern,Wheeze/rhonchi,0.9751895244658856,0.20623815770295875,0.07368100340222414
Sound pattern,Wheeze/rhonchi,0.9751895244658856,0.20772166764533176,0.07368100340222414
Sound pattern,Wheeze/rhonchi,0.9751895244658856,0.20925761608991422,0.07368100340222414
Sound pattern,Wheeze/rhonchi,0.9751895244658856,0.21078504394458514,0.07368100340222414
Sound pattern,Wheeze/rhonchi,0.9751895244658856,0.21233493397358943,0.07368100340222414
Sound pattern,Wheeze/rhonchi,0.9751895244658856,0.2139401270033263,0.07368100340222414
Sound pattern,Wheeze/rhonchi,0.9751895244658856,0.21553693830921553,0.07368100340222414
Sound pattern,Wheeze/rhonchi,0.9751895244658856,0.21719109746738297,0.07368100340222414
Sound pattern,Wheeze/rhonchi,0.9751895244658856,0.218836993504485,0.07368100340222414
Sound pattern,Wheeze/rhonchi,0.9751895244658856,0.2205080255571139,0.07368100340222414
Sound pattern,Wheeze/rhonchi,0.974500344589938,0.22208261347573424,0.07368100340222414
Sound pattern,Wheeze/rhonchi,0.974500344589938,0.22380500158277936,0.07368100340222414
Sound pattern,Wheeze/rhonchi,0.9731219848380427,0.2252352847344074,0.07368100340222414
Sound pattern,Wheeze/rhonchi,0.972432804962095,0.22688535134265958,0.07368100340222414
Sound pattern,Wheeze/rhonchi,0.972432804962095,0.22868719611021068,0.07368100340222414
Sound pattern,Wheeze/rhonchi,0.972432804962095,0.23051788923378533,0.07368100340222414
Sound pattern,Wheeze/rhonchi,0.972432804962095,0.23241640586394333,0.07368100340222414
Sound pattern,Wheeze/rhonchi,0.9703652653342523,0.23380936565924942,0.07368100340222414
Sound pattern,Wheeze/rhonchi,0.9703652653342523,0.23572744014732966,0.07368100340222414
Sound pattern,Wheeze/rhonchi,0.9696760854583046,0.23754853959142327,0.07368100340222414
Sound pattern,Wheeze/rhonchi,0.968986905582357,0.2393598910452843,0.07368100340222414
Sound pattern,Wheeze/rhonchi,0.9682977257064094,0.24124313186813187,0.07368100340222414
Sound pattern,Wheeze/rhonchi,0.9682977257064094,0.24329004329004328,0.07368100340222414
Sound pattern,Wheeze/rhonchi,0.9676085458304617,0.2451973454418442,0.07368100340222414
Sound pattern,Wheeze/rhonchi,0.9676085458304617,0.24735729386892177,0.07368100340222414
Sound pattern,Wheeze/rhonchi,0.9669193659545141,0.2493335702861205,0.07368100340222414
Sound pattern,Wheeze/rhonchi,0.9669193659545141,0.2515238436715669,0.07368100340222414
Sound pattern,Wheeze/rhonchi,0.9662301860785665,0.2536179450072359,0.07368100340222414
Sound pattern,Wheeze/rhonchi,0.9662301860785665,0.25588611060412486,0.07368100340222414
Sound pattern,Wheeze/rhonchi,0.9662301860785665,0.258195211786372,0.07368100340222414
Sound pattern,Wheeze/rhonchi,0.9662301860785665,0.2605947955390335,0.07368100340222414
Sound pattern,Wheeze/rhonchi,0.9655410062026188,0.26280247608328644,0.07368100340222414
Sound pattern,Wheeze/rhonchi,0.9648518263266712,0.2650511170011359,0.07368100340222414
Sound pattern,Wheeze/rhonchi,0.9648518263266712,0.26758409785932724,0.07368100340222414
Sound pattern,Wheeze/rhonchi,0.9648518263266712,0.27011383368705383,0.07368100340222414
Sound pattern,Wheeze/rhonchi,0.9648518263266712,0.2726918582002337,0.07368100340222414
Sound pattern,Wheeze/rhonchi,0.9634734665747761,0.27498033044846576,0.07368100340222414
Sound pattern,Wheeze/rhonchi,0.9627842866988284,0.2774577954319762,0.07368100340222414
Sound pattern,Wheeze/rhonchi,0.9620951068228808,0.2800401203610832,0.07368100340222414
Sound pattern,Wheeze/rhonchi,0.9614059269469332,0.28261750405186387,0.07368100340222414
Sound pattern,Wheeze/rhonchi,0.9607167470709855,0.28524657253939023,0.07368100340222414
Sound pattern,Wheeze/rhonchi,0.9607167470709855,0.28819516229067604,0.07368100340222414
Sound pattern,Wheeze/rhonchi,0.9607167470709855,0.29114452798663326,0.07368100340222414
Sound pattern,Wheeze/rhonchi,0.9600275671950379,0.29394387001477107,0.07368100340222414
Sound pattern,Wheeze/rhonchi,0.9600275671950379,0.29707826828748135,0.07368100340222414
Sound pattern,Wheeze/rhonchi,0.9600275671950379,0.3002155172413793,0.07368100340222414
Sound pattern,Wheeze/rhonchi,0.9593383873190903,0.3032019167937269,0.07368100340222414
Sound pattern,Wheeze/rhonchi,0.9593383873190903,0.3065404096014094,0.07368100340222414
Sound pattern,Wheeze/rhonchi,0.9593383873190903,0.3098842386464826,0.07368100340222414
Sound pattern,Wheeze/rhonchi,0.957960027567195,0.31285167679495834,0.07368100340222414
Sound pattern,Wheeze/rhonchi,0.954514128187457,0.31527430002276347,0.07368100340222414
Sound pattern,Wheeze/rhonchi,0.9538249483115093,0.31860036832412525,0.07368100340222414
Sound pattern,Wheeze/rhonchi,0.9538249483115093,0.3223102002794597,0.07368100340222414
Sound pattern,Wheeze/rhonchi,0.9531357684355617,0.32579505300353356,0.07368100340222414
Sound pattern,Wheeze/rhonchi,0.9517574086836664,0.32912297426120113,0.07368100340222414
Sound pattern,Wheeze/rhonchi,0.9510682288077188,0.33285094066570187,0.07368100340222414
Sound pattern,Wheeze/rhonchi,0.9503790489317712,0.33658774713204787,0.07368100340222414
Sound pattern,Wheeze/rhonchi,0.9496898690558235,0.3404150197628458,0.07368100340222414
Sound pattern,Wheeze/rhonchi,0.9496898690558235,0.344672336168084,0.07368100340222414
Sound pattern,Wheeze/rhonchi,0.9490006891798759,0.34869587237275257,0.07368100340222414
Sound pattern,Wheeze/rhonchi,0.9476223294279807,0.3525641025641026,0.07368100340222414
Sound pattern,Wheeze/rhonchi,0.9476223294279807,0.35714285714285715,0.07368100340222414
Sound pattern,Wheeze/rhonchi,0.9476223294279807,0.36174690870823467,0.07368100340222414
Sound pattern,Wheeze/rhonchi,0.9462439696760855,0.36593816631130066,0.07368100340222414
Sound pattern,Wheeze/rhonchi,0.9448656099241902,0.3703403565640194,0.07368100340222414
Sound pattern,Wheeze/rhonchi,0.943487250172295,0.3747604708458801,0.07368100340222414
Sound pattern,Wheeze/rhonchi,0.9427980702963473,0.37968359700249793,0.07368100340222414
Sound pattern,Wheeze/rhonchi,0.9407305306685044,0.38407428249859316,0.07368100340222414
Sound pattern,Wheeze/rhonchi,0.9400413507925569,0.3891583452211127,0.07368100340222414
Sound pattern,Wheeze/rhonchi,0.9386629910406616,0.3942112879884226,0.07368100340222414
Sound pattern,Wheeze/rhonchi,0.937973811164714,0.399588960657663,0.07368100340222414
Sound pattern,Wheeze/rhonchi,0.9365954514128187,0.40482573726541554,0.07368100340222414
Sound pattern,Wheeze/rhonchi,0.9359062715368711,0.41064408829755067,0.07368100340222414
Sound pattern,Wheeze/rhonchi,0.9345279117849759,0.4162062615101289,0.07368100340222414
Sound pattern,Wheeze/rhonchi,0.9331495520330806,0.4219382985353693,0.07368100340222414
Sound pattern,Wheeze/rhonchi,0.9331495520330806,0.42861665083887307,0.07368100340222414
Sound pattern,Wheeze/rhonchi,0.9303928325292902,0.4340836012861736,0.07368100340222414
Sound pattern,Wheeze/rhonchi,0.9297036526533425,0.44070565174779486,0.07368100340222414
Sound pattern,Wheeze/rhonchi,0.9290144727773949,0.4476917967452674,0.07368100340222414
Sound pattern,Wheeze/rhonchi,0.926946933149552,0.4540850776502363,0.07368100340222414
Sound pattern,Wheeze/rhonchi,0.9248793935217091,0.4608516483516483,0.07368100340222414
Sound pattern,Wheeze/rhonchi,0.9241902136457616,0.4683898009081383,0.07368100340222414
Sound pattern,Wheeze/rhonchi,0.9221226740179187,0.47547974413646055,0.07368100340222414
Sound pattern,Wheeze/rhonchi,0.9200551343900758,0.4829956584659913,0.07368100340222414
Sound pattern,Wheeze/rhonchi,0.9186767746381805,0.49097605893186,0.07368100340222414
Sound pattern,Wheeze/rhonchi,0.9172984148862853,0.4992498124531133,0.07368100340222414
Sound pattern,Wheeze/rhonchi,0.9145416953824949,0.507262996941896,0.07368100340222414
Sound pattern,Wheeze/rhonchi,0.9131633356305996,0.5161667315932996,0.07368100340222414
Sound pattern,Wheeze/rhonchi,0.9104066161268091,0.5246227164416203,0.07368100340222414
Sound pattern,Wheeze/rhonchi,0.9076498966230186,0.5336304700162074,0.07368100340222414
Sound pattern,Wheeze/rhonchi,0.9055823569951758,0.5431996692848284,0.07368100340222414
Sound pattern,Wheeze/rhonchi,0.9035148173673329,0.5531645569620253,0.07368100340222414
Sound pattern,Wheeze/rhonchi,0.90144727773949,0.5637931034482758,0.07368100340222414
Sound pattern,Wheeze/rhonchi,0.8980013783597519,0.5737560546014971,0.07368100340222414
Sound pattern,Wheeze/rhonchi,0.892487939352171,0.5828082808280828,0.07368100340222414
Sound pattern,Wheeze/rhonchi,0.8890420399724328,0.5939226519337016,0.07368100340222414
Sound pattern,Wheeze/rhonchi,0.8835286009648519,0.6038624587847385,0.07368100340222414
Sound pattern,Wheeze/rhonchi,0.8793935217091661,0.6155330438977328,0.07368100340222414
Sound pattern,Wheeze/rhonchi,0.8731909028256375,0.6259881422924901,0.07368100340222414
Sound pattern,Wheeze/rhonchi,0.8642315644383184,0.6349367088607595,0.07368100340222414
Sound pattern,Wheeze/rhonchi,0.8594073053066851,0.6477922077922078,0.07368100340222414
Sound pattern,Wheeze/rhonchi,0.8518263266712612,0.6588486140724946,0.07368100340222414
Sound pattern,Wheeze/rhonchi,0.8463128876636802,0.6721401204159825,0.07368100340222414
Sound pattern,Wheeze/rhonchi,0.8387319090282563,0.6848621271806415,0.07368100340222414
Sound pattern,Wheeze/rhonchi,0.8297725706409372,0.6967592592592593,0.07368100340222414
Sound pattern,Wheeze/rhonchi,0.8249483115093039,0.7129243597379392,0.07368100340222414
Sound pattern,Wheeze/rhonchi,0.8166781529979324,0.7274401473296501,0.07368100340222414
Sound pattern,Wheeze/rhonchi,0.8104755341144039,0.7443037974683544,0.07368100340222414
Sound pattern,Wheeze/rhonchi,0.8008270158511371,0.75898105813194,0.07368100340222414
Sound pattern,Wheeze/rhonchi,0.7898001378359751,0.7738014854827819,0.07368100340222414
Sound pattern,Wheeze/rhonchi,0.7767057201929704,0.7870111731843575,0.07368100340222414
Sound pattern,Wheeze/rhonchi,0.7636113025499656,0.8017366136034733,0.07368100340222414
Sound pattern,Wheeze/rhonchi,0.7512060647829083,0.8177044261065266,0.07368100340222414
Sound pattern,Wheeze/rhonchi,0.7339765678842178,0.8294392523364486,0.07368100340222414
Sound pattern,Wheeze/rhonchi,0.7146795313576844,0.8403565640194489,0.07368100340222414
Sound pattern,Wheeze/rhonchi,0.6974500344589938,0.8540084388185654,0.07368100340222414
Sound pattern,Wheeze/rhonchi,0.6781529979324604,0.8661971830985915,0.07368100340222414
Sound pattern,Wheeze/rhonchi,0.653342522398346,0.8729281767955801,0.07368100340222414
Sound pattern,Wheeze/rhonchi,0.6299104066161269,0.8813886210221794,0.07368100340222414
Sound pattern,Wheeze/rhonchi,0.611302549965541,0.8977732793522267,0.07368100340222414
Sound pattern,Wheeze/rhonchi,0.5871812543073742,0.908315565031983,0.07368100340222414
Sound pattern,Wheeze/rhonchi,0.5623707787732598,0.9178852643419573,0.07368100340222414
Sound pattern,Wheeze/rhonchi,0.5327360441075121,0.9202380952380952,0.07368100340222414
Sound pattern,Wheeze/rhonchi,0.5058580289455548,0.9291139240506329,0.07368100340222414
Sound pattern,Wheeze/rhonchi,0.47691247415575466,0.9338731443994602,0.07368100340222414
Sound pattern,Wheeze/rhonchi,0.44865609924190214,0.9421128798842258,0.07368100340222414
Sound pattern,Wheeze/rhonchi,0.41902136457615435,0.9470404984423676,0.07368100340222414
Sound pattern,Wheeze/rhonchi,0.39007580978635426,0.954468802698145,0.07368100340222414
Sound pattern,Wheeze/rhonchi,0.35837353549276363,0.9576427255985267,0.07368100340222414
Sound pattern,Wheeze/rhonchi,0.3280496209510682,0.9635627530364372,0.07368100340222414
Sound pattern,Wheeze/rhonchi,0.2970365265334252,0.9685393258426966,0.07368100340222414
Sound pattern,Wheeze/rhonchi,0.26464507236388696,0.9721518987341772,0.07368100340222414
Sound pattern,Wheeze/rhonchi,0.23225361819434873,0.9739884393063584,0.07368100340222414
Sound pattern,Wheeze/rhonchi,0.19986216402481047,0.9764309764309764,0.07368100340222414
Sound pattern,Wheeze/rhonchi,0.1667815299793246,0.979757085020243,0.07368100340222414
Sound pattern,Wheeze/rhonchi,0.1330117160578911,0.9747474747474747,0.07368100340222414
Sound pattern,Wheeze/rhonchi,0.10062026188835287,0.9798657718120806,0.07368100340222414
Sound pattern,Wheeze/rhonchi,0.06616126809097174,0.9696969696969697,0.07368100340222414
Sound pattern,Wheeze/rhonchi,0.033769813921433495,0.98,0.07368100340222414
Sound pattern,Wheeze/rhonchi,0.0,1.0,0.07368100340222414
Disease group,Pneumonia,1.0,0.6185446605392779,0.6185446605392779
Disease group,Pneumonia,0.9993432394713078,0.6193019943019943,0.6185446605392779
Disease group,Pneumonia,0.9972908628191446,0.6194166836630635,0.6185446605392779
Disease group,Pneumonia,0.9957310565635006,0.6196801716650487,0.6185446605392779
Disease group,Pneumonia,0.9939249651095969,0.6197594061940107,0.6185446605392779
Disease group,Pneumonia,0.9921188736556933,0.619807159708688,0.6185446605392779
Disease group,Pneumonia,0.9903948772678762,0.6200020557097338,0.6185446605392779
Disease group,Pneumonia,0.9890813562104918,0.6203913491246138,0.6185446605392779
Disease group,Pneumonia,0.9876036450209342,0.6206789804973687,0.6185446605392779
Disease group,Pneumonia,0.9860438387652902,0.6209160463192721,0.6185446605392779
Disease group,Pneumonia,0.9834167966505213,0.6207700678861999,0.6185446605392779
Disease group,Pneumonia,0.9807076594696659,0.6205714285714286,0.6185446605392779
Disease group,Pneumonia,0.9783269025531566,0.6205154907576153,0.6185446605392779
Disease group,Pneumonia,0.9760282407027338,0.6203172284253365,0.6185446605392779
Disease group,Pneumonia,0.9738116739183975,0.6201704396925811,0.6185446605392779
Disease group,Pneumonia,0.972498152861013,0.6206318436632263,0.6185446605392779
Disease group,Pneumonia,0.9712667268697152,0.621343416837351,0.6185446605392779
Disease group,Pneumonia,0.9694606354158115,0.6214281955480714,0.6185446605392779
Disease group,Pneumonia,0.9669977834332156,0.6216815326964691,0.6185446605392779
Disease group,Pneumonia,0.9655200722436581,0.6219789518218838,0.6185446605392779
Disease group,Pneumonia,0.9642886462523602,0.6226015053535461,0.6185446605392779
Disease group,Pneumonia,0.9633035054593219,0.6232538375736973,0.6185446605392779
Disease group,Pneumonia,0.9602659880141203,0.6231752797016515,0.6185446605392779
Disease group,Pneumonia,0.9583778014941302,0.6233447244767194,0.6185446605392779
Disease group,Pneumonia,0.9559149495115343,0.6235073627844712,0.6185446605392779
Disease group,Pneumonia,0.9508250554141696,0.6227886218207238,0.6185446605392779
Disease group,Pneumonia,0.949183154092439,0.6234900776531492,0.6185446605392779
Disease group,Pneumonia,0.9478696330350546,0.6239057602939587,0.6185446605392779
Disease group,Pneumonia,0.9458172563828914,0.6243767613266854,0.6185446605392779
Disease group,Pneumonia,0.9444216402594204,0.6248777838131451,0.6185446605392779
Disease group,Pneumonia,0.9426976438716033,0.6251633275261324,0.6185446605392779
Disease group,Pneumonia,0.9414662178803054,0.6257775837607771,0.6185446605392779
Disease group,Pneumonia,0.9399885066907478,0.6263333515672009,0.6185446605392779
Disease group,Pneumonia,0.93875708069945,0.6269532320850923,0.6185446605392779
Disease group,Pneumonia,0.9362942287168541,0.6272687273127269,0.6185446605392779
Disease group,Pneumonia,0.9344881372629505,0.627612063737112,0.6185446605392779
Disease group,Pneumonia,0.9325999507429603,0.6279712548369265,0.6185446605392779
Disease group,Pneumonia,0.9311222395534028,0.6283308403966539,0.6185446605392779
Disease group,Pneumonia,0.9289877678351531,0.6288064014225383,0.6185446605392779
Disease group,Pneumonia,0.9255397750595189,0.6286383405821345,0.6185446605392779
Disease group,Pneumonia,0.9237336836056153,0.6295881826320502,0.6185446605392779
Disease group,Pneumonia,0.9206140710943272,0.6295048837992591,0.6185446605392779
Disease group,Pneumonia,0.9196289303012889,0.6306367167708158,0.6185446605392779
Disease group,Pneumonia,0.9180691240456449,0.6312729325430426,0.6185446605392779
Disease group,Pneumonia,0.9162630325917412,0.6316355404640633,0.6185446605392779
Disease group,Pneumonia,0.9144569411378376,0.6319282918250412,0.6185446605392779
Disease group,Pneumonia,0.9130613250143667,0.632650739476678,0.6185446605392779
Disease group,Pneumonia,0.9105163779656843,0.6331925097054122,0.6185446605392779
Disease group,Pneumonia,0.9069862901239636,0.6331594933807095,0.6185446605392779
Disease group,Pneumonia,0.9052622937361464,0.6335899793151,0.6185446605392779
Disease group,Pneumonia,0.9034562022822429,0.6340381402316069,0.6185446605392779
Disease group,Pneumonia,0.9017322058944257,0.6343266343266343,0.6185446605392779
Disease group,Pneumonia,0.9005007799031278,0.6350005789047123,0.6185446605392779
Disease group,Pneumonia,0.8988588785813972,0.6354982877706193,0.6185446605392779
Disease group,Pneumonia,0.8968065019292341,0.6355596928089364,0.6185446605392779
Disease group,Pneumonia,0.8953287907396765,0.6362151440905378,0.6185446605392779
Disease group,Pneumonia,0.8930301288892537,0.6366988586479367,0.6185446605392779
Disease group,Pneumonia,0.8904851818405713,0.6379837666156922,0.6185446605392779
Disease group,Pneumonia,0.8882686150562351,0.6391776937618148,0.6185446605392779
Disease group,Pneumonia,0.8859699532058123,0.639563826004504,0.6185446605392779
Disease group,Pneumonia,0.8839175765536491,0.639978601997147,0.6185446605392779
Disease group,Pneumonia,0.882029390033659,0.6406296583387991,0.6185446605392779
Disease group,Pneumonia,0.880469583778015,0.6410256410256411,0.6185446605392779
Disease group,Pneumonia,0.8782530169936786,0.6414053600335752,0.6185446605392779
Disease group,Pneumonia,0.8765290206058616,0.6420324714371618,0.6185446605392779
Disease group,Pneumonia,0.8752154995484771,0.6425385728061717,0.6185446605392779
Disease group,Pneumonia,0.8734094080945736,0.6431507677427155,0.6185446605392779
Disease group,Pneumonia,0.8709465561119777,0.6431645953319187,0.6185446605392779
Disease group,Pneumonia,0.8684837041293818,0.6440791476407914,0.6185446605392779
Disease group,Pneumonia,0.8655282817502669,0.6460963353352126,0.6185446605392779
Disease group,Pneumonia,0.8631475248337575,0.6461009033368156,0.6185446605392779
Disease group,Pneumonia,0.8613414333798539,0.646935503761253,0.6185446605392779
Disease group,Pneumonia,0.8595353419259503,0.6475354072608077,0.6185446605392779
Disease group,Pneumonia,0.8564978244807487,0.6476503817741636,0.6185446605392779
Disease group,Pneumonia,0.8539528774320664,0.6477768090671316,0.6185446605392779
Disease group,Pneumonia,0.8512437402512109,0.6483461514412555,0.6185446605392779
Disease group,Pneumonia,0.8495197438633938,0.6487367563162184,0.6185446605392779
Disease group,Pneumonia,0.8471389869468845,0.6490345304736147,0.6185446605392779
Disease group,Pneumonia,0.844265659633856,0.6492014393030743,0.6185446605392779
Disease group,Pneumonia,0.8418849027173467,0.6495439574360273,0.6185446605392779
Disease group,Pneumonia,0.8398325260651834,0.649895178197065,0.6185446605392779
Disease group,Pneumonia,0.8377801494130203,0.6500414039110771,0.6185446605392779
Disease group,Pneumonia,0.8358098678269436,0.6502938170669392,0.6185446605392779
Disease group,Pneumonia,0.8335933010426073,0.6506054975331582,0.6185446605392779
Disease group,Pneumonia,0.8311304490600115,0.6508099768578041,0.6185446605392779
Disease group,Pneumonia,0.8288317872095887,0.6517332644761474,0.6185446605392779
Disease group,Pneumonia,0.8274361710861178,0.6521936068331824,0.6185446605392779
Disease group,Pneumonia,0.8246449388391758,0.6523574490193531,0.6185446605392779
Disease group,Pneumonia,0.8195550447418111,0.6517594829274662,0.6185446605392779
Disease group,Pneumonia,0.8176668582218208,0.6521312119426439,0.6185446605392779
Disease group,Pneumonia,0.8137262950496675,0.6521481676426081,0.6185446605392779
Disease group,Pneumonia,0.8110171578688121,0.6522944866292506,0.6185446605392779
Disease group,Pneumonia,0.8090468762827354,0.652605787696179,0.6185446605392779
Disease group,Pneumonia,0.8065840243001395,0.653084286094124,0.6185446605392779
Disease group,Pneumonia,0.804942122978409,0.6543646556326749,0.6185446605392779
Disease group,Pneumonia,0.8026434611279862,0.6546805946163118,0.6185446605392779
Disease group,Pneumonia,0.8005910844758231,0.6549801867150246,0.6185446605392779
Disease group,Pneumonia,0.7985387078236598,0.6555907528476107,0.6185446605392779
Disease group,Pneumonia,0.7954190953123718,0.655326344267839,0.6185446605392779
Disease group,Pneumonia,0.7926278630654298,0.6566240478781284,0.6185446605392779
Disease group,Pneumonia,0.7896724406863147,0.6572150860890954,0.6185446605392779
Disease group,Pneumonia,0.7867170183071998,0.6571800850363462,0.6185446605392779
Disease group,Pneumonia,0.7824480748707002,0.6570837642192348,0.6185446605392779
Disease group,Pneumonia,0.7801494130202775,0.6573741007194245,0.6185446605392779
Disease group,Pneumonia,0.7768656103768163,0.6585247042449548,0.6185446605392779
Disease group,Pneumonia,0.7726787620064034,0.6586424072778166,0.6185446605392779
Disease group,Pneumonia,0.7711189557507594,0.6592966940408507,0.6185446605392779
Disease group,Pneumonia,0.7696412445612019,0.6605368843796238,0.6185446605392779
Disease group,Pneumonia,0.7669321073803465,0.6606789250353606,0.6185446605392779
Disease group,Pneumonia,0.765782776455135,0.6621707957691488,0.6185446605392779
Disease group,Pneumonia,0.7607749774238568,0.6615977725423002,0.6185446605392779
Disease group,Pneumonia,0.7589688859699532,0.6625340404185179,0.6185446605392779
Disease group,Pneumonia,0.757080699449963,0.6630716134598792,0.6185446605392779
Disease group,Pneumonia,0.7546178474673673,0.6638260995161407,0.6185446605392779
Disease group,Pneumonia,0.7523191856169444,0.6645877148451664,0.6185446605392779
Disease group,Pneumonia,0.7498563336343486,0.6647260024743469,0.6185446605392779
Disease group,Pneumonia,0.7480502421804449,0.665935832785208,0.6185446605392779
Disease group,Pneumonia,0.7432887283474263,0.6657352941176471,0.6185446605392779
Disease group,Pneumonia,0.7403333059683113,0.66602658788774,0.6185446605392779
Disease group,Pneumonia,0.7372957885231097,0.6662462908011869,0.6185446605392779
Disease group,Pneumonia,0.7353255069370331,0.6665922452928481,0.6185446605392779
Disease group,Pneumonia,0.7315491338970528,0.6671907756813418,0.6185446605392779
Disease group,Pneumonia,0.7283474263196782,0.6673687377764405,0.6185446605392779
Disease group,Pneumonia,0.7249815286101305,0.6678514709218786,0.6185446605392779
Disease group,Pneumonia,0.721944011164929,0.667831105710814,0.6185446605392779
Disease group,Pneumonia,0.7187423035875544,0.6682185925812854,0.6185446605392779
Disease group,Pneumonia,0.7157868812084394,0.6685836975692048,0.6185446605392779
Disease group,Pneumonia,0.7134882193580165,0.6687442289935365,0.6185446605392779
Disease group,Pneumonia,0.7109432723093342,0.6693461122275468,0.6185446605392779
Disease group,Pneumonia,0.7085625153928249,0.6693811074918566,0.6185446605392779
Disease group,Pneumonia,0.7070848042032674,0.6703245388746206,0.6185446605392779
Disease group,Pneumonia,0.7037189064937197,0.6704732107938991,0.6185446605392779
Disease group,Pneumonia,0.7019128150398161,0.6713780918727915,0.6185446605392779
Disease group,Pneumonia,0.6981364419998358,0.6718811724737299,0.6185446605392779
Disease group,Pneumonia,0.6952631146868073,0.6725698856416773,0.6185446605392779
Disease group,Pneumonia,0.692882357770298,0.6732610082961072,0.6185446605392779
Disease group,Pneumonia,0.6907478860520483,0.6740366898982616,0.6185446605392779
Disease group,Pneumonia,0.6886134143337985,0.6748732802317161,0.6185446605392779
Disease group,Pneumonia,0.6863147524833757,0.6748466257668712,0.6185446605392779
Disease group,Pneumonia,0.6839339955668664,0.6752857258652833,0.6185446605392779
Disease group,Pneumonia,0.681389048518184,0.6752908632332602,0.6185446605392779
Disease group,Pneumonia,0.6779410557425499,0.675611551992146,0.6185446605392779
Disease group,Pneumonia,0.6757244889582136,0.6759464564342613,0.6185446605392779
Disease group,Pneumonia,0.6720302109843198,0.6759702725020644,0.6185446605392779
Disease group,Pneumonia,0.6688285034069452,0.6759313034099395,0.6185446605392779
Disease group,Pneumonia,0.6658730810278303,0.6760293382230371,0.6185446605392779
Disease group,Pneumonia,0.663820704375667,0.676822633297062,0.6185446605392779
Disease group,Pneumonia,0.6617683277235038,0.6774518867131691,0.6185446605392779
Disease group,Pneumonia,0.659469665873081,0.677775902801215,0.6185446605392779
Disease group,Pneumonia,0.6573351941548313,0.6780421712253366,0.6185446605392779
Disease group,Pneumonia,0.6552007224365816,0.6794653499063511,0.6185446605392779
Disease group,Pneumonia,0.6526557753878992,0.6807089648086309,0.6185446605392779
Disease group,Pneumonia,0.650439208603563,0.6811382393397524,0.6185446605392779
Disease group,Pneumonia,0.6485510220835727,0.6829774358087664,0.6185446605392779
Disease group,Pneumonia,0.6451030293079386,0.683363770762675,0.6185446605392779
Disease group,Pneumonia,0.643461127986208,0.6841829608938548,0.6185446605392779
Disease group,Pneumonia,0.6408340858714391,0.6846767827383563,0.6185446605392779
Disease group,Pneumonia,0.6387817092192759,0.6850677936256383,0.6185446605392779
Disease group,Pneumonia,0.635990476972334,0.6856358969820338,0.6185446605392779
Disease group,Pneumonia,0.6336097200558246,0.6862884581184421,0.6185446605392779
Disease group,Pneumonia,0.6300796322141039,0.6866779994631833,0.6185446605392779
Disease group,Pneumonia,0.6277809703636812,0.6868151607688162,0.6185446605392779
Disease group,Pneumonia,0.6254002134471718,0.6874830791444816,0.6185446605392779
Disease group,Pneumonia,0.6231015515967491,0.687873844480696,0.6185446605392779
Disease group,Pneumonia,0.6208849848124127,0.6887350878790638,0.6185446605392779
Disease group,Pneumonia,0.6186684180280765,0.6904892798240791,0.6185446605392779
Disease group,Pneumonia,0.617190706838519,0.6915647134578236,0.6185446605392779
Disease group,Pneumonia,0.6148099499220097,0.692464170134073,0.6185446605392779
Disease group,Pneumonia,0.6118545275428947,0.692529269652481,0.6185446605392779
Disease group,Pneumonia,0.6090632952959527,0.6925231027723326,0.6185446605392779
Disease group,Pneumonia,0.6064362531811838,0.6935499014177072,0.6185446605392779
Disease group,Pneumonia,0.6048764469255398,0.6955536675162843,0.6185446605392779
Disease group,Pneumonia,0.602577785075117,0.6958005498151484,0.6185446605392779
Disease group,Pneumonia,0.6000328380264346,0.6960289496238453,0.6185446605392779
Disease group,Pneumonia,0.5980625564403579,0.6967957914873266,0.6185446605392779
Disease group,Pneumonia,0.5950250389951564,0.6967890790232647,0.6185446605392779
Disease group,Pneumonia,0.5929726623429932,0.6973353929329986,0.6185446605392779
Disease group,Pneumonia,0.5908381906247434,0.6977894124490983,0.6185446605392779
Disease group,Pneumonia,0.5866513422543305,0.6977834195879309,0.6185446605392779
Disease group,Pneumonia,0.5845168705360808,0.6986556765773722,0.6185446605392779
Disease group,Pneumonia,0.5820540185534849,0.698935331230284,0.6185446605392779
Disease group,Pneumonia,0.5789344060421968,0.6992563212692117,0.6185446605392779
Disease group,Pneumonia,0.576471554059601,0.699472058970017,0.6185446605392779
Disease group,Pneumonia,0.5748296527378705,0.7009009009009008,0.6185446605392779
Disease group,Pneumonia,0.5723668007552746,0.7008443908323281,0.6185446605392779
Disease group,Pneumonia,0.5703144241031114,0.7036361794793883,0.6185446605392779
Disease group,Pneumonia,0.5683441425170347,0.7044159544159544,0.6185446605392779
Disease group,Pneumonia,0.5668664313274773,0.705744071954211,0.6185446605392779
Disease group,Pneumonia,0.5645677694770544,0.7065652933319634,0.6185446605392779
Disease group,Pneumonia,0.5621049174944586,0.7071155633584633,0.6185446605392779
Disease group,Pneumonia,0.560627206304901,0.7083290115133285,0.6185446605392779
Disease group,Pneumonia,0.5571792135292669,0.7082333298549515,0.6185446605392779
Disease group,Pneumonia,0.5546342664805846,0.7078792958927075,0.6185446605392779
Disease group,Pneumonia,0.5507757983745177,0.7091966173361522,0.6185446605392779
Disease group,Pneumonia,0.5487234217223544,0.7101572460688482,0.6185446605392779
Disease group,Pneumonia,0.5465068549380182,0.710155749946661,0.6185446605392779
Disease group,Pneumonia,0.544290288153682,0.7105347765512807,0.6185446605392779
Disease group,Pneumonia,0.5410064855102208,0.7103589522474938,0.6185446605392779
Disease group,Pneumonia,0.5373943026024136,0.7097473707036756,0.6185446605392779
Disease group,Pneumonia,0.5350135456859043,0.7099128540305011,0.6185446605392779
Disease group,Pneumonia,0.5321402183728758,0.710278325662941,0.6185446605392779
Disease group,Pneumonia,0.5299236515885395,0.7107465316009689,0.6185446605392779
Disease group,Pneumonia,0.5277891798702898,0.7114873837981408,0.6185446605392779
Disease group,Pneumonia,0.5245053772268287,0.711232327730157,0.6185446605392779
Disease group,Pneumonia,0.5218783351120597,0.7117903930131004,0.6185446605392779
Disease group,Pneumonia,0.5194975781955504,0.7126928708187859,0.6185446605392779
Disease group,Pneumonia,0.5162137755520894,0.712279111916629,0.6185446605392779
Disease group,Pneumonia,0.5133404482390609,0.7123490544543176,0.6185446605392779
Disease group,Pneumonia,0.5105492159921189,0.7122079706825469,0.6185446605392779
Disease group,Pneumonia,0.5084968393399557,0.7139234670355002,0.6185446605392779
Disease group,Pneumonia,0.5067728429521385,0.7149640954366459,0.6185446605392779
Disease group,Pneumonia,0.5042278959034562,0.715267264469547,0.6185446605392779
Disease group,Pneumonia,0.5016008537886874,0.7154566744730679,0.6185446605392779
Disease group,Pneumonia,0.49963057220261065,0.7165057687779609,0.6185446605392779
Disease group,Pneumonia,0.49774238568262047,0.7171753016323634,0.6185446605392779
Disease group,Pneumonia,0.49478696330350547,0.7174145935007737,0.6185446605392779
Disease group,Pneumonia,0.49281668171742876,0.718663953070753,0.6185446605392779
Disease group,Pneumonia,0.4893686889417946,0.7187989870975522,0.6185446605392779
Disease group,Pneumonia,0.4872342172235449,0.7198302001212856,0.6185446605392779
Disease group,Pneumonia,0.48280108365487234,0.71956441942983,0.6185446605392779
Disease group,Pneumonia,0.48066661193662263,0.7201722017220172,0.6185446605392779
Disease group,Pneumonia,0.47730071422707493,0.7195544554455445,0.6185446605392779
Disease group,Pneumonia,0.47418110171578687,0.7195714463685063,0.6185446605392779
Disease group,Pneumonia,0.4722108201297102,0.720170276699637,0.6185446605392779
Disease group,Pneumonia,0.4695837780149413,0.7205845301083397,0.6185446605392779
Disease group,Pneumonia,0.46621788030539363,0.7203196347031964,0.6185446605392779
Disease group,Pneumonia,0.464247598719317,0.7208413001912046,0.6185446605392779
Disease group,Pneumonia,0.46194893686889416,0.7214102564102564,0.6185446605392779
Disease group,Pneumonia,0.45956817995238486,0.7221362229102167,0.6185446605392779
Disease group,Pneumonia,0.45767999343239474,0.7229931267021139,0.6185446605392779
Disease group,Pneumonia,0.45439619078893356,0.7225848563968669,0.6185446605392779
Disease group,Pneumonia,0.4520975289385108,0.7227982674891718,0.6185446605392779
Disease group,Pneumonia,0.4493883917576554,0.723404255319149,0.6185446605392779
Disease group,Pneumonia,0.4464329693785403,0.7273943285179241,0.6185446605392779
Disease group,Pneumonia,0.4439701173959445,0.7278600269179004,0.6185446605392779
Disease group,Pneumonia,0.44167145554552173,0.7281093517390715,0.6185446605392779
Disease group,Pneumonia,0.43896231836466626,0.7277800462773921,0.6185446605392779
Disease group,Pneumonia,0.43600689598555126,0.7274345980002739,0.6185446605392779
Disease group,Pneumonia,0.43354404400295543,0.7283133360915736,0.6185446605392779
Disease group,Pneumonia,0.4309990969542731,0.7288629737609329,0.6185446605392779
Disease group,Pneumonia,0.4285362449716772,0.728744939271255,0.6185446605392779
Disease group,Pneumonia,0.425088252196043,0.7284749577940349,0.6185446605392779
Disease group,Pneumonia,0.422132829816928,0.7292582612395405,0.6185446605392779
Disease group,Pneumonia,0.4199162630325917,0.7296718972895863,0.6185446605392779
Disease group,Pneumonia,0.41786388638042854,0.7305870532510407,0.6185446605392779
Disease group,Pneumonia,0.4147442738691405,0.7310085371147446,0.6185446605392779
Disease group,Pneumonia,0.411870946556112,0.7308084486525855,0.6185446605392779
Disease group,Pneumonia,0.4087513340448239,0.7299516199970679,0.6185446605392779
Disease group,Pneumonia,0.40620638699614153,0.7299011653636229,0.6185446605392779
Disease group,Pneumonia,0.4034151547491996,0.7294047795754787,0.6185446605392779
Disease group,Pneumonia,0.40136277809703635,0.7300283709123488,0.6185446605392779
Disease group,Pneumonia,0.39898202118052706,0.7301682692307693,0.6185446605392779
Disease group,Pneumonia,0.39676545439619076,0.7302810516772439,0.6185446605392779
Disease group,Pneumonia,0.3935637468188162,0.7331396237956874,0.6185446605392779
Disease group,Pneumonia,0.3901978491092685,0.7338273892234058,0.6185446605392779
Disease group,Pneumonia,0.3877349971266727,0.7333850931677018,0.6185446605392779
Disease group,Pneumonia,0.3852721451440768,0.733739837398374,0.6185446605392779
Disease group,Pneumonia,0.38272719809539446,0.7340576287198867,0.6185446605392779
Disease group,Pneumonia,0.38059272637714475,0.7344740177439797,0.6185446605392779
Disease group,Pneumonia,0.37804777932846234,0.7345669165736162,0.6185446605392779
Disease group,Pneumonia,0.37591330761021263,0.7348740170117156,0.6185446605392779
Disease group,Pneumonia,0.37402512109022246,0.7357881136950905,0.6185446605392779
Disease group,Pneumonia,0.37156226910762663,0.7356957087126138,0.6185446605392779
Disease group,Pneumonia,0.3690173220589443,0.7359201047806155,0.6185446605392779
Disease group,Pneumonia,0.36647237501026186,0.7357837481457062,0.6185446605392779
Disease group,Pneumonia,0.363845332895493,0.7352355673523556,0.6185446605392779
Disease group,Pneumonia,0.36171086117724327,0.735559265442404,0.6185446605392779
Disease group,Pneumonia,0.3592480091946474,0.7352150537634409,0.6185446605392779
Disease group,Pneumonia,0.35645677694770544,0.7349356804333108,0.6185446605392779
Disease group,Pneumonia,0.35358344963467697,0.7351083802696706,0.6185446605392779
Disease group,Pneumonia,0.3512026927181676,0.7349252705720667,0.6185446605392779
Disease group,Pneumonia,0.3489861259338314,0.7357217030114226,0.6185446605392779
Disease group,Pneumonia,0.3468516542155816,0.7361909740372887,0.6185446605392779
Disease group,Pneumonia,0.34430670716689926,0.7356604104543063,0.6185446605392779
Disease group,Pneumonia,0.34184385518430344,0.7358190493019968,0.6185446605392779
Disease group,Pneumonia,0.33938100320170755,0.7354563244974204,0.6185446605392779
Disease group,Pneumonia,0.33691815121911173,0.7357475797776981,0.6185446605392779
Disease group,Pneumonia,0.3343732041704294,0.73612868245075,0.6185446605392779
Disease group,Pneumonia,0.33199244725392,0.7366120218579235,0.6185446605392779
Disease group,Pneumonia,0.32969378540349725,0.737151248164464,0.6185446605392779
Disease group,Pneumonia,0.3273951235530745,0.7370171872112363,0.6185446605392779
Disease group,Pneumonia,0.32476808143830554,0.7377844088026856,0.6185446605392779
Disease group,Pneumonia,0.32263360972005584,0.7389996239187665,0.6185446605392779
Disease group,Pneumonia,0.32041704293571954,0.7396247868106879,0.6185446605392779
Disease group,Pneumonia,0.31803628601921025,0.7405849741923151,0.6185446605392779
Disease group,Pneumonia,0.3155734340366144,0.7409406322282189,0.6185446605392779
Disease group,Pneumonia,0.31311058205401854,0.7407263546319673,0.6185446605392779
Disease group,Pneumonia,0.3104014448731631,0.7396322378716745,0.6185446605392779
Disease group,Pneumonia,0.3079385928905673,0.7407187993680885,0.6185446605392779
Disease group,Pneumonia,0.305722026106231,0.7412420382165605,0.6185446605392779
Disease group,Pneumonia,0.3038338395862409,0.7425762439807384,0.6185446605392779
Disease group,Pneumonia,0.301370987603645,0.7425161812297735,0.6185446605392779
Disease group,Pneumonia,0.2993186109514818,0.7430201752598329,0.6185446605392779
Disease group,Pneumonia,0.2965273787045399,0.742751388032079,0.6185446605392779
Disease group,Pneumonia,0.29390033658977094,0.7427385892116183,0.6185446605392779
Disease group,Pneumonia,0.29160167473934817,0.7443419949706622,0.6185446605392779
Disease group,Pneumonia,0.2890567276906658,0.7442401183682097,0.6185446605392779
Disease group,Pneumonia,0.2865117806419834,0.7446127586942607,0.6185446605392779
Disease group,Pneumonia,0.28396683359330105,0.7453135100193924,0.6185446605392779
Disease group,Pneumonia,0.28158607667679175,0.7463011314186249,0.6185446605392779
Disease group,Pneumonia,0.2789590345620228,0.746157224418094,0.6185446605392779
Disease group,Pneumonia,0.2754289467203021,0.7445628051486907,0.6185446605392779
Disease group,Pneumonia,0.2727198095394467,0.7441756272401434,0.6185446605392779
Disease group,Pneumonia,0.2701748624907643,0.7435607772254857,0.6185446605392779
Disease group,Pneumonia,0.2678762006403415,0.7441277080957811,0.6185446605392779
Disease group,Pneumonia,0.2654133486577457,0.7440736478711162,0.6185446605392779
Disease group,Pneumonia,0.2628684016090633,0.7436135624709708,0.6185446605392779
Disease group,Pneumonia,0.2613906904195058,0.7465416178194607,0.6185446605392779
Disease group,Pneumonia,0.25868155323865033,0.7457988165680474,0.6185446605392779
Disease group,Pneumonia,0.2567112716525737,0.7516826923076924,0.6185446605392779
Disease group,Pneumonia,0.2540842295378048,0.7515784361340456,0.6185446605392779
Disease group,Pneumonia,0.2512929972908628,0.7535696701132447,0.6185446605392779
Disease group,Pneumonia,0.2483375749117478,0.7547405189620758,0.6185446605392779
Disease group,Pneumonia,0.2457105327969789,0.7540942302847065,0.6185446605392779
Disease group,Pneumonia,0.24300139561612347,0.7537560478736949,0.6185446605392779
Disease group,Pneumonia,0.24111320909613332,0.7565687789799073,0.6185446605392779
Disease group,Pneumonia,0.2384040719152779,0.7560531111689665,0.6185446605392779
Disease group,Pneumonia,0.23413512847877843,0.7552966101694916,0.6185446605392779
Disease group,Pneumonia,0.2317543715622691,0.7564308681672026,0.6185446605392779
Disease group,Pneumonia,0.22937361464575978,0.758414766558089,0.6185446605392779
Disease group,Pneumonia,0.2274033330596831,0.7662517289073306,0.6185446605392779
Disease group,Pneumonia,0.22494048107708728,0.7685834502103787,0.6185446605392779
Disease group,Pneumonia,0.22165667843362613,0.7672634271099744,0.6185446605392779
Disease group,Pneumonia,0.21853706592233807,0.7664843075151166,0.6185446605392779
Disease group,Pneumonia,0.21582792874148263,0.7653566229985443,0.6185446605392779
Disease group,Pneumonia,0.21328298169280027,0.7659198113207547,0.6185446605392779
Disease group,Pneumonia,0.21057384451194483,0.7686544800719209,0.6185446605392779
Disease group,Pneumonia,0.20761842213282983,0.7684594348222424,0.6185446605392779
Disease group,Pneumonia,0.20499138001806091,0.7704412218451095,0.6185446605392779
Disease group,Pneumonia,0.2020359576389459,0.7690625,0.6185446605392779
Disease group,Pneumonia,0.1996552007224366,0.7691334598355472,0.6185446605392779
Disease group,Pneumonia,0.19702815860766767,0.7692307692307693,0.6185446605392779
Disease group,Pneumonia,0.19399064116246614,0.7694562031911429,0.6185446605392779
Disease group,Pneumonia,0.19119940891552417,0.7699173553719009,0.6185446605392779
Disease group,Pneumonia,0.1880797964042361,0.7703429724277068,0.6185446605392779
Disease group,Pneumonia,0.1852064690912076,0.7697031729785057,0.6185446605392779
Disease group,Pneumonia,0.18216895164600608,0.7686179425008659,0.6185446605392779
Disease group,Pneumonia,0.17954190953123716,0.768177028451001,0.6185446605392779
Disease group,Pneumonia,0.17691486741646828,0.7693680828275616,0.6185446605392779
Disease group,Pneumonia,0.17404154010343978,0.7689517591585057,0.6185446605392779
Disease group,Pneumonia,0.17125030785649784,0.7697416974169742,0.6185446605392779
Disease group,Pneumonia,0.16845907560955586,0.7682515911643579,0.6185446605392779
Disease group,Pneumonia,0.1653394630982678,0.7678231033168128,0.6185446605392779
Disease group,Pneumonia,0.1618093752565471,0.7657342657342657,0.6185446605392779
Disease group,Pneumonia,0.15910023807569165,0.7644970414201183,0.6185446605392779
Disease group,Pneumonia,0.15647319596092274,0.764234161988773,0.6185446605392779
Disease group,Pneumonia,0.15302520318528856,0.7608163265306123,0.6185446605392779
Disease group,Pneumonia,0.15006978080617356,0.760715771951727,0.6185446605392779
Disease group,Pneumonia,0.14686807322879894,0.7590156979210861,0.6185446605392779
Disease group,Pneumonia,0.14358427058533782,0.7555075593952484,0.6185446605392779
Disease group,Pneumonia,0.1405467531401363,0.7538529282254514,0.6185446605392779
Disease group,Pneumonia,0.13783761595928085,0.7539290525370453,0.6185446605392779
Disease group,Pneumonia,0.1351284787784254,0.7522851919561243,0.6185446605392779
Disease group,Pneumonia,0.13225515146539693,0.7513992537313433,0.6185446605392779
Disease group,Pneumonia,0.12979229948280108,0.7528571428571429,0.6185446605392779
Disease group,Pneumonia,0.12683687710368607,0.750728862973761,0.6185446605392779
Disease group,Pneumonia,0.12388145472457106,0.7477700693756194,0.6185446605392779
Disease group,Pneumonia,0.11969460635415811,0.745398773006135,0.6185446605392779
Disease group,Pneumonia,0.1173138494376488,0.7481675392670157,0.6185446605392779
Disease group,Pneumonia,0.11476890238896642,0.7475935828877005,0.6185446605392779
Disease group,Pneumonia,0.11205976520811099,0.7463094587206124,0.6185446605392779
Disease group,Pneumonia,0.10836548723421723,0.7428249859313449,0.6185446605392779
Disease group,Pneumonia,0.1056563500533618,0.7443609022556391,0.6185446605392779
Disease group,Pneumonia,0.10245464247598719,0.7455197132616488,0.6185446605392779
Disease group,Pneumonia,0.09949922009687218,0.7449293177627535,0.6185446605392779
Disease group,Pneumonia,0.09629751251949757,0.7419354838709677,0.6185446605392779
Disease group,Pneumonia,0.09358837533864214,0.7402597402597403,0.6185446605392779
Disease group,Pneumonia,0.09096133322387324,0.7381745502998002,0.6185446605392779
Disease group,Pneumonia,0.08858057630736393,0.739041095890411,0.6185446605392779
Disease group,Pneumonia,0.0864461045891142,0.741027445460943,0.6185446605392779
Disease group,Pneumonia,0.0841474427386914,0.7416787264833574,0.6185446605392779
Disease group,Pneumonia,0.08160249569000903,0.7412378821774795,0.6185446605392779
Disease group,Pneumonia,0.0783186930465479,0.7366795366795367,0.6185446605392779
Disease group,Pneumonia,0.07347508414744273,0.7312091503267973,0.6185446605392779
Disease group,Pneumonia,0.07084804203267384,0.7382378100940975,0.6185446605392779
Disease group,Pneumonia,0.064034151547492,0.724233983286908,0.6185446605392779
Disease group,Pneumonia,0.05935473278055989,0.7325227963525835,0.6185446605392779
Disease group,Pneumonia,0.05631721533535834,0.7472766884531591,0.6185446605392779
Disease group,Pneumonia,0.05377226828667597,0.747716894977169,0.6185446605392779
Disease group,Pneumonia,0.050816845907560956,0.7413173652694611,0.6185446605392779
Disease group,Pneumonia,0.04818980379279205,0.7383647798742138,0.6185446605392779
Disease group,Pneumonia,0.04515228634759051,0.7323568575233023,0.6185446605392779
Disease group,Pneumonia,0.042278959034562025,0.7263751763046544,0.6185446605392779
Disease group,Pneumonia,0.03981610705196618,0.7282282282282282,0.6185446605392779
Disease group,Pneumonia,0.03743535013545686,0.7296,0.6185446605392779
Disease group,Pneumonia,0.03562925868155324,0.7380952380952381,0.6185446605392779
Disease group,Pneumonia,0.03234545603809211,0.7350746268656716,0.6185446605392779
Disease group,Pneumonia,0.028569082998111815,0.71900826446281,0.6185446605392779
Disease group,Pneumonia,0.02471061489204499,0.7082352941176471,0.6185446605392779
Disease group,Pneumonia,0.021426812248583862,0.6850393700787402,0.6185446605392779
Disease group,Pneumonia,0.019374435596420655,0.6880466472303207,0.6185446605392779
Disease group,Pneumonia,0.01732205894425745,0.694078947368421,0.6185446605392779
Disease group,Pneumonia,0.015433872424267301,0.706766917293233,0.6185446605392779
Disease group,Pneumonia,0.013135210573844511,0.7017543859649122,0.6185446605392779
Disease group,Pneumonia,0.010918643789508251,0.7,0.6185446605392779
Disease group,Pneumonia,0.008784172071258518,0.7086092715231788,0.6185446605392779
Disease group,Pneumonia,0.006731795419095313,0.7256637168141593,0.6185446605392779
Disease group,Pneumonia,0.004597323700845579,0.7368421052631579,0.6185446605392779
Disease group,Pneumonia,0.0022986618504227895,0.7368421052631579,0.6185446605392779
Disease group,Pneumonia,0.0,1.0,0.6185446605392779
Disease group,Bronchial disease,1.0,0.21205504493982633,0.21205504493982633
Disease group,Bronchial disease,0.9916187739463601,0.21067358567358568,0.21205504493982633
Disease group,Bronchial disease,0.9865900383141762,0.21001121419104904,0.21205504493982633
Disease group,Bronchial disease,0.9851532567049809,0.21010162913027935,0.21205504493982633
Disease group,Bronchial disease,0.9815613026819924,0.20974261884050555,0.21205504493982633
Disease group,Bronchial disease,0.9798850574712644,0.20978160565979698,0.21205504493982633
Disease group,Bronchial disease,0.9774904214559387,0.20967741935483872,0.21205504493982633
Disease group,Bronchial disease,0.9765325670498084,0.2098816263510036,0.21205504493982633
Disease group,Bronchial disease,0.9753352490421456,0.2100242355489094,0.21205504493982633
Disease group,Bronchial disease,0.9738984674329502,0.21012658227848102,0.21205504493982633
Disease group,Bronchial disease,0.9717432950191571,0.21006315353556268,0.21205504493982633
Disease group,Bronchial disease,0.9693486590038314,0.2099585062240664,0.21205504493982633
Disease group,Bronchial disease,0.9664750957854407,0.20974950628832761,0.21205504493982633
Disease group,Bronchial disease,0.9633620689655172,0.20948760674859404,0.21205504493982633
Disease group,Bronchial disease,0.9609674329501916,0.2094030473805051,0.21205504493982633
Disease group,Bronchial disease,0.9583333333333334,0.2092439611000732,0.21205504493982633
Disease group,Bronchial disease,0.9566570881226054,0.2092937971500419,0.21205504493982633
Disease group,Bronchial disease,0.9554597701149425,0.2094488188976378,0.21205504493982633
Disease group,Bronchial disease,0.9537835249042146,0.20949926362297497,0.21205504493982633
Disease group,Bronchial disease,0.9525862068965517,0.2096553178033098,0.21205504493982633
Disease group,Bronchial disease,0.9516283524904214,0.2098537255109046,0.21205504493982633
Disease group,Bronchial disease,0.9494731800766284,0.20979946028890417,0.21205504493982633
Disease group,Bronchial disease,0.9468390804597702,0.20965005302226936,0.21205504493982633
Disease group,Bronchial disease,0.9444444444444444,0.2095865660537783,0.21205504493982633
Disease group,Bronchial disease,0.9430076628352491,0.20971349451485782,0.21205504493982633
Disease group,Bronchial disease,0.9420498084291188,0.21059957173447538,0.21205504493982633
Disease group,Bronchial disease,0.9406130268199234,0.2107070056860852,0.21205504493982633
Disease group,Bronchial disease,0.9398946360153256,0.2110668961066896,0.21205504493982633
Disease group,Bronchial disease,0.9384578544061303,0.21131241238002804,0.21205504493982633
Disease group,Bronchial disease,0.9379789272030651,0.21163821050356602,0.21205504493982633
Disease group,Bronchial disease,0.9370210727969349,0.21189148210321113,0.21205504493982633
Disease group,Bronchial disease,0.9336685823754789,0.21164911518836174,0.21205504493982633
Disease group,Bronchial disease,0.9317528735632183,0.21166294946417885,0.21205504493982633
Disease group,Bronchial disease,0.9288793103448276,0.21144726083401472,0.21205504493982633
Disease group,Bronchial disease,0.9262452107279694,0.21133147571436375,0.21205504493982633
Disease group,Bronchial disease,0.9255268199233716,0.2115953136975802,0.21205504493982633
Disease group,Bronchial disease,0.9236111111111112,0.21159754224270352,0.21205504493982633
Disease group,Bronchial disease,0.9219348659003831,0.21164312022428675,0.21205504493982633
Disease group,Bronchial disease,0.9202586206896551,0.21173553719008265,0.21205504493982633
Disease group,Bronchial disease,0.9173850574712644,0.21161069376933275,0.21205504493982633
Disease group,Bronchial disease,0.9157088122605364,0.21169176262178918,0.21205504493982633
Disease group,Bronchial disease,0.9135536398467433,0.21163874403639188,0.21205504493982633
Disease group,Bronchial disease,0.9111590038314177,0.21161225738279293,0.21205504493982633
Disease group,Bronchial disease,0.9087643678160919,0.21176273645443894,0.21205504493982633
Disease group,Bronchial disease,0.9066091954022989,0.21179234728127097,0.21205504493982633
Disease group,Bronchial disease,0.905411877394636,0.2119869925992375,0.21205504493982633
Disease group,Bronchial disease,0.9022988505747126,0.21179247934348827,0.21205504493982633
Disease group,Bronchial disease,0.899904214559387,0.21181377522263556,0.21205504493982633
Disease group,Bronchial disease,0.8977490421455939,0.21184381533593263,0.21205504493982633
Disease group,Bronchial disease,0.8955938697318008,0.21213840045377197,0.21205504493982633
Disease group,Bronchial disease,0.8946360153256705,0.2124175574255174,0.21205504493982633
Disease group,Bronchial disease,0.8929597701149425,0.2128303179042292,0.21205504493982633
Disease group,Bronchial disease,0.8912835249042146,0.21344190847574263,0.21205504493982633
Disease group,Bronchial disease,0.8888888888888888,0.21381256840043777,0.21205504493982633
Disease group,Bronchial disease,0.8867337164750958,0.2139349471373274,0.21205504493982633
Disease group,Bronchial disease,0.8850574712643678,0.21403752605976373,0.21205504493982633
Disease group,Bronchial disease,0.8817049808429118,0.21394538059267867,0.21205504493982633
Disease group,Bronchial disease,0.8805076628352491,0.2141151808070809,0.21205504493982633
Disease group,Bronchial disease,0.8783524904214559,0.21425233644859812,0.21205504493982633
Disease group,Bronchial disease,0.8764367816091954,0.21433591004919184,0.21205504493982633
Disease group,Bronchial disease,0.875,0.2144743792921289,0.21205504493982633
Disease group,Bronchial disease,0.8730842911877394,0.21453368637834658,0.21205504493982633
Disease group,Bronchial disease,0.8721264367816092,0.21489261269766344,0.21205504493982633
Disease group,Bronchial disease,0.8706896551724138,0.21513519910064494,0.21205504493982633
Disease group,Bronchial disease,0.8702107279693486,0.2155525238744884,0.21205504493982633
Disease group,Bronchial disease,0.867816091954023,0.2155346734863804,0.21205504493982633
Disease group,Bronchial disease,0.8647030651340997,0.21532498509242695,0.21205504493982633
Disease group,Bronchial disease,0.8627873563218391,0.21534875381029228,0.21205504493982633
Disease group,Bronchial disease,0.860632183908046,0.21541596739391033,0.21205504493982633
Disease group,Bronchial disease,0.8584770114942529,0.21543176491797367,0.21205504493982633
Disease group,Bronchial disease,0.8536877394636015,0.2148496353884168,0.21205504493982633
Disease group,Bronchial disease,0.8520114942528736,0.21501087744742567,0.21205504493982633
Disease group,Bronchial disease,0.8503352490421456,0.2150947967775153,0.21205504493982633
Disease group,Bronchial disease,0.8481800766283525,0.2153191489361702,0.21205504493982633
Disease group,Bronchial disease,0.8450670498084292,0.21506490340666706,0.21205504493982633
Disease group,Bronchial disease,0.8441091954022989,0.21533292608430055,0.21205504493982633
Disease group,Bronchial disease,0.8431513409961686,0.2157872157872158,0.21205504493982633
Disease group,Bronchial disease,0.8417145593869731,0.2160019664474897,0.21205504493982633
Disease group,Bronchial disease,0.8407567049808429,0.21658133366232804,0.21205504493982633
Disease group,Bronchial disease,0.8395593869731801,0.21686150801014412,0.21205504493982633
Disease group,Bronchial disease,0.8383620689655172,0.21708935325851056,0.21205504493982633
Disease group,Bronchial disease,0.8366858237547893,0.21719400758376328,0.21205504493982633
Disease group,Bronchial disease,0.8350095785440613,0.21744824145672237,0.21205504493982633
Disease group,Bronchial disease,0.834051724137931,0.21804181795417554,0.21205504493982633
Disease group,Bronchial disease,0.8330938697318008,0.2184889782076242,0.21205504493982633
Disease group,Bronchial disease,0.8306992337164751,0.21849215846822448,0.21205504493982633
Disease group,Bronchial disease,0.8299808429118773,0.21899286030201554,0.21205504493982633
Disease group,Bronchial disease,0.8287835249042146,0.21939778129952456,0.21205504493982633
Disease group,Bronchial disease,0.8275862068965517,0.21970756516211062,0.21205504493982633
Disease group,Bronchial disease,0.826867816091954,0.22009050927401363,0.21205504493982633
Disease group,Bronchial disease,0.8256704980842912,0.220460358056266,0.21205504493982633
Disease group,Bronchial disease,0.8230363984674329,0.2203770197486535,0.21205504493982633
Disease group,Bronchial disease,0.8225574712643678,0.2208719135802469,0.21205504493982633
Disease group,Bronchial disease,0.8206417624521073,0.22112530649116016,0.21205504493982633
Disease group,Bronchial disease,0.8199233716475096,0.22166116398006086,0.21205504493982633
Disease group,Bronchial disease,0.8189655172413793,0.22197702343090803,0.21205504493982633
Disease group,Bronchial disease,0.8136973180076629,0.2213248225102586,0.21205504493982633
Disease group,Bronchial disease,0.8098659003831418,0.22106020001307275,0.21205504493982633
Disease group,Bronchial disease,0.8067528735632183,0.22097599370326643,0.21205504493982633
Disease group,Bronchial disease,0.8050766283524904,0.22116965989079665,0.21205504493982633
Disease group,Bronchial disease,0.8022030651340997,0.22103457376616523,0.21205504493982633
Disease group,Bronchial disease,0.8014846743295019,0.22165562913907286,0.21205504493982633
Disease group,Bronchial disease,0.8007662835249042,0.22232564324180573,0.21205504493982633
Disease group,Bronchial disease,0.7993295019157088,0.22256300840112014,0.21205504493982633
Disease group,Bronchial disease,0.7988505747126436,0.2231587397150311,0.21205504493982633
Disease group,Bronchial disease,0.7969348659003831,0.22334071538822897,0.21205504493982633
Disease group,Bronchial disease,0.796455938697318,0.22382234185733513,0.21205504493982633
Disease group,Bronchial disease,0.7950191570881227,0.2240971987850152,0.21205504493982633
Disease group,Bronchial disease,0.7935823754789272,0.2243281662492385,0.21205504493982633
Disease group,Bronchial disease,0.7907088122605364,0.224351134665036,0.21205504493982633
Disease group,Bronchial disease,0.7895114942528736,0.22482100238663486,0.21205504493982633
Disease group,Bronchial disease,0.7883141762452107,0.2255721529395642,0.21205504493982633
Disease group,Bronchial disease,0.7816091954022989,0.22511897372232567,0.21205504493982633
Disease group,Bronchial disease,0.780411877394636,0.22536477422031673,0.21205504493982633
Disease group,Bronchial disease,0.7801724137931034,0.22650166852057843,0.21205504493982633
Disease group,Bronchial disease,0.7784961685823755,0.2266768930414168,0.21205504493982633
Disease group,Bronchial disease,0.7768199233716475,0.22686901181900831,0.21205504493982633
Disease group,Bronchial disease,0.7751436781609196,0.2272057275215835,0.21205504493982633
Disease group,Bronchial disease,0.7744252873563219,0.22763426479904272,0.21205504493982633
Disease group,Bronchial disease,0.7722701149425287,0.22773815408516349,0.21205504493982633
Disease group,Bronchial disease,0.7674808429118773,0.22715996881423206,0.21205504493982633
Disease group,Bronchial disease,0.7667624521072797,0.22778686775272106,0.21205504493982633
Disease group,Bronchial disease,0.764367816091954,0.2278372591006424,0.21205504493982633
Disease group,Bronchial disease,0.7629310344827587,0.22814178302900107,0.21205504493982633
Disease group,Bronchial disease,0.7569444444444444,0.22734464902186421,0.21205504493982633
Disease group,Bronchial disease,0.7531130268199234,0.22710860774119007,0.21205504493982633
Disease group,Bronchial disease,0.7497605363984674,0.22694984053348796,0.21205504493982633
Disease group,Bronchial disease,0.7435344827586207,0.22627896808045475,0.21205504493982633
Disease group,Bronchial disease,0.7420977011494253,0.22681695088926299,0.21205504493982633
Disease group,Bronchial disease,0.741139846743295,0.22727272727272727,0.21205504493982633
Disease group,Bronchial disease,0.7399425287356322,0.22759077852250129,0.21205504493982633
Disease group,Bronchial disease,0.7358716475095786,0.2271920745231406,0.21205504493982633
Disease group,Bronchial disease,0.7349137931034483,0.22773820124666072,0.21205504493982633
Disease group,Bronchial disease,0.7313218390804598,0.22753687974966472,0.21205504493982633
Disease group,Bronchial disease,0.7253352490421456,0.22684041039466787,0.21205504493982633
Disease group,Bronchial disease,0.7246168582375478,0.227416203216594,0.21205504493982633
Disease group,Bronchial disease,0.7238984674329502,0.22787577265189204,0.21205504493982633
Disease group,Bronchial disease,0.7207854406130269,0.22771977606294447,0.21205504493982633
Disease group,Bronchial disease,0.7126436781609196,0.22629457835906014,0.21205504493982633
Disease group,Bronchial disease,0.7088122605363985,0.22602321319486865,0.21205504493982633
Disease group,Bronchial disease,0.7076149425287356,0.22636739696644706,0.21205504493982633
Disease group,Bronchial disease,0.7059386973180076,0.22678667589814602,0.21205504493982633
Disease group,Bronchial disease,0.7033045977011494,0.2266553480475382,0.21205504493982633
Disease group,Bronchial disease,0.7023467432950191,0.22713544490048787,0.21205504493982633
Disease group,Bronchial disease,0.6997126436781609,0.22757009345794393,0.21205504493982633
Disease group,Bronchial disease,0.6961206896551724,0.22741140577329266,0.21205504493982633
Disease group,Bronchial disease,0.6956417624521073,0.22803987754140828,0.21205504493982633
Disease group,Bronchial disease,0.6932471264367817,0.22806050102410588,0.21205504493982633
Disease group,Bronchial disease,0.6875,0.2272079772079772,0.21205504493982633
Disease group,Bronchial disease,0.685823754789272,0.22735571961578155,0.21205504493982633
Disease group,Bronchial disease,0.6839080459770115,0.22756972111553786,0.21205504493982633
Disease group,Bronchial disease,0.6831896551724138,0.22805755395683452,0.21205504493982633
Disease group,Bronchial disease,0.6812739463601533,0.2281841514276548,0.21205504493982633
Disease group,Bronchial disease,0.6779214559386973,0.22795716241243255,0.21205504493982633
Disease group,Bronchial disease,0.6757662835249042,0.22800355498101316,0.21205504493982633
Disease group,Bronchial disease,0.6738505747126436,0.22811284046692606,0.21205504493982633
Disease group,Bronchial disease,0.6681034482758621,0.2272357061410653,0.21205504493982633
Disease group,Bronchial disease,0.6664272030651341,0.2274250224728283,0.21205504493982633
Disease group,Bronchial disease,0.664272030651341,0.22756357670221494,0.21205504493982633
Disease group,Bronchial disease,0.6616379310344828,0.2279326843755156,0.21205504493982633
Disease group,Bronchial disease,0.6606800766283525,0.2286400928151156,0.21205504493982633
Disease group,Bronchial disease,0.6566091954022989,0.22834776815456362,0.21205504493982633
Disease group,Bronchial disease,0.655411877394636,0.2286358700192131,0.21205504493982633
Disease group,Bronchial disease,0.6491858237547893,0.22787257291754223,0.21205504493982633
Disease group,Bronchial disease,0.6455938697318008,0.22764502237608714,0.21205504493982633
Disease group,Bronchial disease,0.6431992337164751,0.22785883949779437,0.21205504493982633
Disease group,Bronchial disease,0.6417624521072797,0.22814335575040437,0.21205504493982633
Disease group,Bronchial disease,0.6408045977011494,0.2289919561868903,0.21205504493982633
Disease group,Bronchial disease,0.6367337164750958,0.22900697614331236,0.21205504493982633
Disease group,Bronchial disease,0.6357758620689655,0.22959183673469388,0.21205504493982633
Disease group,Bronchial disease,0.6333812260536399,0.23,0.21205504493982633
Disease group,Bronchial disease,0.632183908045977,0.23048716605552647,0.21205504493982633
Disease group,Bronchial disease,0.6295498084291188,0.23049272312817815,0.21205504493982633
Disease group,Bronchial disease,0.6261973180076629,0.23108872393071755,0.21205504493982633
Disease group,Bronchial disease,0.6247605363984674,0.23141742061380166,0.21205504493982633
Disease group,Bronchial disease,0.6228448275862069,0.23167364389418366,0.21205504493982633
Disease group,Bronchial disease,0.6206896551724138,0.23180110892505812,0.21205504493982633
Disease group,Bronchial disease,0.6192528735632183,0.23217812892799425,0.21205504493982633
Disease group,Bronchial disease,0.6175766283524904,0.2324680007211105,0.21205504493982633
Disease group,Bronchial disease,0.6156609195402298,0.23311270287424063,0.21205504493982633
Disease group,Bronchial disease,0.6132662835249042,0.2330300272975432,0.21205504493982633
Disease group,Bronchial disease,0.6118295019157088,0.2335679678215559,0.21205504493982633
Disease group,Bronchial disease,0.6082375478927203,0.2330916766082408,0.21205504493982633
Disease group,Bronchial disease,0.6060823754789272,0.2332503916689706,0.21205504493982633
Disease group,Bronchial disease,0.603448275862069,0.23316062176165803,0.21205504493982633
Disease group,Bronchial disease,0.6008141762452107,0.23317843866171004,0.21205504493982633
Disease group,Bronchial disease,0.5984195402298851,0.2332462198991973,0.21205504493982633
Disease group,Bronchial disease,0.5950670498084292,0.23324572930354795,0.21205504493982633
Disease group,Bronchial disease,0.5905172413793104,0.23299319727891157,0.21205504493982633
Disease group,Bronchial disease,0.5878831417624522,0.23298851665559459,0.21205504493982633
Disease group,Bronchial disease,0.5847701149425287,0.23281533034607685,0.21205504493982633
Disease group,Bronchial disease,0.5830938697318008,0.23299205817625107,0.21205504493982633
Disease group,Bronchial disease,0.5816570881226054,0.23337817063797078,0.21205504493982633
Disease group,Bronchial disease,0.5790229885057471,0.23324008874312724,0.21205504493982633
Disease group,Bronchial disease,0.5761494252873564,0.23356955635375207,0.21205504493982633
Disease group,Bronchial disease,0.5732758620689655,0.23417783429521666,0.21205504493982633
Disease group,Bronchial disease,0.571360153256705,0.2346346740092438,0.21205504493982633
Disease group,Bronchial disease,0.5687260536398467,0.23449842022116904,0.21205504493982633
Disease group,Bronchial disease,0.5668103448275862,0.23496128648004766,0.21205504493982633
Disease group,Bronchial disease,0.5656130268199234,0.23551700069797588,0.21205504493982633
Disease group,Bronchial disease,0.5627394636015326,0.23532946124574405,0.21205504493982633
Disease group,Bronchial disease,0.5615421455938697,0.23579688285570638,0.21205504493982633
Disease group,Bronchial disease,0.5603448275862069,0.23629203271735838,0.21205504493982633
Disease group,Bronchial disease,0.5589080459770115,0.2369783734389278,0.21205504493982633
Disease group,Bronchial disease,0.5577107279693486,0.23813905930470347,0.21205504493982633
Disease group,Bronchial disease,0.5543582375478927,0.23797286184210525,0.21205504493982633
Disease group,Bronchial disease,0.5529214559386973,0.23944830446956342,0.21205504493982633
Disease group,Bronchial disease,0.5505268199233716,0.23955402730019798,0.21205504493982633
Disease group,Bronchial disease,0.5493295019157088,0.24028490625327328,0.21205504493982633
Disease group,Bronchial disease,0.5471743295019157,0.24039978958442926,0.21205504493982633
Disease group,Bronchial disease,0.5452586206896551,0.24085043367886608,0.21205504493982633
Disease group,Bronchial disease,0.5435823754789272,0.24226254002134473,0.21205504493982633
Disease group,Bronchial disease,0.5423850574712644,0.24297361081313024,0.21205504493982633
Disease group,Bronchial disease,0.540948275862069,0.24342672413793104,0.21205504493982633
Disease group,Bronchial disease,0.5395114942528736,0.24406889827754305,0.21205504493982633
Disease group,Bronchial disease,0.5380747126436781,0.2445315050603983,0.21205504493982633
Disease group,Bronchial disease,0.5359195402298851,0.2446971353597201,0.21205504493982633
Disease group,Bronchial disease,0.5342432950191571,0.2450032945310784,0.21205504493982633
Disease group,Bronchial disease,0.5328065134099617,0.24553078790553962,0.21205504493982633
Disease group,Bronchial disease,0.5301724137931034,0.24564517918562076,0.21205504493982633
Disease group,Bronchial disease,0.5284961685823755,0.24598751671868033,0.21205504493982633
Disease group,Bronchial disease,0.5265804597701149,0.24619346171070308,0.21205504493982633
Disease group,Bronchial disease,0.5253831417624522,0.24687746146056036,0.21205504493982633
Disease group,Bronchial disease,0.5239463601532567,0.2473713962690786,0.21205504493982633
Disease group,Bronchial disease,0.523227969348659,0.24812627753804226,0.21205504493982633
Disease group,Bronchial disease,0.5205938697318008,0.24862763037511437,0.21205504493982633
Disease group,Bronchial disease,0.5179597701149425,0.2489354356082403,0.21205504493982633
Disease group,Bronchial disease,0.5167624521072797,0.24971071511224255,0.21205504493982633
Disease group,Bronchial disease,0.5138888888888888,0.2496510004653327,0.21205504493982633
Disease group,Bronchial disease,0.5131704980842912,0.25073125073125074,0.21205504493982633
Disease group,Bronchial disease,0.5110153256704981,0.25082275505406676,0.21205504493982633
Disease group,Bronchial disease,0.5098180076628352,0.2516845962879773,0.21205504493982633
Disease group,Bronchial disease,0.5086206896551724,0.25225653206650833,0.21205504493982633
Disease group,Bronchial disease,0.5076628352490421,0.25334608030592737,0.21205504493982633
Disease group,Bronchial disease,0.5064655172413793,0.25402354071582994,0.21205504493982633
Disease group,Bronchial disease,0.5040708812260536,0.25425776059910615,0.21205504493982633
Disease group,Bronchial disease,0.5011973180076629,0.25459189879576694,0.21205504493982633
Disease group,Bronchial disease,0.49976053639846746,0.25510328810658844,0.21205504493982633
Disease group,Bronchial disease,0.4990421455938697,0.25608257557139347,0.21205504493982633
Disease group,Bronchial disease,0.49688697318007663,0.2568387176630771,0.21205504493982633
Disease group,Bronchial disease,0.4940134099616858,0.2569435795242247,0.21205504493982633
Disease group,Bronchial disease,0.49090038314176243,0.2565707133917397,0.21205504493982633
Disease group,Bronchial disease,0.48874521072796934,0.25757193336698636,0.21205504493982633
Disease group,Bronchial disease,0.48659003831417624,0.2579662307985274,0.21205504493982633
Disease group,Bronchial disease,0.48587164750957856,0.2590653728294178,0.21205504493982633
Disease group,Bronchial disease,0.48443486590038315,0.26032685626045554,0.21205504493982633
Disease group,Bronchial disease,0.4813218390804598,0.26019417475728157,0.21205504493982633
Disease group,Bronchial disease,0.47701149425287354,0.25930747201249676,0.21205504493982633
Disease group,Bronchial disease,0.47485632183908044,0.25955497382198955,0.21205504493982633
Disease group,Bronchial disease,0.4724616858237548,0.2603589337556083,0.21205504493982633
Disease group,Bronchial disease,0.47198275862068967,0.26154458598726116,0.21205504493982633
Disease group,Bronchial disease,0.4707854406130268,0.26223822862478324,0.21205504493982633
Disease group,Bronchial disease,0.469588122605364,0.26350443429185705,0.21205504493982633
Disease group,Bronchial disease,0.4652777777777778,0.2631721522416362,0.21205504493982633
Disease group,Bronchial disease,0.46360153256704983,0.2644447479852479,0.21205504493982633
Disease group,Bronchial disease,0.46264367816091956,0.26542107432339607,0.21205504493982633
Disease group,Bronchial disease,0.4616858237547893,0.2662983425414365,0.21205504493982633
Disease group,Bronchial disease,0.46024904214559387,0.26742729929038545,0.21205504493982633
Disease group,Bronchial disease,0.4571360153256705,0.2676668536174986,0.21205504493982633
Disease group,Bronchial disease,0.4501915708812261,0.26640215388975486,0.21205504493982633
Disease group,Bronchial disease,0.4482758620689655,0.2668567355666429,0.21205504493982633
Disease group,Bronchial disease,0.446360153256705,0.2675470073202239,0.21205504493982633
Disease group,Bronchial disease,0.44300766283524906,0.2675343456254519,0.21205504493982633
Disease group,Bronchial disease,0.4422892720306513,0.2691635091809968,0.21205504493982633
Disease group,Bronchial disease,0.43941570881226055,0.2694171193657319,0.21205504493982633
Disease group,Bronchial disease,0.4365421455938697,0.2695150798344175,0.21205504493982633
Disease group,Bronchial disease,0.4339080459770115,0.26980345443716497,0.21205504493982633
Disease group,Bronchial disease,0.43199233716475094,0.27030266706622713,0.21205504493982633
Disease group,Bronchial disease,0.4293582375478927,0.27072323720368413,0.21205504493982633
Disease group,Bronchial disease,0.42840038314176243,0.2725472273004266,0.21205504493982633
Disease group,Bronchial disease,0.42768199233716475,0.2738423796381478,0.21205504493982633
Disease group,Bronchial disease,0.4260057471264368,0.2744523295279235,0.21205504493982633
Disease group,Bronchial disease,0.4238505747126437,0.27480204937121566,0.21205504493982633
Disease group,Bronchial disease,0.42169540229885055,0.2756731371321227,0.21205504493982633
Disease group,Bronchial disease,0.41977969348659006,0.27649842271293373,0.21205504493982633
Disease group,Bronchial disease,0.41451149425287354,0.2758565737051793,0.21205504493982633
Disease group,Bronchial disease,0.41163793103448276,0.27596724995986516,0.21205504493982633
Disease group,Bronchial disease,0.40948275862068967,0.27652005174644245,0.21205504493982633
Disease group,Bronchial disease,0.40804597701149425,0.2774792379091353,0.21205504493982633
Disease group,Bronchial disease,0.40565134099616856,0.27816091954022987,0.21205504493982633
Disease group,Bronchial disease,0.40325670498084293,0.27876179440489984,0.21205504493982633
Disease group,Bronchial disease,0.3955938697318008,0.27741393786733837,0.21205504493982633
Disease group,Bronchial disease,0.39295977011494254,0.2792240939254722,0.21205504493982633
Disease group,Bronchial disease,0.39176245210727967,0.2810513657447174,0.21205504493982633
Disease group,Bronchial disease,0.3900862068965517,0.28168770534324744,0.21205504493982633
Disease group,Bronchial disease,0.38697318007662834,0.28172942817294283,0.21205504493982633
Disease group,Bronchial disease,0.38553639846743293,0.28280344282452136,0.21205504493982633
Disease group,Bronchial disease,0.38146551724137934,0.28289824187533297,0.21205504493982633
Disease group,Bronchial disease,0.3807471264367816,0.2844873859366613,0.21205504493982633
Disease group,Bronchial disease,0.37907088122605365,0.2852766264191746,0.21205504493982633
Disease group,Bronchial disease,0.37452107279693486,0.2849854227405248,0.21205504493982633
Disease group,Bronchial disease,0.37236590038314177,0.28547824490545254,0.21205504493982633
Disease group,Bronchial disease,0.36949233716475094,0.2861646884272997,0.21205504493982633
Disease group,Bronchial disease,0.3670977011494253,0.28697117184575066,0.21205504493982633
Disease group,Bronchial disease,0.3656609195402299,0.2888762769580023,0.21205504493982633
Disease group,Bronchial disease,0.36278735632183906,0.28928776016803515,0.21205504493982633
Disease group,Bronchial disease,0.3603927203065134,0.2900925212027756,0.21205504493982633
Disease group,Bronchial disease,0.35919540229885055,0.29171528588098017,0.21205504493982633
Disease group,Bronchial disease,0.3560823754789272,0.29323604811674225,0.21205504493982633
Disease group,Bronchial disease,0.3541666666666667,0.29485645933014354,0.21205504493982633
Disease group,Bronchial disease,0.351772030651341,0.2969476450373964,0.21205504493982633
Disease group,Bronchial disease,0.3496168582375479,0.29838544860004085,0.21205504493982633
Disease group,Bronchial disease,0.3472222222222222,0.298845836768343,0.21205504493982633
Disease group,Bronchial disease,0.3450670498084291,0.2997711670480549,0.21205504493982633
Disease group,Bronchial disease,0.342911877394636,0.30046160302140157,0.21205504493982633
Disease group,Bronchial disease,0.3378831417624521,0.29983000424989376,0.21205504493982633
Disease group,Bronchial disease,0.33477011494252873,0.3005159071367154,0.21205504493982633
Disease group,Bronchial disease,0.33261494252873564,0.3013015184381779,0.21205504493982633
Disease group,Bronchial disease,0.3311781609195402,0.3032229774172331,0.21205504493982633
Disease group,Bronchial disease,0.32830459770114945,0.30318443166740383,0.21205504493982633
Disease group,Bronchial disease,0.3249521072796935,0.30303707012058956,0.21205504493982633
Disease group,Bronchial disease,0.32159961685823757,0.30329719963866303,0.21205504493982633
Disease group,Bronchial disease,0.3194444444444444,0.3044966902533668,0.21205504493982633
Disease group,Bronchial disease,0.31657088122605365,0.3053823053823054,0.21205504493982633
Disease group,Bronchial disease,0.31417624521072796,0.30704423121928387,0.21205504493982633
Disease group,Bronchial disease,0.3115421455938697,0.30865954922894423,0.21205504493982633
Disease group,Bronchial disease,0.3074712643678161,0.3074712643678161,0.21205504493982633
Disease group,Bronchial disease,0.3055555555555556,0.30851063829787234,0.21205504493982633
Disease group,Bronchial disease,0.3024425287356322,0.30857561690691426,0.21205504493982633
Disease group,Bronchial disease,0.2998084291187739,0.3092121511484317,0.21205504493982633
Disease group,Bronchial disease,0.29765325670498083,0.31059470264867567,0.21205504493982633
Disease group,Bronchial disease,0.29477969348659006,0.31046658259773013,0.21205504493982633
Disease group,Bronchial disease,0.2914272030651341,0.31045918367346936,0.21205504493982633
Disease group,Bronchial disease,0.28735632183908044,0.30959752321981426,0.21205504493982633
Disease group,Bronchial disease,0.28424329501915707,0.31016461980663707,0.21205504493982633
Disease group,Bronchial disease,0.28089080459770116,0.31105807478122516,0.21205504493982633
Disease group,Bronchial disease,0.2775383141762452,0.31197846567967696,0.21205504493982633
Disease group,Bronchial disease,0.2746647509578544,0.3121937942297224,0.21205504493982633
Disease group,Bronchial disease,0.2696360153256705,0.31182497923013014,0.21205504493982633
Disease group,Bronchial disease,0.26772030651340994,0.313077569308317,0.21205504493982633
Disease group,Bronchial disease,0.26221264367816094,0.31143344709897613,0.21205504493982633
Disease group,Bronchial disease,0.25526819923371646,0.31024447031431895,0.21205504493982633
Disease group,Bronchial disease,0.25191570881226055,0.309958750736594,0.21205504493982633
Disease group,Bronchial disease,0.2471264367816092,0.3081516870707674,0.21205504493982633
Disease group,Bronchial disease,0.24018199233716475,0.30430825242718446,0.21205504493982633
Disease group,Bronchial disease,0.2368295019157088,0.3039336201598033,0.21205504493982633
Disease group,Bronchial disease,0.2325191570881226,0.30249221183800623,0.21205504493982633
Disease group,Bronchial disease,0.22557471264367815,0.2983845422869813,0.21205504493982633
Disease group,Bronchial disease,0.21791187739463602,0.29440310579100615,0.21205504493982633
Disease group,Bronchial disease,0.2136015325670498,0.2929392446633826,0.21205504493982633
Disease group,Bronchial disease,0.21168582375478928,0.29575108732017397,0.21205504493982633
Disease group,Bronchial disease,0.20522030651340997,0.2916950306330837,0.21205504493982633
Disease group,Bronchial disease,0.2025862068965517,0.2921270718232044,0.21205504493982633
Disease group,Bronchial disease,0.2006704980842912,0.2932120363890833,0.21205504493982633
Disease group,Bronchial disease,0.1925287356321839,0.2872454448017149,0.21205504493982633
Disease group,Bronchial disease,0.1896551724137931,0.287686160552125,0.21205504493982633
Disease group,Bronchial disease,0.18582375478927204,0.2865583456425406,0.21205504493982633
Disease group,Bronchial disease,0.18438697318007663,0.2883895131086142,0.21205504493982633
Disease group,Bronchial disease,0.1817528735632184,0.2885931558935361,0.21205504493982633
Disease group,Bronchial disease,0.17792145593869732,0.2874274661508704,0.21205504493982633
Disease group,Bronchial disease,0.17552681992337166,0.28835562549173877,0.21205504493982633
Disease group,Bronchial disease,0.1700191570881226,0.28479743281187325,0.21205504493982633
Disease group,Bronchial disease,0.16618773946360152,0.2839607201309329,0.21205504493982633
Disease group,Bronchial disease,0.16283524904214558,0.28368794326241137,0.21205504493982633
Disease group,Bronchial disease,0.16020114942528735,0.28737113402061853,0.21205504493982633
Disease group,Bronchial disease,0.15660919540229884,0.28633975481611207,0.21205504493982633
Disease group,Bronchial disease,0.15445402298850575,0.28871978513876456,0.21205504493982633
Disease group,Bronchial disease,0.15205938697318008,0.29195402298850576,0.21205504493982633
Disease group,Bronchial disease,0.14846743295019157,0.2917647058823529,0.21205504493982633
Disease group,Bronchial disease,0.1453544061302682,0.29566488066244523,0.21205504493982633
Disease group,Bronchial disease,0.14319923371647508,0.3015632879475542,0.21205504493982633
Disease group,Bronchial disease,0.14080459770114942,0.3030927835051546,0.21205504493982633
Disease group,Bronchial disease,0.13864942528735633,0.3061872025383395,0.21205504493982633
Disease group,Bronchial disease,0.13673371647509577,0.3084819016747704,0.21205504493982633
Disease group,Bronchial disease,0.13457854406130268,0.3103257868580895,0.21205504493982633
Disease group,Bronchial disease,0.13050766283524903,0.30843237125070744,0.21205504493982633
Disease group,Bronchial disease,0.12763409961685823,0.31501182033096925,0.21205504493982633
Disease group,Bronchial disease,0.12188697318007663,0.31323076923076926,0.21205504493982633
Disease group,Bronchial disease,0.12021072796934866,0.3167192429022082,0.21205504493982633
Disease group,Bronchial disease,0.11757662835249043,0.32302631578947366,0.21205504493982633
Disease group,Bronchial disease,0.11518199233716475,0.33402777777777776,0.21205504493982633
Disease group,Bronchial disease,0.11278735632183907,0.3398268398268398,0.21205504493982633
Disease group,Bronchial disease,0.1082375478927203,0.34061793519216277,0.21205504493982633
Disease group,Bronchial disease,0.1046455938697318,0.34382376081825333,0.21205504493982633
Disease group,Bronchial disease,0.101772030651341,0.34580960130187144,0.21205504493982633
Disease group,Bronchial disease,0.09674329501915709,0.34179357021996615,0.21205504493982633
Disease group,Bronchial disease,0.085727969348659,0.3269406392694064,0.21205504493982633
Disease group,Bronchial disease,0.08309386973180076,0.3295346628679962,0.21205504493982633
Disease group,Bronchial disease,0.07950191570881227,0.3313373253493014,0.21205504493982633
Disease group,Bronchial disease,0.07710727969348659,0.33752620545073375,0.21205504493982633
Disease group,Bronchial disease,0.07279693486590039,0.33480176211453744,0.21205504493982633
Disease group,Bronchial disease,0.07064176245210728,0.3406466512702079,0.21205504493982633
Disease group,Bronchial disease,0.0668103448275862,0.34487021013597036,0.21205504493982633
Disease group,Bronchial disease,0.06465517241379311,0.35019455252918286,0.21205504493982633
Disease group,Bronchial disease,0.05244252873563218,0.3201754385964912,0.21205504493982633
Disease group,Bronchial disease,0.04789272030651341,0.3110419906687403,0.21205504493982633
Disease group,Bronchial disease,0.04310344827586207,0.3082191780821918,0.21205504493982633
Disease group,Bronchial disease,0.037116858237547894,0.287569573283859,0.21205504493982633
Disease group,Bronchial disease,0.03328544061302682,0.278,0.21205504493982633
Disease group,Bronchial disease,0.02993295019157088,0.2771618625277162,0.21205504493982633
Disease group,Bronchial disease,0.02753831417624521,0.279126213592233,0.21205504493982633
Disease group,Bronchial disease,0.023946360153256706,0.273224043715847,0.21205504493982633
Disease group,Bronchial disease,0.022270114942528736,0.30097087378640774,0.21205504493982633
Disease group,Bronchial disease,0.01939655172413793,0.34763948497854075,0.21205504493982633
Disease group,Bronchial disease,0.017241379310344827,0.36923076923076925,0.21205504493982633
Disease group,Bronchial disease,0.013170498084291188,0.34810126582278483,0.21205504493982633
Disease group,Bronchial disease,0.009339080459770116,0.325,0.21205504493982633
Disease group,Bronchial disease,0.005507662835249042,0.27710843373493976,0.21205504493982633
Disease group,Bronchial disease,0.0031130268199233715,0.34210526315789475,0.21205504493982633
Disease group,Bronchial disease,0.0,1.0,0.21205504493982633
Disease group,Normal/other,1.0,0.16940029452089575,0.16940029452089575
Disease group,Normal/other,0.9997002398081535,0.16966829466829467,0.16940029452089575
Disease group,Normal/other,0.9982014388489209,0.16974207360587215,0.16940029452089575
Disease group,Normal/other,0.9973021582733813,0.16990960625095755,0.16940029452089575
Disease group,Normal/other,0.9967026378896883,0.1701376451926521,0.16940029452089575
Disease group,Normal/other,0.9958033573141487,0.17032403609515998,0.16940029452089575
Disease group,Normal/other,0.9946043165467626,0.17045979964038016,0.16940029452089575
Disease group,Normal/other,0.9940047961630696,0.17069027641941628,0.16940029452089575
Disease group,Normal/other,0.9937050359712231,0.17096441464672513,0.16940029452089575
Disease group,Normal/other,0.9934052757793765,0.17124844977263332,0.16940029452089575
Disease group,Normal/other,0.9934052757793765,0.17157649495210975,0.16940029452089575
Disease group,Normal/other,0.99310551558753,0.17186284172848473,0.16940029452089575
Disease group,Normal/other,0.9928057553956835,0.17215031966318417,0.16940029452089575
Disease group,Normal/other,0.9922062350119905,0.17238685485130983,0.16940029452089575
Disease group,Normal/other,0.9919064748201439,0.17273059456073497,0.16940029452089575
Disease group,Normal/other,0.9904076738609112,0.17283046503112412,0.16940029452089575
Disease group,Normal/other,0.9895083932853717,0.17303559259841694,0.16940029452089575
Disease group,Normal/other,0.9892086330935251,0.17366592990211557,0.16940029452089575
Disease group,Normal/other,0.9886091127098321,0.17403693931398417,0.16940029452089575
Disease group,Normal/other,0.9883093525179856,0.1745367919534145,0.16940029452089575
Disease group,Normal/other,0.9877098321342925,0.17479178823404595,0.16940029452089575
Disease group,Normal/other,0.9871103117505995,0.17513162793171302,0.16940029452089575
Disease group,Normal/other,0.9865107913669064,0.17552,0.16940029452089575
Disease group,Normal/other,0.9865107913669064,0.17617773019271948,0.16940029452089575
Disease group,Normal/other,0.9859112709832134,0.17656216448357312,0.16940029452089575
Disease group,Normal/other,0.9856115107913669,0.17694543106231836,0.16940029452089575
Disease group,Normal/other,0.9853117505995204,0.17728277870665013,0.16940029452089575
Disease group,Normal/other,0.9853117505995204,0.17772370911057042,0.16940029452089575
Disease group,Normal/other,0.9853117505995204,0.17816683831101957,0.16940029452089575
Disease group,Normal/other,0.9838129496402878,0.17846655791190866,0.16940029452089575
Disease group,Normal/other,0.9829136690647482,0.17877003598298985,0.16940029452089575
Disease group,Normal/other,0.9823141486810552,0.179080824088748,0.16940029452089575
Disease group,Normal/other,0.9808153477218226,0.1791894852135816,0.16940029452089575
Disease group,Normal/other,0.980515587529976,0.17965617619596858,0.16940029452089575
Disease group,Normal/other,0.9796163069544365,0.18000550812448363,0.16940029452089575
Disease group,Normal/other,0.9790167865707434,0.18032243816254417,0.16940029452089575
Disease group,Normal/other,0.9790167865707434,0.18078157865603897,0.16940029452089575
Disease group,Normal/other,0.9778177458033573,0.18094075881961394,0.16940029452089575
Disease group,Normal/other,0.9769184652278178,0.18116626827505697,0.16940029452089575
Disease group,Normal/other,0.9763189448441247,0.18146868731892132,0.16940029452089575
Disease group,Normal/other,0.9757194244604317,0.18179279530857304,0.16940029452089575
Disease group,Normal/other,0.9751199040767387,0.18209807433945366,0.16940029452089575
Disease group,Normal/other,0.9742206235011991,0.18238958415174814,0.16940029452089575
Disease group,Normal/other,0.9739208633093526,0.18284653047442176,0.16940029452089575
Disease group,Normal/other,0.9727218225419664,0.18310574427265547,0.16940029452089575
Disease group,Normal/other,0.9718225419664268,0.18333993100718204,0.16940029452089575
Disease group,Normal/other,0.9703237410071942,0.18348259834485886,0.16940029452089575
Disease group,Normal/other,0.9694244604316546,0.1837395602522584,0.16940029452089575
Disease group,Normal/other,0.967925659472422,0.18414599372683205,0.16940029452089575
Disease group,Normal/other,0.967326139088729,0.1844421582075903,0.16940029452089575
Disease group,Normal/other,0.9661270983213429,0.18486864747046003,0.16940029452089575
Disease group,Normal/other,0.9655275779376499,0.18525335020417552,0.16940029452089575
Disease group,Normal/other,0.9646282973621103,0.18548619516975043,0.16940029452089575
Disease group,Normal/other,0.9634292565947242,0.18608151922186197,0.16940029452089575
Disease group,Normal/other,0.9631294964028777,0.18648789831098728,0.16940029452089575
Disease group,Normal/other,0.9619304556354916,0.18671088613486939,0.16940029452089575
Disease group,Normal/other,0.960431654676259,0.1868548434128419,0.16940029452089575
Disease group,Normal/other,0.9592326139088729,0.18711261840720383,0.16940029452089575
Disease group,Normal/other,0.9562350119904077,0.18698710433763188,0.16940029452089575
Disease group,Normal/other,0.9532374100719424,0.18686097073686686,0.16940029452089575
Disease group,Normal/other,0.9520383693045563,0.18707663309183012,0.16940029452089575
Disease group,Normal/other,0.9514388489208633,0.1878773529063573,0.16940029452089575
Disease group,Normal/other,0.9505395683453237,0.18853677388667578,0.16940029452089575
Disease group,Normal/other,0.9496402877697842,0.18888623896971143,0.16940029452089575
Disease group,Normal/other,0.9487410071942446,0.18923766816143497,0.16940029452089575
Disease group,Normal/other,0.9475419664268585,0.18969035045607296,0.16940029452089575
Disease group,Normal/other,0.9460431654676259,0.18994884140836593,0.16940029452089575
Disease group,Normal/other,0.9448441247002398,0.1907643890334685,0.16940029452089575
Disease group,Normal/other,0.9442446043165468,0.1910828025477707,0.16940029452089575
Disease group,Normal/other,0.9427458033573142,0.19155804604702156,0.16940029452089575
Disease group,Normal/other,0.9400479616306955,0.19156994502138058,0.16940029452089575
Disease group,Normal/other,0.9379496402877698,0.19170444798431566,0.16940029452089575
Disease group,Normal/other,0.9373501199040767,0.19205257339393195,0.16940029452089575
Disease group,Normal/other,0.9337529976019184,0.1918812369101885,0.16940029452089575
Disease group,Normal/other,0.9328537170263789,0.1922649203014951,0.16940029452089575
Disease group,Normal/other,0.9307553956834532,0.192414947016174,0.16940029452089575
Disease group,Normal/other,0.9298561151079137,0.19273066169617895,0.16940029452089575
Disease group,Normal/other,0.9280575539568345,0.1928851784935518,0.16940029452089575
Disease group,Normal/other,0.9235611510791367,0.1925865733216652,0.16940029452089575
Disease group,Normal/other,0.9220623501199041,0.19275598445920542,0.16940029452089575
Disease group,Normal/other,0.919664268585132,0.19279834097907372,0.16940029452089575
Disease group,Normal/other,0.9187649880095923,0.1930951930951931,0.16940029452089575
Disease group,Normal/other,0.9169664268585132,0.1932284757753774,0.16940029452089575
Disease group,Normal/other,0.914568345323741,0.19326027744346613,0.16940029452089575
Disease group,Normal/other,0.9130695443645084,0.19364272091544818,0.16940029452089575
Disease group,Normal/other,0.9121702637889688,0.1940193828105075,0.16940029452089575
Disease group,Normal/other,0.9103717026378897,0.19431825452684112,0.16940029452089575
Disease group,Normal/other,0.9073741007194245,0.19432496629646273,0.16940029452089575
Disease group,Normal/other,0.9055755395683454,0.19450167396343035,0.16940029452089575
Disease group,Normal/other,0.9043764988009593,0.19480854910570156,0.16940029452089575
Disease group,Normal/other,0.9025779376498801,0.19503821738567173,0.16940029452089575
Disease group,Normal/other,0.9019784172661871,0.19540229885057472,0.16940029452089575
Disease group,Normal/other,0.9001798561151079,0.19560969254820218,0.16940029452089575
Disease group,Normal/other,0.8959832134292566,0.195359477124183,0.16940029452089575
Disease group,Normal/other,0.8902877697841727,0.19470302871377998,0.16940029452089575
Disease group,Normal/other,0.886990407673861,0.1948120350253473,0.16940029452089575
Disease group,Normal/other,0.8815947242206235,0.19436917586412003,0.16940029452089575
Disease group,Normal/other,0.8806954436450839,0.19484050666489822,0.16940029452089575
Disease group,Normal/other,0.8794964028776978,0.1951576426765997,0.16940029452089575
Disease group,Normal/other,0.8788968824940048,0.1955188050146706,0.16940029452089575
Disease group,Normal/other,0.8776978417266187,0.19587904736419587,0.16940029452089575
Disease group,Normal/other,0.8767985611510791,0.19640099375545558,0.16940029452089575
Disease group,Normal/other,0.875599520383693,0.19687268315697243,0.16940029452089575
Disease group,Normal/other,0.8735011990407674,0.19699837750135207,0.16940029452089575
Disease group,Normal/other,0.8720023980815348,0.19726045975452636,0.16940029452089575
Disease group,Normal/other,0.8702038369304557,0.1974829931972789,0.16940029452089575
Disease group,Normal/other,0.863009592326139,0.19712427250941458,0.16940029452089575
Disease group,Normal/other,0.8594124700239808,0.1971259625962596,0.16940029452089575
Disease group,Normal/other,0.8567146282973621,0.19711704255465895,0.16940029452089575
Disease group,Normal/other,0.854916067146283,0.1972610319546272,0.16940029452089575
Disease group,Normal/other,0.85431654676259,0.19769700332963375,0.16940029452089575
Disease group,Normal/other,0.8507194244604317,0.19767360869262382,0.16940029452089575
Disease group,Normal/other,0.8495203836930456,0.19794649717119508,0.16940029452089575
Disease group,Normal/other,0.8459232613908872,0.19796562609610663,0.16940029452089575
Disease group,Normal/other,0.8441247002398081,0.19812847393231547,0.16940029452089575
Disease group,Normal/other,0.8420263788968825,0.198291684314556,0.16940029452089575
Disease group,Normal/other,0.8393285371702638,0.19823008849557522,0.16940029452089575
Disease group,Normal/other,0.8375299760191847,0.19864912904372556,0.16940029452089575
Disease group,Normal/other,0.8336330935251799,0.19837363578001285,0.16940029452089575
Disease group,Normal/other,0.8327338129496403,0.19879776728209533,0.16940029452089575
Disease group,Normal/other,0.8309352517985612,0.19893784986364288,0.16940029452089575
Disease group,Normal/other,0.8294364508393285,0.19913637999280318,0.16940029452089575
Disease group,Normal/other,0.8267386091127098,0.19911919716987944,0.16940029452089575
Disease group,Normal/other,0.8213429256594724,0.19857950427598203,0.16940029452089575
Disease group,Normal/other,0.8192446043165468,0.19876363636363636,0.16940029452089575
Disease group,Normal/other,0.8171462829736211,0.19889099664380563,0.16940029452089575
Disease group,Normal/other,0.8162470023980816,0.1993411420204978,0.16940029452089575
Disease group,Normal/other,0.8141486810551559,0.1994858611825193,0.16940029452089575
Disease group,Normal/other,0.8126498800959233,0.1997347675532307,0.16940029452089575
Disease group,Normal/other,0.8108513189448441,0.19994086776554068,0.16940029452089575
Disease group,Normal/other,0.8084532374100719,0.1999406924160427,0.16940029452089575
Disease group,Normal/other,0.8057553956834532,0.1999851201547504,0.16940029452089575
Disease group,Normal/other,0.8036570743405276,0.20007462686567165,0.16940029452089575
Disease group,Normal/other,0.8024580335731415,0.20035925454681536,0.16940029452089575
Disease group,Normal/other,0.8006594724220624,0.2006008261359369,0.16940029452089575
Disease group,Normal/other,0.7988609112709832,0.2009349317650607,0.16940029452089575
Disease group,Normal/other,0.7928657074340527,0.20042433886489353,0.16940029452089575
Disease group,Normal/other,0.790167865707434,0.20038008361839604,0.16940029452089575
Disease group,Normal/other,0.7886690647482014,0.20060998856271445,0.16940029452089575
Disease group,Normal/other,0.7865707434052758,0.20076511094108646,0.16940029452089575
Disease group,Normal/other,0.7850719424460432,0.20102855388394228,0.16940029452089575
Disease group,Normal/other,0.7838729016786571,0.2013707069151394,0.16940029452089575
Disease group,Normal/other,0.782673860911271,0.2016683401560207,0.16940029452089575
Disease group,Normal/other,0.7799760191846523,0.20168979148903185,0.16940029452089575
Disease group,Normal/other,0.7784772182254197,0.2024793388429752,0.16940029452089575
Disease group,Normal/other,0.7760791366906474,0.20267731329262564,0.16940029452089575
Disease group,Normal/other,0.7757793764988009,0.20353912701533622,0.16940029452089575
Disease group,Normal/other,0.7739808153477218,0.20391723266466594,0.16940029452089575
Disease group,Normal/other,0.7703836930455635,0.20382266634943294,0.16940029452089575
Disease group,Normal/other,0.7649880095923262,0.2032494424976107,0.16940029452089575
Disease group,Normal/other,0.7634892086330936,0.20354830975785185,0.16940029452089575
Disease group,Normal/other,0.7607913669064749,0.20357744445335685,0.16940029452089575
Disease group,Normal/other,0.7583932853717026,0.20362173038229375,0.16940029452089575
Disease group,Normal/other,0.7559952038369304,0.203732126989256,0.16940029452089575
Disease group,Normal/other,0.7541966426858513,0.2040551500405515,0.16940029452089575
Disease group,Normal/other,0.7520983213429256,0.20433260037462334,0.16940029452089575
Disease group,Normal/other,0.7508992805755396,0.20470703603824467,0.16940029452089575
Disease group,Normal/other,0.7461031175059952,0.20431784600229846,0.16940029452089575
Disease group,Normal/other,0.7446043165467626,0.20457914676330094,0.16940029452089575
Disease group,Normal/other,0.7437050359712231,0.20507521904447015,0.16940029452089575
Disease group,Normal/other,0.7422062350119905,0.20554540926448614,0.16940029452089575
Disease group,Normal/other,0.7410071942446043,0.2059828347637697,0.16940029452089575
Disease group,Normal/other,0.7362110311750599,0.2054370556252614,0.16940029452089575
Disease group,Normal/other,0.7353117505995204,0.20585767035918093,0.16940029452089575
Disease group,Normal/other,0.7338129496402878,0.20621683093252463,0.16940029452089575
Disease group,Normal/other,0.7329136690647482,0.20666046826134732,0.16940029452089575
Disease group,Normal/other,0.730515587529976,0.2068409438125955,0.16940029452089575
Disease group,Normal/other,0.7287170263788969,0.20705221020356018,0.16940029452089575
Disease group,Normal/other,0.7278177458033573,0.20752136752136752,0.16940029452089575
Disease group,Normal/other,0.7248201438848921,0.2075002145370291,0.16940029452089575
Disease group,Normal/other,0.7218225419664268,0.2074788902291918,0.16940029452089575
Disease group,Normal/other,0.7203237410071942,0.20772821576763487,0.16940029452089575
Disease group,Normal/other,0.716726618705036,0.20787689097548254,0.16940029452089575
Disease group,Normal/other,0.7131294964028777,0.20779107345619705,0.16940029452089575
Disease group,Normal/other,0.7113309352517986,0.20819442007369715,0.16940029452089575
Disease group,Normal/other,0.7086330935251799,0.2083553675304072,0.16940029452089575
Disease group,Normal/other,0.7080335731414868,0.2089710696275325,0.16940029452089575
Disease group,Normal/other,0.704736211031175,0.2089777777777778,0.16940029452089575
Disease group,Normal/other,0.7035371702637889,0.2095909983925701,0.16940029452089575
Disease group,Normal/other,0.7008393285371702,0.20972371725870112,0.16940029452089575
Disease group,Normal/other,0.6990407673860911,0.20997658923104628,0.16940029452089575
Disease group,Normal/other,0.6969424460431655,0.2102930535455861,0.16940029452089575
Disease group,Normal/other,0.6939448441247003,0.21033981464655643,0.16940029452089575
Disease group,Normal/other,0.6921462829736211,0.21067518248175182,0.16940029452089575
Disease group,Normal/other,0.6864508393285371,0.2099184159867999,0.16940029452089575
Disease group,Normal/other,0.6828537170263789,0.20983787767133383,0.16940029452089575
Disease group,Normal/other,0.6807553956834532,0.21012213175425612,0.16940029452089575
Disease group,Normal/other,0.6795563549160671,0.2107660840461138,0.16940029452089575
Disease group,Normal/other,0.6744604316546763,0.21051646706586827,0.16940029452089575
Disease group,Normal/other,0.6714628297362111,0.21044720030063885,0.16940029452089575
Disease group,Normal/other,0.6684652278177458,0.21037735849056605,0.16940029452089575
Disease group,Normal/other,0.6627697841726619,0.2096728307254623,0.16940029452089575
Disease group,Normal/other,0.6615707434052758,0.21031065370688012,0.16940029452089575
Disease group,Normal/other,0.6564748201438849,0.2097902097902098,0.16940029452089575
Disease group,Normal/other,0.6528776978417267,0.2097457627118644,0.16940029452089575
Disease group,Normal/other,0.6501798561151079,0.20995063401413222,0.16940029452089575
Disease group,Normal/other,0.6453836930455635,0.21004878048780487,0.16940029452089575
Disease group,Normal/other,0.6423860911270983,0.21038680541920282,0.16940029452089575
Disease group,Normal/other,0.6399880095923262,0.2104692429022082,0.16940029452089575
Disease group,Normal/other,0.6387889688249401,0.21111551416683177,0.16940029452089575
Disease group,Normal/other,0.6366906474820144,0.21132225649189135,0.16940029452089575
Disease group,Normal/other,0.6339928057553957,0.21194508467782344,0.16940029452089575
Disease group,Normal/other,0.6309952038369304,0.21196254153660254,0.16940029452089575
Disease group,Normal/other,0.6288968824940048,0.21245569620253166,0.16940029452089575
Disease group,Normal/other,0.6247002398081535,0.21232806928171166,0.16940029452089575
Disease group,Normal/other,0.6205035971223022,0.21206843561110542,0.16940029452089575
Disease group,Normal/other,0.617505995203837,0.21210873146622736,0.16940029452089575
Disease group,Normal/other,0.6148081534772182,0.21212121212121213,0.16940029452089575
Disease group,Normal/other,0.6088129496402878,0.2113423517169615,0.16940029452089575
Disease group,Normal/other,0.6064148681055156,0.2113235140499321,0.16940029452089575
Disease group,Normal/other,0.6004196642685852,0.21039915966386555,0.16940029452089575
Disease group,Normal/other,0.5971223021582733,0.21037068328228958,0.16940029452089575
Disease group,Normal/other,0.5947242206235012,0.21048164650965415,0.16940029452089575
Disease group,Normal/other,0.5899280575539568,0.2100544348382965,0.16940029452089575
Disease group,Normal/other,0.5875299760191847,0.21014259676208857,0.16940029452089575
Disease group,Normal/other,0.5857314148681055,0.21046962516156828,0.16940029452089575
Disease group,Normal/other,0.5734412470023981,0.2077541268462207,0.16940029452089575
Disease group,Normal/other,0.5692446043165468,0.20733704552898788,0.16940029452089575
Disease group,Normal/other,0.5683453237410072,0.20794033779337573,0.16940029452089575
Disease group,Normal/other,0.5641486810551559,0.20758879329362454,0.16940029452089575
Disease group,Normal/other,0.5584532374100719,0.20658682634730538,0.16940029452089575
Disease group,Normal/other,0.5491606714628298,0.2044642857142857,0.16940029452089575
Disease group,Normal/other,0.5476618705035972,0.20491251682368775,0.16940029452089575
Disease group,Normal/other,0.5440647482014388,0.20473773265651438,0.16940029452089575
Disease group,Normal/other,0.5422661870503597,0.20507878925291917,0.16940029452089575
Disease group,Normal/other,0.5341726618705036,0.20393682764934767,0.16940029452089575
Disease group,Normal/other,0.5317745803357314,0.20404876926616056,0.16940029452089575
Disease group,Normal/other,0.5281774580335732,0.20372297375419124,0.16940029452089575
Disease group,Normal/other,0.5251798561151079,0.20393434990105924,0.16940029452089575
Disease group,Normal/other,0.5224820143884892,0.20402668851691444,0.16940029452089575
Disease group,Normal/other,0.5197841726618705,0.2041681384669728,0.16940029452089575
Disease group,Normal/other,0.5176858513189448,0.20433033601514433,0.16940029452089575
Disease group,Normal/other,0.5137889688249401,0.2039504997620181,0.16940029452089575
Disease group,Normal/other,0.5107913669064749,0.20373027259684362,0.16940029452089575
Disease group,Normal/other,0.5086930455635491,0.20418722175430154,0.16940029452089575
Disease group,Normal/other,0.5065947242206235,0.20432837625438277,0.16940029452089575
Disease group,Normal/other,0.5047961630695443,0.20464211933406246,0.16940029452089575
Disease group,Normal/other,0.5011990407673861,0.20420127015144113,0.16940029452089575
Disease group,Normal/other,0.4973021582733813,0.20393362015980332,0.16940029452089575
Disease group,Normal/other,0.49430455635491605,0.20375633263313975,0.16940029452089575
Disease group,Normal/other,0.4922062350119904,0.2040004969561436,0.16940029452089575
Disease group,Normal/other,0.4877098321342926,0.20357857857857858,0.16940029452089575
Disease group,Normal/other,0.48531175059952036,0.20385293376983127,0.16940029452089575
Disease group,Normal/other,0.4829136690647482,0.20389824072902163,0.16940029452089575
Disease group,Normal/other,0.47781774580335734,0.20310907237512743,0.16940029452089575
Disease group,Normal/other,0.4754196642685851,0.20309898834677936,0.16940029452089575
Disease group,Normal/other,0.47302158273381295,0.20324574961360123,0.16940029452089575
Disease group,Normal/other,0.4694244604316547,0.20279720279720279,0.16940029452089575
Disease group,Normal/other,0.46642685851318944,0.202577789350345,0.16940029452089575
Disease group,Normal/other,0.46223021582733814,0.20201755535176208,0.16940029452089575
Disease group,Normal/other,0.4595323741007194,0.20194967724937427,0.16940029452089575
Disease group,Normal/other,0.4583333333333333,0.20275825487335897,0.16940029452089575
Disease group,Normal/other,0.4556354916067146,0.20301856551355682,0.16940029452089575
Disease group,Normal/other,0.44964028776978415,0.20155872077398548,0.16940029452089575
Disease group,Normal/other,0.4463429256594724,0.20140673610171783,0.16940029452089575
Disease group,Normal/other,0.4430455635491607,0.2011705458010072,0.16940029452089575
Disease group,Normal/other,0.44034772182254195,0.20106761565836298,0.16940029452089575
Disease group,Normal/other,0.4364508393285372,0.20055096418732782,0.16940029452089575
Disease group,Normal/other,0.434052757793765,0.20077648363838047,0.16940029452089575
Disease group,Normal/other,0.4316546762589928,0.20134228187919462,0.16940029452089575
Disease group,Normal/other,0.4250599520383693,0.19963395748275375,0.16940029452089575
Disease group,Normal/other,0.42176258992805754,0.19929178470254957,0.16940029452089575
Disease group,Normal/other,0.41756594724220625,0.19871611982881598,0.16940029452089575
Disease group,Normal/other,0.41396882494004794,0.19844805288116107,0.16940029452089575
Disease group,Normal/other,0.41127098321342925,0.19832321480196588,0.16940029452089575
Disease group,Normal/other,0.407673860911271,0.1977894124490983,0.16940029452089575
Disease group,Normal/other,0.4052757793764988,0.19786331040538563,0.16940029452089575
Disease group,Normal/other,0.4001798561151079,0.19672855879752432,0.16940029452089575
Disease group,Normal/other,0.39748201438848924,0.1965609249925882,0.16940029452089575
Disease group,Normal/other,0.3935851318944844,0.19591166815875857,0.16940029452089575
Disease group,Normal/other,0.39148681055155876,0.1960078042923608,0.16940029452089575
Disease group,Normal/other,0.38609112709832133,0.19456193353474321,0.16940029452089575
Disease group,Normal/other,0.3800959232613909,0.1929397443700548,0.16940029452089575
Disease group,Normal/other,0.3764988009592326,0.19281547436291066,0.16940029452089575
Disease group,Normal/other,0.3747002398081535,0.1930800123571208,0.16940029452089575
Disease group,Normal/other,0.3720023980815348,0.1928815666770283,0.16940029452089575
Disease group,Normal/other,0.368705035971223,0.1923377638780297,0.16940029452089575
Disease group,Normal/other,0.3660071942446043,0.19225318847425601,0.16940029452089575
Disease group,Normal/other,0.36211031175059955,0.19174603174603175,0.16940029452089575
Disease group,Normal/other,0.3591127098321343,0.19168,0.16940029452089575
Disease group,Normal/other,0.3537170263788969,0.19013857557202707,0.16940029452089575
Disease group,Normal/other,0.3516187050359712,0.19020593481433437,0.16940029452089575
Disease group,Normal/other,0.348621103117506,0.19003267973856208,0.16940029452089575
Disease group,Normal/other,0.3456235011990408,0.18976300197498355,0.16940029452089575
Disease group,Normal/other,0.34292565947242204,0.1896551724137931,0.16940029452089575
Disease group,Normal/other,0.3405275779376499,0.18996655518394648,0.16940029452089575
Disease group,Normal/other,0.33603117505995206,0.18872053872053873,0.16940029452089575
Disease group,Normal/other,0.3318345323741007,0.18794567062818335,0.16940029452089575
Disease group,Normal/other,0.329136690647482,0.18801369863013698,0.16940029452089575
Disease group,Normal/other,0.322242206235012,0.18560082872928177,0.16940029452089575
Disease group,Normal/other,0.31744604316546765,0.18420594886067143,0.16940029452089575
Disease group,Normal/other,0.3069544364508393,0.18018652120358966,0.16940029452089575
Disease group,Normal/other,0.30335731414868106,0.1794326241134752,0.16940029452089575
Disease group,Normal/other,0.2997601918465228,0.17869907076483202,0.16940029452089575
Disease group,Normal/other,0.2961630695443645,0.1779218440482622,0.16940029452089575
Disease group,Normal/other,0.29406474820143885,0.17807224541659103,0.16940029452089575
Disease group,Normal/other,0.28926858513189446,0.1771617404075638,0.16940029452089575
Disease group,Normal/other,0.28627098321342925,0.17681910757267172,0.16940029452089575
Disease group,Normal/other,0.28357314148681056,0.17665732959850608,0.16940029452089575
Disease group,Normal/other,0.2805755395683453,0.1765704584040747,0.16940029452089575
Disease group,Normal/other,0.2790767386091127,0.17699619771863118,0.16940029452089575
Disease group,Normal/other,0.27667865707434053,0.1770573566084788,0.16940029452089575
Disease group,Normal/other,0.27188249400479614,0.17536736272235112,0.16940029452089575
Disease group,Normal/other,0.2652877697841727,0.17278406872315502,0.16940029452089575
Disease group,Normal/other,0.26288968824940045,0.17250196695515344,0.16940029452089575
Disease group,Normal/other,0.25989208633093525,0.1718192627824019,0.16940029452089575
Disease group,Normal/other,0.2565947242206235,0.17109734159504297,0.16940029452089575
Disease group,Normal/other,0.2517985611510791,0.1694915254237288,0.16940029452089575
Disease group,Normal/other,0.24940047961630696,0.16962283384301732,0.16940029452089575
Disease group,Normal/other,0.24730215827338128,0.16968325791855204,0.16940029452089575
Disease group,Normal/other,0.24250599520383692,0.16784232365145227,0.16940029452089575
Disease group,Normal/other,0.24130695443645084,0.16869237217099747,0.16940029452089575
Disease group,Normal/other,0.23770983213429256,0.16804407713498623,0.16940029452089575
Disease group,Normal/other,0.23501199040767387,0.16788008565310492,0.16940029452089575
Disease group,Normal/other,0.23261390887290168,0.16803811173668254,0.16940029452089575
Disease group,Normal/other,0.229916067146283,0.16757701551234433,0.16940029452089575
Disease group,Normal/other,0.22541966426858512,0.16604106866858026,0.16940029452089575
Disease group,Normal/other,0.2224220623501199,0.16599552572706935,0.16940029452089575
Disease group,Normal/other,0.2185251798561151,0.16493212669683258,0.16940029452089575
Disease group,Normal/other,0.21642685851318944,0.16487782598766842,0.16940029452089575
Disease group,Normal/other,0.21282973621103118,0.1645804357904497,0.16940029452089575
Disease group,Normal/other,0.21103117505995203,0.16506447831184057,0.16940029452089575
Disease group,Normal/other,0.20623501199040767,0.1634204275534442,0.16940029452089575
Disease group,Normal/other,0.2029376498800959,0.16231119635578997,0.16940029452089575
Disease group,Normal/other,0.19784172661870503,0.16105417276720352,0.16940029452089575
Disease group,Normal/other,0.19334532374100719,0.15937731653076354,0.16940029452089575
Disease group,Normal/other,0.18944844124700239,0.15811858894170627,0.16940029452089575
Disease group,Normal/other,0.18555155875299761,0.15651074589127686,0.16940029452089575
Disease group,Normal/other,0.1813549160671463,0.15457332652018396,0.16940029452089575
Disease group,Normal/other,0.17835731414868106,0.15366735537190082,0.16940029452089575
Disease group,Normal/other,0.17446043165467626,0.15239591516103693,0.16940029452089575
Disease group,Normal/other,0.17056354916067146,0.1506087877183695,0.16940029452089575
Disease group,Normal/other,0.16906474820143885,0.1536784741144414,0.16940029452089575
Disease group,Normal/other,0.1642685851318945,0.15138121546961325,0.16940029452089575
Disease group,Normal/other,0.1603717026378897,0.14977603583426652,0.16940029452089575
Disease group,Normal/other,0.1567745803357314,0.14891799544419135,0.16940029452089575
Disease group,Normal/other,0.15227817745803357,0.14754574498983444,0.16940029452089575
Disease group,Normal/other,0.14808153477218225,0.1478156792339916,0.16940029452089575
Disease group,Normal/other,0.1447841726618705,0.14694250076057194,0.16940029452089575
Disease group,Normal/other,0.14118705035971224,0.14532551681579758,0.16940029452089575
Disease group,Normal/other,0.1393884892086331,0.1452217364147408,0.16940029452089575
Disease group,Normal/other,0.13489208633093525,0.14340344168260039,0.16940029452089575
Disease group,Normal/other,0.12979616306954436,0.1401294498381877,0.16940029452089575
Disease group,Normal/other,0.12529976019184652,0.1372291529875246,0.16940029452089575
Disease group,Normal/other,0.12140287769784172,0.135,0.16940029452089575
Disease group,Normal/other,0.11540767386091128,0.1319849160095989,0.16940029452089575
Disease group,Normal/other,0.11241007194244604,0.13093575418994413,0.16940029452089575
Disease group,Normal/other,0.10821342925659472,0.12837837837837837,0.16940029452089575
Disease group,Normal/other,0.10071942446043165,0.1223152530032763,0.16940029452089575
Disease group,Normal/other,0.09892086330935251,0.12299664554603057,0.16940029452089575
Disease group,Normal/other,0.09772182254196643,0.12381314090391189,0.16940029452089575
Disease group,Normal/other,0.09532374100719425,0.12282734646581692,0.16940029452089575
Disease group,Normal/other,0.09292565947242207,0.122336227308603,0.16940029452089575
Disease group,Normal/other,0.08663069544364509,0.11676767676767677,0.16940029452089575
Disease group,Normal/other,0.08333333333333333,0.11473380107304994,0.16940029452089575
Disease group,Normal/other,0.07943645083932854,0.11233573548113608,0.16940029452089575
Disease group,Normal/other,0.06804556354916066,0.1000440722785368,0.16940029452089575
Disease group,Normal/other,0.06504796163069544,0.09819004524886878,0.16940029452089575
Disease group,Normal/other,0.0632494004796163,0.09768518518518518,0.16940029452089575
Disease group,Normal/other,0.05815347721822542,0.0923369823893384,0.16940029452089575
Disease group,Normal/other,0.05575539568345324,0.09149040826364978,0.16940029452089575
Disease group,Normal/other,0.05365707434052758,0.08981435022579026,0.16940029452089575
Disease group,Normal/other,0.050059952038369306,0.08586118251928021,0.16940029452089575
Disease group,Normal/other,0.047661870503597124,0.08439490445859872,0.16940029452089575
Disease group,Normal/other,0.046163069544364506,0.08632286995515695,0.16940029452089575
Disease group,Normal/other,0.043465227817745804,0.0844496214327315,0.16940029452089575
Disease group,Normal/other,0.04136690647482014,0.08419768151311775,0.16940029452089575
Disease group,Normal/other,0.03896882494004796,0.0818639798488665,0.16940029452089575
Disease group,Normal/other,0.0368705035971223,0.08065573770491803,0.16940029452089575
Disease group,Normal/other,0.03477218225419664,0.07972508591065292,0.16940029452089575
Disease group,Normal/other,0.03147482014388489,0.07489300998573467,0.16940029452089575
Disease group,Normal/other,0.029376498800959234,0.07211184694628403,0.16940029452089575
Disease group,Normal/other,0.024880095923261392,0.06316590563165905,0.16940029452089575
Disease group,Normal/other,0.023681055155875298,0.0626486915146709,0.16940029452089575
Disease group,Normal/other,0.022482014388489208,0.06291946308724833,0.16940029452089575
Disease group,Normal/other,0.022182254196642687,0.06554472984942426,0.16940029452089575
Disease group,Normal/other,0.020083932853717026,0.06220984215413185,0.16940029452089575
Disease group,Normal/other,0.017985611510791366,0.05842259006815969,0.16940029452089575
Disease group,Normal/other,0.01738609112709832,0.06047966631908238,0.16940029452089575
Disease group,Normal/other,0.015287769784172662,0.05660377358490566,0.16940029452089575
Disease group,Normal/other,0.012290167865707434,0.04823529411764706,0.16940029452089575
Disease group,Normal/other,0.011091127098321343,0.04579207920792079,0.16940029452089575
Disease group,Normal/other,0.009592326139088728,0.04419889502762431,0.16940029452089575
Disease group,Normal/other,0.009292565947242206,0.04599406528189911,0.16940029452089575
Disease group,Normal/other,0.008093525179856115,0.04376012965964344,0.16940029452089575
Disease group,Normal/other,0.00749400479616307,0.043706293706293704,0.16940029452089575
Disease group,Normal/other,0.007194244604316547,0.046242774566473986,0.16940029452089575
Disease group,Normal/other,0.006294964028776978,0.043933054393305436,0.16940029452089575
Disease group,Normal/other,0.00539568345323741,0.04186046511627907,0.16940029452089575
Disease group,Normal/other,0.004196642685851319,0.03608247422680412,0.16940029452089575
Disease group,Normal/other,0.0035971223021582736,0.03488372093023256,0.16940029452089575
Disease group,Normal/other,0.002398081534772182,0.02631578947368421,0.16940029452089575
Disease group,Normal/other,0.001498800959232614,0.018726591760299626,0.16940029452089575
Disease group,Normal/other,0.0005995203836930455,0.008733624454148471,0.16940029452089575
Disease group,Normal/other,0.0,0.0,0.16940029452089575
Disease group,Normal/other,0.0,0.0,0.16940029452089575
Disease group,Normal/other,0.0,0.0,0.16940029452089575
Disease group,Normal/other,0.0,0.0,0.16940029452089575
Disease group,Normal/other,0.0,0.0,0.16940029452089575
Disease group,Normal/other,0.0,1.0,0.16940029452089575
