{
  "accuracy": {
    "value": 0.915481126300755,
    "ci95_lower": 0.9073658437053662,
    "ci95_upper": 0.9236890430524383
  },
  "f1_macro": {
    "value": 0.8537904208301595,
    "ci95_lower": 0.8383490464999952,
    "ci95_upper": 0.8681617022872057
  },
  "f1_weighted": {
    "value": 0.9125032885614295,
    "ci95_lower": 0.9039508721897523,
    "ci95_upper": 0.9211538707693814
  },
  "mcc": {
    "value": 0.7715273836315976,
    "ci95_lower": 0.7508684273063393,
    "ci95_upper": 0.7921120464790324
  },
  "log_loss": {
    "value": 0.24220411572664025,
    "ci95_lower": 0.22193054410838509,
    "ci95_upper": 0.262802039363829
  },
  "precision_per_class": {
    "Normal": {
      "value": 0.9316617744751919,
      "ci95_lower": 0.923633764097972,
      "ci95_upper": 0.9395356281451924
    },
    "Crackles": {
      "value": 0.839239144512677,
      "ci95_lower": 0.8105802730997589,
      "ci95_upper": 0.867083604336991
    },
    "Rhonchi": {
      "value": 0.8793485318778269,
      "ci95_lower": 0.8432542647809287,
      "ci95_upper": 0.9133405315614618
    }
  },
  "recall_per_class": {
    "Normal": {
      "value": 0.9721495401137177,
      "ci95_lower": 0.9670969777121224,
      "ci95_upper": 0.977483044735881
    },
    "Crackles": {
      "value": 0.6949520228301888,
      "ci95_lower": 0.6635299588963274,
      "ci95_upper": 0.7275002866205525
    },
    "Rhonchi": {
      "value": 0.8223830281555025,
      "ci95_lower": 0.7821592815019207,
      "ci95_upper": 0.8600598275024296
    }
  },
  "f1_per_class": {
    "Normal": 0.9514842421864783,
    "Crackles": 0.7599193006052455,
    "Rhonchi": 0.8502994011976048
  },
  "support_per_class": {
    "Normal": 3743,
    "Crackles": 813,
    "Rhonchi": 345
  },
  "sensitivity_per_class": {
    "Normal": {
      "value": 0.9721495401137177,
      "ci95_lower": 0.9670969777121224,
      "ci95_upper": 0.977483044735881
    },
    "Crackles": {
      "value": 0.6949520228301888,
      "ci95_lower": 0.6635299588963274,
      "ci95_upper": 0.7275002866205525
    },
    "Rhonchi": {
      "value": 0.8223830281555025,
      "ci95_lower": 0.7821592815019207,
      "ci95_upper": 0.8600598275024296
    }
  },
  "specificity_per_class": {
    "Normal": {
      "value": 0.7701306455147479,
      "ci95_lower": 0.7462387198948186,
      "ci95_upper": 0.7931653025148917
    },
    "Crackles": {
      "value": 0.9734235874089233,
      "ci95_lower": 0.9685329019062696,
      "ci95_upper": 0.9783630935272303
    },
    "Rhonchi": {
      "value": 0.9914588015155044,
      "ci95_lower": 0.9886057973737303,
      "ci95_upper": 0.993879043266821
    }
  },
  "npv_per_class": {
    "Normal": {
      "value": 0.8955990097236953,
      "ci95_lower": 0.8784343284248984,
      "ci95_upper": 0.9148312582612033
    },
    "Crackles": {
      "value": 0.941119518301849,
      "ci95_lower": 0.9330575931053946,
      "ci95_upper": 0.9484196733565868
    },
    "Rhonchi": {
      "value": 0.986624097657477,
      "ci95_lower": 0.9832456622346433,
      "ci95_upper": 0.9897482255831951
    }
  },
  "ppv_per_class": {
    "Normal": {
      "value": 0.9316617744751919,
      "ci95_lower": 0.923633764097972,
      "ci95_upper": 0.9395356281451924
    },
    "Crackles": {
      "value": 0.839239144512677,
      "ci95_lower": 0.8105802730997589,
      "ci95_upper": 0.867083604336991
    },
    "Rhonchi": {
      "value": 0.8793485318778269,
      "ci95_lower": 0.8432542647809287,
      "ci95_upper": 0.9133405315614618
    }
  },
  "roc_auc_macro": {
    "value": 0.9648496701286802,
    "ci95_lower": 0.9590488574389932,
    "ci95_upper": 0.9700602625618353
  },
  "roc_auc_weighted": {
    "value": 0.9596056626836996,
    "ci95_lower": 0.9534557398116922,
    "ci95_upper": 0.9657021827459379
  },
  "roc_auc_per_class": {
    "Normal": {
      "value": 0.9592028037126413,
      "ci95_lower": 0.9529421672079794,
      "ci95_upper": 0.9655809616151065
    },
    "Crackles": {
      "value": 0.950993450466253,
      "ci95_lower": 0.9436021676748559,
      "ci95_upper": 0.9589806959183029
    },
    "Rhonchi": {
      "value": 0.9843527562071465,
      "ci95_lower": 0.9752515329601555,
      "ci95_upper": 0.9903676226962428
    }
  },
  "confusion_matrix": [
    [
      3638,
      88,
      17
    ],
    [
      226,
      565,
      22
    ],
    [
      40,
      21,
      284
    ]
  ],
  "classification_report": {
    "Normal": {
      "precision": 0.9318647540983607,
      "recall": 0.971947635586428,
      "f1-score": 0.9514842421864783,
      "support": 3743.0
    },
    "Crackles": {
      "precision": 0.8382789317507419,
      "recall": 0.6949569495694957,
      "f1-score": 0.7599193006052455,
      "support": 813.0
    },
    "Rhonchi": {
      "precision": 0.8792569659442725,
      "recall": 0.8231884057971014,
      "f1-score": 0.8502994011976048,
      "support": 345.0
    },
    "accuracy": 0.9155274433789022,
    "macro avg": {
      "precision": 0.8831335505977916,
      "recall": 0.8300309969843417,
      "f1-score": 0.8539009813297763,
      "support": 4901.0
    },
    "weighted avg": {
      "precision": 0.9126370535307674,
      "recall": 0.9155274433789022,
      "f1-score": 0.9125837998998625,
      "support": 4901.0
    }
  }
}