{
  "accuracy": {
    "value": 0.923366047745358,
    "ci95_lower": 0.9161395633544175,
    "ci95_upper": 0.9306315037747399
  },
  "f1_macro": {
    "value": 0.8891184697085971,
    "ci95_lower": 0.878614440151843,
    "ci95_upper": 0.8993414612002398
  },
  "f1_weighted": {
    "value": 0.9215707104584563,
    "ci95_lower": 0.9141574684742351,
    "ci95_upper": 0.9292150674981385
  },
  "mcc": {
    "value": 0.7813222441128111,
    "ci95_lower": 0.7608836552533867,
    "ci95_upper": 0.8014289371915176
  },
  "log_loss": {
    "value": 0.20360875049835797,
    "ci95_lower": 0.1856040142544062,
    "ci95_upper": 0.22049528393827042
  },
  "precision_per_class": {
    "Normal": {
      "value": 0.9332946506091282,
      "ci95_lower": 0.9254873051848466,
      "ci95_upper": 0.9408767572311778
    },
    "Abnormal": {
      "value": 0.8854943142802315,
      "ci95_lower": 0.8664600567801557,
      "ci95_upper": 0.9039235294117647
    }
  },
  "recall_per_class": {
    "Normal": {
      "value": 0.9688390240286581,
      "ci95_lower": 0.9632508264566306,
      "ci95_upper": 0.9741962606973537
    },
    "Abnormal": {
      "value": 0.7767616509170927,
      "ci95_lower": 0.7542334625530116,
      "ci95_upper": 0.8017950586047072
    }
  },
  "f1_per_class": {
    "Normal": {
      "value": 0.9507289011564645,
      "ci95_lower": 0.9458709349662088,
      "ci95_upper": 0.955570481880009
    },
    "Abnormal": {
      "value": 0.8275080382607298,
      "ci95_lower": 0.8105322630956084,
      "ci95_upper": 0.8445845332735519
    }
  },
  "support_per_class": {
    "Normal": 3743,
    "Abnormal": 1158
  },
  "sensitivity_per_class": {
    "Normal": {
      "value": 0.9688390240286581,
      "ci95_lower": 0.9632508264566306,
      "ci95_upper": 0.9741962606973537
    },
    "Abnormal": {
      "value": 0.7767616509170927,
      "ci95_lower": 0.7542334625530116,
      "ci95_upper": 0.8017950586047072
    }
  },
  "specificity_per_class": {
    "Normal": {
      "value": 0.7767616509170927,
      "ci95_lower": 0.7542334625530116,
      "ci95_upper": 0.8017950586047072
    },
    "Abnormal": {
      "value": 0.9688390240286581,
      "ci95_lower": 0.9632508264566306,
      "ci95_upper": 0.9741962606973537
    }
  },
  "npv_per_class": {
    "Normal": {
      "value": 0.8854943142802315,
      "ci95_lower": 0.8664600567801557,
      "ci95_upper": 0.9039235294117647
    },
    "Abnormal": {
      "value": 0.9332946506091282,
      "ci95_lower": 0.9254873051848466,
      "ci95_upper": 0.9408767572311778
    }
  },
  "ppv_per_class": {
    "Normal": {
      "value": 0.9332946506091282,
      "ci95_lower": 0.9254873051848466,
      "ci95_upper": 0.9408767572311778
    },
    "Abnormal": {
      "value": 0.8854943142802315,
      "ci95_lower": 0.8664600567801557,
      "ci95_upper": 0.9039235294117647
    }
  },
  "roc_auc": {
    "value": 0.9600282749748547,
    "ci95_lower": 0.9538448709654539,
    "ci95_upper": 0.9665535921270187
  },
  "confusion_matrix": [
    [
      3626,
      117
    ],
    [
      258,
      900
    ]
  ],
  "classification_report": {
    "Normal": {
      "precision": 0.9335736354273945,
      "recall": 0.9687416510820198,
      "f1-score": 0.9508325685066212,
      "support": 3743.0
    },
    "Abnormal": {
      "precision": 0.8849557522123894,
      "recall": 0.7772020725388601,
      "f1-score": 0.8275862068965517,
      "support": 1158.0
    },
    "accuracy": 0.9234850030605999,
    "macro avg": {
      "precision": 0.909264693819892,
      "recall": 0.87297186181044,
      "f1-score": 0.8892093877015865,
      "support": 4901.0
    },
    "weighted avg": {
      "precision": 0.9220862841188909,
      "recall": 0.9234850030605999,
      "f1-score": 0.9217121264040992,
      "support": 4901.0
    }
  }
}