{
  "accuracy": {
    "value": 0.9007255662109773,
    "ci95_lower": 0.8918588043256478,
    "ci95_upper": 0.9094062436237502
  },
  "f1_macro": {
    "value": 0.6713701411352787,
    "ci95_lower": 0.6313805227054401,
    "ci95_upper": 0.7112558731931541
  },
  "f1_weighted": {
    "value": 0.8944864676915237,
    "ci95_lower": 0.8848548657306774,
    "ci95_upper": 0.9037948021027845
  },
  "mcc": {
    "value": 0.7331626345852919,
    "ci95_lower": 0.7112116051666172,
    "ci95_upper": 0.7544585715361877
  },
  "log_loss": {
    "value": 0.2972624889996027,
    "ci95_lower": 0.27380032062951193,
    "ci95_upper": 0.321953094692343
  },
  "precision_per_class": {
    "Coarse Crackle": {
      "value": 0.6639097579579004,
      "ci95_lower": 0.3,
      "ci95_upper": 1.0
    },
    "Fine Crackle": {
      "value": 0.7875820535235759,
      "ci95_lower": 0.7549003795066414,
      "ci95_upper": 0.8181897509122641
    },
    "Normal": {
      "value": 0.9245837701089679,
      "ci95_lower": 0.9163900965637748,
      "ci95_upper": 0.9327064435826982
    },
    "Rhonchi": {
      "value": 0.834993073233945,
      "ci95_lower": 0.7095825426944972,
      "ci95_upper": 0.9474021592442644
    },
    "Wheeze": {
      "value": 0.8414697355077685,
      "ci95_lower": 0.7969128100423472,
      "ci95_upper": 0.8833947991354762
    },
    "Wheeze+Crackle": {
      "value": 0.778551417986103,
      "ci95_lower": 0.6458333333333334,
      "ci95_upper": 0.8947642543859649
    }
  },
  "recall_per_class": {
    "Coarse Crackle": {
      "value": 0.1594655781402605,
      "ci95_lower": 0.05128205128205128,
      "ci95_upper": 0.2858082706766916
    },
    "Fine Crackle": {
      "value": 0.6645361384773932,
      "ci95_lower": 0.6267896379653778,
      "ci95_upper": 0.6985294117647058
    },
    "Normal": {
      "value": 0.9725342117817909,
      "ci95_lower": 0.9672403907090013,
      "ci95_upper": 0.977303222235449
    },
    "Rhonchi": {
      "value": 0.6139386357286978,
      "ci95_lower": 0.47823616600790514,
      "ci95_upper": 0.75
    },
    "Wheeze": {
      "value": 0.8070961743479965,
      "ci95_lower": 0.7607878253045404,
      "ci95_upper": 0.8516188769414575
    },
    "Wheeze+Crackle": {
      "value": 0.461922387578015,
      "ci95_lower": 0.3555482456140351,
      "ci95_upper": 0.5769366197183098
    }
  },
  "f1_per_class": {
    "Coarse Crackle": {
      "value": 0.2529968869701836,
      "ci95_lower": 0.09090909090909091,
      "ci95_upper": 0.4186046511627907
    },
    "Fine Crackle": {
      "value": 0.7206893929144311,
      "ci95_lower": 0.6929203811572286,
      "ci95_upper": 0.746692140003897
    },
    "Normal": {
      "value": 0.9479469096609806,
      "ci95_lower": 0.9427832279321414,
      "ci95_upper": 0.9529960866367838
    },
    "Rhonchi": {
      "value": 0.7051401693840165,
      "ci95_lower": 0.5882352941176471,
      "ci95_upper": 0.8090765449438201
    },
    "Wheeze": {
      "value": 0.8236717118840144,
      "ci95_lower": 0.79002153961416,
      "ci95_upper": 0.8571428571428571
    },
    "Wheeze+Crackle": {
      "value": 0.5777757759980456,
      "ci95_lower": 0.47055822328931574,
      "ci95_upper": 0.6837719298245614
    }
  },
  "support_per_class": {
    "Coarse Crackle": 37,
    "Fine Crackle": 700,
    "Normal": 3743,
    "Rhonchi": 49,
    "Wheeze": 296,
    "Wheeze+Crackle": 76
  },
  "sensitivity_per_class": {
    "Coarse Crackle": {
      "value": 0.1594655781402605,
      "ci95_lower": 0.05128205128205128,
      "ci95_upper": 0.2858082706766916
    },
    "Fine Crackle": {
      "value": 0.6645361384773932,
      "ci95_lower": 0.6267896379653778,
      "ci95_upper": 0.6985294117647058
    },
    "Normal": {
      "value": 0.9725342117817909,
      "ci95_lower": 0.9672403907090013,
      "ci95_upper": 0.977303222235449
    },
    "Rhonchi": {
      "value": 0.6139386357286978,
      "ci95_lower": 0.47823616600790514,
      "ci95_upper": 0.75
    },
    "Wheeze": {
      "value": 0.8070961743479965,
      "ci95_lower": 0.7607878253045404,
      "ci95_upper": 0.8516188769414575
    },
    "Wheeze+Crackle": {
      "value": 0.461922387578015,
      "ci95_lower": 0.3555482456140351,
      "ci95_upper": 0.5769366197183098
    }
  },
  "specificity_per_class": {
    "Coarse Crackle": {
      "value": 0.9993869299573617,
      "ci95_lower": 0.9985614393811708,
      "ci95_upper": 1.0
    },
    "Fine Crackle": {
      "value": 0.9700217317414739,
      "ci95_lower": 0.9648477139932188,
      "ci95_upper": 0.9751672924243533
    },
    "Normal": {
      "value": 0.7442722969230272,
      "ci95_lower": 0.7188022683010654,
      "ci95_upper": 0.7685549966730371
    },
    "Rhonchi": {
      "value": 0.9987742934404441,
      "ci95_lower": 0.9977277069768622,
      "ci95_upper": 0.9995884815982855
    },
    "Wheeze": {
      "value": 0.9902315287004372,
      "ci95_lower": 0.9873269720717663,
      "ci95_upper": 0.9930329140300855
    },
    "Wheeze+Crackle": {
      "value": 0.9979221371340381,
      "ci95_lower": 0.9966573709471198,
      "ci95_upper": 0.9991702966189587
    }
  },
  "npv_per_class": {
    "Coarse Crackle": {
      "value": 0.9936289500210653,
      "ci95_lower": 0.991414554374489,
      "ci95_upper": 0.9957046430762937
    },
    "Fine Crackle": {
      "value": 0.9453213980687135,
      "ci95_lower": 0.9382224594361027,
      "ci95_upper": 0.9523862347367719
    },
    "Normal": {
      "value": 0.8936834250257859,
      "ci95_lower": 0.8743861564419892,
      "ci95_upper": 0.9118563337558299
    },
    "Rhonchi": {
      "value": 0.9961029437284948,
      "ci95_lower": 0.9942372598474677,
      "ci95_upper": 0.9977426868090525
    },
    "Wheeze": {
      "value": 0.9876428425690738,
      "ci95_lower": 0.9843601691536882,
      "ci95_upper": 0.9906987307987668
    },
    "Wheeze+Crackle": {
      "value": 0.9915479725602068,
      "ci95_lower": 0.9888725752469126,
      "ci95_upper": 0.9940412984080641
    }
  },
  "ppv_per_class": {
    "Coarse Crackle": {
      "value": 0.6639097579579004,
      "ci95_lower": 0.3,
      "ci95_upper": 1.0
    },
    "Fine Crackle": {
      "value": 0.7875820535235759,
      "ci95_lower": 0.7549003795066414,
      "ci95_upper": 0.8181897509122641
    },
    "Normal": {
      "value": 0.9245837701089679,
      "ci95_lower": 0.9163900965637748,
      "ci95_upper": 0.9327064435826982
    },
    "Rhonchi": {
      "value": 0.834993073233945,
      "ci95_lower": 0.7095825426944972,
      "ci95_upper": 0.9474021592442644
    },
    "Wheeze": {
      "value": 0.8414697355077685,
      "ci95_lower": 0.7969128100423472,
      "ci95_upper": 0.8833947991354762
    },
    "Wheeze+Crackle": {
      "value": 0.778551417986103,
      "ci95_lower": 0.6458333333333334,
      "ci95_upper": 0.8947642543859649
    }
  },
  "roc_auc_macro": {
    "value": 0.9649761814602313,
    "ci95_lower": 0.9563857295516295,
    "ci95_upper": 0.971477709874334
  },
  "roc_auc_weighted": {
    "value": 0.9587288138410045,
    "ci95_lower": 0.9527322657041508,
    "ci95_upper": 0.9649101548282202
  },
  "roc_auc_per_class": {
    "Coarse Crackle": {
      "value": 0.9489097080342735,
      "ci95_lower": 0.9221040881482069,
      "ci95_upper": 0.9698597383433343
    },
    "Fine Crackle": {
      "value": 0.9468355093447373,
      "ci95_lower": 0.9380652329293191,
      "ci95_upper": 0.9553666794099387
    },
    "Normal": {
      "value": 0.9583532872225122,
      "ci95_lower": 0.9520442667829521,
      "ci95_upper": 0.9647546394540503
    },
    "Rhonchi": {
      "value": 0.9740028608352638,
      "ci95_lower": 0.9335252547684693,
      "ci95_upper": 0.9938721368440434
    },
    "Wheeze": {
      "value": 0.9860255814637688,
      "ci95_lower": 0.9812518270474904,
      "ci95_upper": 0.9905969500207473
    },
    "Wheeze+Crackle": {
      "value": 0.9757301418608326,
      "ci95_lower": 0.9603130118083951,
      "ci95_upper": 0.9865862334431623
    }
  },