{
  "accuracy": {
    "value": 0.8142015915119364,
    "ci95_lower": 0.8033003468679861,
    "ci95_upper": 0.824122628035095
  },
  "f1_macro": {
    "value": 0.7780799324780613,
    "ci95_lower": 0.7642660051889296,
    "ci95_upper": 0.7904309119103566
  },
  "f1_weighted": {
    "value": 0.8110101390497327,
    "ci95_lower": 0.799778872928232,
    "ci95_upper": 0.8217034321289567
  },
  "mcc": {
    "value": 0.6933717505330622,
    "ci95_lower": 0.6749552543352861,
    "ci95_upper": 0.7095853893683165
  },
  "log_loss": {
    "value": 0.47031046937416454,
    "ci95_lower": 0.4497151636513885,
    "ci95_upper": 0.4912879272230521
  },
  "precision_per_class": {
    "Normal": {
      "value": 0.838368832444515,
      "ci95_lower": 0.8238206571691177,
      "ci95_upper": 0.8520319913731129
    },
    "Pneumonia": {
      "value": 0.7380201398177171,
      "ci95_lower": 0.7059606644959534,
      "ci95_upper": 0.7699345042293233
    },
    "Bronchiolitis": {
      "value": 0.80774954811135,
      "ci95_lower": 0.7884386446886447,
      "ci95_upper": 0.8259621098166481
    }
  },
  "recall_per_class": {
    "Normal": {
      "value": 0.8811599884235041,
      "ci95_lower": 0.868153945950719,
      "ci95_upper": 0.8934704743586541
    },
    "Pneumonia": {
      "value": 0.5935537139339563,
      "ci95_lower": 0.5598538790276485,
      "ci95_upper": 0.6247020171149144
    },
    "Bronchiolitis": {
      "value": 0.8270336628446837,
      "ci95_lower": 0.8074431961891915,
      "ci95_upper": 0.8460723064998339
    }
  },
  "f1_per_class": {
    "Normal": {
      "value": 0.8592061152827373,
      "ci95_lower": 0.8486909559339036,
      "ci95_upper": 0.8690261947610478
    },
    "Pneumonia": {
      "value": 0.6578044749560041,
      "ci95_lower": 0.628835839915525,
      "ci95_upper": 0.682460147986294
    },
    "Bronchiolitis": {
      "value": 0.8172292071954426,
      "ci95_lower": 0.8013962162558064,
      "ci95_upper": 0.8311311726949026
    }
  },
  "support_per_class": {
    "Normal": 2436,
    "Pneumonia": 835,
    "Bronchiolitis": 1630
  },
  "sensitivity_per_class": {
    "Normal": {
      "value": 0.8811599884235041,
      "ci95_lower": 0.868153945950719,
      "ci95_upper": 0.8934704743586541
    },
    "Pneumonia": {
      "value": 0.5935537139339563,
      "ci95_lower": 0.5598538790276485,
      "ci95_upper": 0.6247020171149144
    },
    "Bronchiolitis": {
      "value": 0.8270336628446837,
      "ci95_lower": 0.8074431961891915,
      "ci95_upper": 0.8460723064998339
    }
  },
  "specificity_per_class": {
    "Normal": {
      "value": 0.8321578351433652,
      "ci95_lower": 0.8160068064956078,
      "ci95_upper": 0.8473696083934199
    },
    "Pneumonia": {
      "value": 0.9567970800731608,
      "ci95_lower": 0.9503292693187017,
      "ci95_upper": 0.9629191428462511
    },
    "Bronchiolitis": {
      "value": 0.9017919752511496,
      "ci95_lower": 0.8918327678400154,
      "ci95_upper": 0.9119114180478821
    }
  },
  "npv_per_class": {
    "Normal": {
      "value": 0.8763482356222919,
      "ci95_lower": 0.8626761281221098,
      "ci95_upper": 0.8886099251648569
    },
    "Pneumonia": {
      "value": 0.9198701721146192,
      "ci95_lower": 0.9113561909995066,
      "ci95_upper": 0.9278785457118478
    },
    "Bronchiolitis": {
      "value": 0.9126611493891621,
      "ci95_lower": 0.9023544207074405,
      "ci95_upper": 0.9226895677333233
    }
  },
  "ppv_per_class": {
    "Normal": {
      "value": 0.838368832444515,
      "ci95_lower": 0.8238206571691177,
      "ci95_upper": 0.8520319913731129
    },
    "Pneumonia": {
      "value": 0.7380201398177171,
      "ci95_lower": 0.7059606644959534,
      "ci95_upper": 0.7699345042293233
    },
    "Bronchiolitis": {
      "value": 0.80774954811135,
      "ci95_lower": 0.7884386446886447,
      "ci95_upper": 0.8259621098166481
    }
  },
  "roc_auc_macro": {
    "value": 0.931209962289113,
    "ci95_lower": 0.9251601582801188,
    "ci95_upper": 0.9367065095310219
  },
  "roc_auc_weighted": {
    "value": 0.9336422682571252,
    "ci95_lower": 0.9277918183511885,
    "ci95_upper": 0.9391064403778677
  },
  "roc_auc_per_class": {
    "Normal": {
      "value": 0.932867332293627,
      "ci95_lower": 0.9262484772319483,
      "ci95_upper": 0.9390396632845236
    },
    "Pneumonia": {
      "value": 0.9179211072461051,
      "ci95_lower": 0.9074950730850148,
      "ci95_upper": 0.9267110932363916
    },
    "Bronchiolitis": {
      "value": 0.9428414473276068,
      "ci95_lower": 0.9361942469119627,
      "ci95_upper": 0.9490833501715186
    }
  },
  "confusion_matrix": [
    [
      2146,
      102,
      188
    ],
    [
      205,
      496,
      134
    ],
    [
      208,
      74,
      1348
    ]
  ],
  "classification_report": {
    "Normal": {
      "precision": 0.8386088315748339,
      "recall": 0.8809523809523809,
      "f1-score": 0.8592592592592593,
      "support": 2436.0
    },
    "Pneumonia": {
      "precision": 0.7380952380952381,
      "recall": 0.5940119760479042,
      "f1-score": 0.6582614465826144,
      "support": 835.0
    },
    "Bronchiolitis": {
      "precision": 0.807185628742515,
      "recall": 0.8269938650306748,
      "f1-score": 0.816969696969697,
      "support": 1630.0
    },
    "accuracy": 0.8141195674352173,
    "macro avg": {
      "precision": 0.7946298994708624,
      "recall": 0.7673194073436534,
      "f1-score": 0.7781634676038568,
      "support": 4901.0
    },
    "weighted avg": {
      "precision": 0.8110330978118994,
      "recall": 0.8141195674352173,
      "f1-score": 0.8109496979213721,
      "support": 4901.0
    }
  }
}