{
  "train_loss": [
    0.6531202491859888,
    0.6060213459965308,
    0.5858062751583984,
    0.5742128783845417,
    0.5744840274938107,
    0.5704994882478195,
    0.5632277921481454,
    0.5654141008899521,
    0.559725790338687,
    0.5562513796661555,
    0.5466318548574002,
    0.5174866720333955,
    0.49612891825767086,
    0.4759913116552109,
    0.46857493391865485,
    0.45626328650897896,
    0.4446069224996177,
    0.43991771984214667,
    0.43123207628705673,
    0.42179549260023436,
    0.4179260050898358,
    0.41476026533915245,
    0.4067950911809673,
    0.4056107959719706,
    0.39924818031679504,
    0.395557514872775,
    0.39093680782341955,
    0.383571363145196,
    0.38498327791742515,
    0.3813678774989722,
    0.3765639483560769,
    0.37444603708741103,
    0.3726743857851322,
    0.36709807187034504,
    0.3687986296512324,
    0.3640182105575308,
    0.36257066313103803,
    0.3589165365079322,
    0.35918197823909875,
    0.35438368930467834,
    0.3457185003408782,
    0.3463264525815406,
    0.34361400560858857,
    0.34372624508009963,
    0.3405493316226593,
    0.34388334082017374,
    0.34000136738333575,
    0.3383529019776591,
    0.3322996043574535,
    0.3360897779634995
  ],
  "train_acc": [
    0.6135285415497628,
    0.6727541702800591,
    0.6934652859256236,
    0.7083099525582819,
    0.7128500739682702,
    0.7146865275723103,
    0.72223639238892,
    0.7198388001836453,
    0.7241238585930725,
    0.7248890475947559,
    0.7300413202060909,
    0.7397847268275264,
    0.7516196500535632,
    0.7645258378819568,
    0.7696781104932918,
    0.780696832117533,
    0.782941386522471,
    0.7869713819313371,
    0.794113145947049,
    0.8016119981635464,
    0.8032954139672499,
    0.8051828801714024,
    0.8124776819874509,
    0.8109473039840841,
    0.8138040095903688,
    0.8177319797990104,
    0.8187012192011427,
    0.8195684334030505,
    0.8278324746212314,
    0.8239045044125899,
    0.8291588022241494,
    0.8290567770239249,
    0.8300260164260572,
    0.833341835433352,
    0.8342600622353722,
    0.8348212008366066,
    0.8376268938427792,
    0.8374228434423302,
    0.8405346120491761,
    0.843646380656022,
    0.8455848594602867,
    0.8461970106616334,
    0.8488496658674692,
    0.8491047288680305,
    0.8500739682701627,
    0.8473703004642147,
    0.8502270060704994,
    0.8502780186706116,
    0.8527776360761108,
    0.8507881446717339
  ],
  "train_f1_macro": [
    0.574441451053333,
    0.6269038962614881,
    0.6445504463132246,
    0.6575843774880816,
    0.6608161891801276,
    0.6622177205361752,
    0.6697007797940369,
    0.6665104016728578,
    0.671802235730476,
    0.6718989828909898,
    0.6798309477532785,
    0.6925154472661667,
    0.7056903144066968,
    0.7187984518431518,
    0.7249377435672595,
    0.7360535231318331,
    0.7387286069250794,
    0.7425733233751485,
    0.7507430730589688,
    0.7579720059294965,
    0.7599876649003545,
    0.7612887337502194,
    0.769595298275887,
    0.7680156271773866,
    0.7703771038890432,
    0.7752089026718119,
    0.7764898539335916,
    0.7780069741846438,
    0.7857482991253149,
    0.7828333596232815,
    0.7881589213400644,
    0.787890651082692,
    0.7889401629627673,
    0.7925576515892719,
    0.7938629560789776,
    0.7944568963987471,
    0.7973880808311568,
    0.7976373540296937,
    0.8009146732829248,
    0.8041407413471362,
    0.806834747896369,
    0.8068468006874919,
    0.8101561722899682,
    0.8098474744260369,
    0.8116502928772482,
    0.8083756688143477,
    0.8117662421877363,
    0.8114910541332458,
    0.8148859848931633,
    0.8125692001435475
  ],
  "train_f1_weighted": [
    0.5839878857125351,
    0.6490083720798125,
    0.6722163890147917,
    0.688907167978746,
    0.6941929647182367,
    0.6963163330301481,
    0.7046774827303847,
    0.7022055294935112,
    0.7067167414429253,
    0.7077167151260184,
    0.7127849407517429,
    0.7229028412698979,
    0.7356831669849773,
    0.749913898965572,
    0.7553890355516991,
    0.767578499323298,
    0.7699637514397545,
    0.7744825532747014,
    0.7821581325815442,
    0.7905656906626881,
    0.7923527570635934,
    0.7946088084960639,
    0.8024682430083062,
    0.8007756580384204,
    0.8040947213479375,
    0.8082308700256919,
    0.8092273219841504,
    0.8100184117080877,
    0.8193894822306487,
    0.8147219118063235,
    0.8205680340472544,
    0.8205003624726843,
    0.8215608770028195,
    0.8251821833734285,
    0.8260996419666282,
    0.8267176729282808,
    0.8298195692028181,
    0.8294629992075655,
    0.8328960509559915,
    0.836345645177199,
    0.838298249643427,
    0.83915684538258,
    0.8419373027775225,
    0.842387758421236,
    0.8432302664297938,
    0.8403677588991362,
    0.8434124931153095,
    0.8435648901929907,
    0.8461041938449954,
    0.843970734661566
  ],
  "val_loss": [
    0.5831640122058902,
    0.56097722054744,
    0.5597603705994233,
    0.558534017596238,
    0.5535005275277891,
    0.5573904314556308,
    0.5565654744520111,
    0.5611243565893494,
    0.5532310230832663,
    0.552557133595765,
    0.5215940887260087,
    0.4943308857077848,
    0.47581112669380654,
    0.47359513590662267,
    0.4537622008706034,
    0.4429202816348201,
    0.4440377479340441,
    0.4349747620457607,
    0.44183220477937024,
    0.43088683560171365,
    0.4278558786852801,
    0.40972401039365897,
    0.41308828291723226,
    0.41402275407589156,
    0.40336734650573347,
    0.40470256438865343,
    0.40099726329407287,
    0.39659579450610805,
    0.39158188916972353,
    0.39973247372612764,
    0.39757531494589343,
    0.3839251107675546,
    0.40279812946340987,
    0.3899986482966654,
    0.3878932542927142,
    0.3827915756137146,
    0.3881486725154105,
    0.39278267768178027,
    0.39063091725384647,
    0.3845204221663536,
    0.3787366768409466,
    0.37798511938485924,
    0.37304527478980865,
    0.38207854168180594,
    0.3758308519437298,
    0.37508101739754024,
    0.37634678651084463,
    0.37116743117066164,
    0.37729689580728704,
    0.37459697262884717
  ],
  "val_acc": [
    0.645786574168537,
    0.708426851662926,
    0.6918996123240155,
    0.6996531320138747,
    0.7055702917771883,
    0.7051622117935116,
    0.7012854519485819,
    0.6800652927973883,
    0.7037339318506427,
    0.7069985717200571,
    0.7337278106508875,
    0.7353601305855948,
    0.7457661701693532,
    0.7376045704958172,
    0.7745358090185677,
    0.7920832483166701,
    0.762497449500102,
    0.7694348092226077,
    0.7569883697204652,
    0.772699449092022,
    0.7704550091817997,
    0.8088145276474189,
    0.8000408079983676,
    0.7880024484799021,
    0.8028973678841053,
    0.7980004080799836,
    0.8049377678024893,
    0.8149357274025709,
    0.8214650071413997,
    0.8012650479493981,
    0.8031014078759436,
    0.8290144868394205,
    0.7910630483574781,
    0.8188124872475006,
    0.8228932870842686,
    0.8367680065292797,
    0.8171801673127933,
    0.8092226076310957,
    0.8067741277290349,
    0.8206488471740461,
    0.8320750867169965,
    0.8316670067333197,
    0.8432972862681085,
    0.8243215670271373,
    0.8392164864313405,
    0.8418690063252398,
    0.8357478065700877,
    0.8451336461946541,
    0.8320750867169965,
    0.8377882064884717
  ],