{
  "train_loss": [
    1.0288642524170861,
    0.919158212607572,
    0.8747593954814391,
    0.8529946499531752,
    0.833373961141935,
    0.8309820575756193,
    0.8197441771888723,
    0.8184950772836513,
    0.82129593715676,
    0.8126680198958995,
    0.7791359071305155,
    0.7454437732070172,
    0.7177322987195868,
    0.6796125562110251,
    0.6667405506764627,
    0.653720978184731,
    0.639707734038962,
    0.6339948965062756,
    0.6188701340320651,
    0.6103858656465585,
    0.5972229399492818,
    0.5856741183066693,
    0.5748287818173161,
    0.5692272541146312,
    0.5664460762893583,
    0.5644846646307026,
    0.5470559426438399,
    0.5473621310199188,
    0.5397836221792026,
    0.5360275504023896,
    0.5325432128686233,
    0.5320803853940436,
    0.5169269027852503,
    0.5209786754806741,
    0.5134964159910809,
    0.5069249472797255,
    0.5042102353196299,
    0.49277943507728544,
    0.48384151777758716,
    0.48455739844844503,
    0.48603201713062383,
    0.4793656942571103,
    0.4683171053924092,
    0.4716358422056325,
    0.46526964585379615,
    0.46395135846380275,
    0.4585741220238512,
    0.4526969032652955,
    0.45150739446055105,
    0.44759135949595247
  ],
  "train_acc": [
    0.45003315819007295,
    0.5408865989899505,
    0.5771565576697444,
    0.605723613732592,
    0.6219456205682804,
    0.6281181451818599,
    0.6396469928072234,
    0.6384226904045299,
    0.6427587614140693,
    0.6410243330102535,
    0.644697240218334,
    0.6510738152323624,
    0.6613273478549202,
    0.6702035402744478,
    0.6764270774881396,
    0.6827526399020558,
    0.6883130133142886,
    0.6911187063204611,
    0.6986175585369586,
    0.7043309697495281,
    0.7072897005560373,
    0.7135642503698414,
    0.7165229811763506,
    0.7186655103810641,
    0.7227465183900423,
    0.7278477784012651,
    0.7289190430036219,
    0.7365199204203439,
    0.7343773912156303,
    0.736774983420905,
    0.7387644748252818,
    0.7396316890271897,
    0.7479467428454828,
    0.7474366168443606,
    0.7519767382543489,
    0.7537111666581646,
    0.760750905473652,
    0.7611590062745498,
    0.760750905473652,
    0.7633015354792634,
    0.7638626740804979,
    0.765903178084987,
    0.7740141815028312,
    0.7727898791001377,
    0.7755955721063102,
    0.7768198745090037,
    0.7825332857215732,
    0.7837065755241545,
    0.7834515125235934,
    0.784726827526399
  ],
  "train_f1_macro": [
    0.3666771127652953,
    0.4444640064523992,
    0.47848477965697195,
    0.4996099331987929,
    0.514449324519144,
    0.5218083508708798,
    0.5306913101020184,
    0.530437502850532,
    0.5352057508937618,
    0.5349266508887267,
    0.5459278449950846,
    0.5585036726773575,
    0.578055462980282,
    0.5899382302951067,
    0.5986094692197562,
    0.6079190620332644,
    0.6115510195665551,
    0.6173238058960665,
    0.627353696118572,
    0.6297876269601078,
    0.6371632008628024,
    0.6432617471584446,
    0.6489434985406243,
    0.6524295557869574,
    0.6556460001423324,
    0.6600824415522697,
    0.6628054302791858,
    0.6694651112740221,
    0.6686507744272752,
    0.6711672198444697,
    0.6752184268863776,
    0.6752721770325474,
    0.6863774108869031,
    0.6858728351180022,
    0.6890338895910282,
    0.6917710600640977,
    0.6967033298094826,
    0.701120154002207,
    0.7027998373373481,
    0.7033839461306287,
    0.7037823738008399,
    0.7067596282631884,
    0.7149101041837684,
    0.713476542132469,
    0.7187060043435324,
    0.7197849296608503,
    0.7254072040509727,
    0.725342172158954,
    0.7240721482634914,
    0.7279793502218839
  ],
  "train_f1_weighted": [
    0.3873610876030474,
    0.4891103107845878,
    0.5312050971812642,
    0.5642711250942932,
    0.5836413291061033,
    0.5906615525983501,
    0.6040747930442242,
    0.6028080200009194,
    0.6077216656977956,
    0.6058923016192661,
    0.6100096322136781,
    0.616843154525917,
    0.6285727953346464,
    0.6384775849215781,
    0.6453466667624448,
    0.6521978104564673,
    0.6584503715803791,
    0.6618604900160738,
    0.6702429971771624,
    0.6762181299640001,
    0.6796179974082228,
    0.6868240800118587,
    0.6901313580641946,
    0.6923777440983582,
    0.6971682096578882,
    0.7028886803617085,
    0.7040184052627393,
    0.7126831118458985,
    0.7103538055115362,
    0.7128966951766026,
    0.7154037682680204,
    0.7161719335254066,
    0.7254916403980792,
    0.7251550056668584,
    0.7302790799698237,
    0.7322952144271828,
    0.7401577481244216,
    0.740764119027888,
    0.7399480054373829,
    0.7430525287119475,
    0.7436503421178181,
    0.7460722894767754,
    0.7553875487528464,
    0.7538284326522787,
    0.7566719626864294,
    0.7584794253375099,
    0.7647991032573739,
    0.7659309506340288,
    0.7659882531459271,
    0.7673566529320468
  ],
  "val_loss": [
    0.8805438055113562,
    0.824623514087656,
    0.8098985920680151,
    0.7965591544400573,
    0.788965389816597,
    0.7792673214944716,
    0.7663288089334418,
    0.7635638869385213,
    0.7623558123241612,
    0.76741668486493,
    0.7176649062712809,
    0.6878532121872761,
    0.6689482016165483,
    0.6475313785027008,
    0.6387453848209899,
    0.6302217446621815,
    0.6265217708193801,
    0.6128858645773255,
    0.6049497289648836,
    0.601586946271629,
    0.5966704330062944,
    0.6018174770315723,
    0.5910734463907996,
    0.5902372415978868,
    0.5849111769010135,
    0.5813451391036499,
    0.5853012654032665,
    0.5747726157450526,
    0.5681346501289303,
    0.5748134042457327,
    0.5660995028379425,
    0.5678526513845525,
    0.5659952427727474,
    0.5701425949473012,
    0.5567330514088233,
    0.5562032135718454,
    0.5480574461555656,
    0.5469424738260805,
    0.5541948011957172,
    0.5566050026081601,
    0.5577413591285842,
    0.5464818100616947,
    0.5506019207366363,
    0.5426790614780954,
    0.5512748548775832,
    0.5412446497606029,
    0.5504785987630811,
    0.5452124341680818,
    0.5411009157319333,
    0.546835180254183
  ],
  "val_acc": [
    0.503570699857172,
    0.6143644154254234,
    0.611099775556009,
    0.5862068965517241,
    0.586614976535401,
    0.5974290961028361,
    0.6370128545194859,
    0.6698632932054682,
    0.6404815343807386,
    0.6166088553356458,
    0.6637420934503163,
    0.6423178943072843,
    0.650887573964497,
    0.6725158130993675,
    0.6772087329116507,
    0.6821056927157723,
    0.6684350132625995,
    0.6959804121607835,
    0.7045500918179963,
    0.7067945317282187,
    0.7039379718424811,
    0.6794531728218731,
    0.7008773719649051,
    0.7061824117527036,
    0.713527851458886,
    0.7127116914915324,
    0.7086308916547643,
    0.7184248112630075,
    0.7341358906345644,
    0.7169965313201387,
    0.7339318506427259,
    0.7198530912058764,
    0.7255662109773515,
    0.7161803713527851,
    0.7455621301775148,
    0.7516833299326668,
    0.7590287696388492,
    0.7608651295653949,
    0.7402570903897164,
    0.7359722505611099,
    0.7357682105692716,
    0.7702509691899613,
    0.7561722097531116,
    0.7739236890430524,
    0.7539277698428892,
    0.7622934095082636,
    0.7445419302183228,
    0.760457049581718,
    0.774739849010406,
    0.7602530095898796
  ],