{
  "accuracy": {
    "value": 0.8110018363599265,
    "ci95_lower": 0.7996327280146909,
    "ci95_upper": 0.8216690471332381
  },
  "f1_macro": {
    "value": 0.7757882111291201,
    "ci95_lower": 0.7624402439357694,
    "ci95_upper": 0.7886170604359001
  },
  "f1_weighted": {
    "value": 0.80793226714308,
    "ci95_lower": 0.7961184216689756,
    "ci95_upper": 0.8189415655148777
  },
  "mcc": {
    "value": 0.6878831907639209,
    "ci95_lower": 0.6692022860449415,
    "ci95_upper": 0.7056794658913245
  },
  "log_loss": {
    "value": 0.4646212035643689,
    "ci95_lower": 0.44553436917294226,
    "ci95_upper": 0.48400981052357883
  },
  "precision_per_class": {
    "Normal": {
      "value": 0.8335784911209029,
      "ci95_lower": 0.81857027724049,
      "ci95_upper": 0.8481568990090315
    },
    "Pneumonia": {
      "value": 0.7369869350565973,
      "ci95_lower": 0.7036470466428535,
      "ci95_upper": 0.7708628542238573
    },
    "Bronchiolitis": {
      "value": 0.8060900600026714,
      "ci95_lower": 0.784900791542663,
      "ci95_upper": 0.8255771632601259
    }
  },
  "recall_per_class": {
    "Normal": {
      "value": 0.8833675384908803,
      "ci95_lower": 0.8709013597664944,
      "ci95_upper": 0.8952621248427424
    },
    "Pneumonia": {
      "value": 0.5997352194400077,
      "ci95_lower": 0.5658947394134819,
      "ci95_upper": 0.6312201317713942
    },
    "Bronchiolitis": {
      "value": 0.8109666468810031,
      "ci95_lower": 0.7903531546648139,
      "ci95_upper": 0.8314756516582209
    }
  },
  "f1_per_class": {
    "Normal": 0.8578831971297588,
    "Pneumonia": 0.6618229854689565,
    "Bronchiolitis": 0.8083154998471416
  },
  "support_per_class": {
    "Normal": 2436,
    "Pneumonia": 835,
    "Bronchiolitis": 1630
  },
  "sensitivity_per_class": {
    "Normal": {
      "value": 0.8833675384908803,
      "ci95_lower": 0.8709013597664944,
      "ci95_upper": 0.8952621248427424
    },
    "Pneumonia": {
      "value": 0.5997352194400077,
      "ci95_lower": 0.5658947394134819,
      "ci95_upper": 0.6312201317713942
    },
    "Bronchiolitis": {
      "value": 0.8109666468810031,
      "ci95_lower": 0.7903531546648139,
      "ci95_upper": 0.8314756516582209
    }
  },
  "specificity_per_class": {
    "Normal": {
      "value": 0.8257595658993011,
      "ci95_lower": 0.8098251777278757,
      "ci95_upper": 0.8419397283531409
    },
    "Pneumonia": {
      "value": 0.9561184990529087,
      "ci95_lower": 0.9496879487337452,
      "ci95_upper": 0.9621036151658519
    },
    "Bronchiolitis": {
      "value": 0.9026653244288779,
      "ci95_lower": 0.8917804074499002,
      "ci95_upper": 0.9131895959178699
    }
  },
  "npv_per_class": {
    "Normal": {
      "value": 0.8775351184922477,
      "ci95_lower": 0.8635166392070054,
      "ci95_upper": 0.8903429999217051
    },
    "Pneumonia": {
      "value": 0.9209408928760755,
      "ci95_lower": 0.9124916259713872,
      "ci95_upper": 0.9297364351909756
    },
    "Bronchiolitis": {
      "value": 0.9053999927707478,
      "ci95_lower": 0.8942829198562143,
      "ci95_upper": 0.9155830017051864
    }
  },
  "ppv_per_class": {
    "Normal": {
      "value": 0.8335784911209029,
      "ci95_lower": 0.81857027724049,
      "ci95_upper": 0.8481568990090315
    },
    "Pneumonia": {
      "value": 0.7369869350565973,
      "ci95_lower": 0.7036470466428535,
      "ci95_upper": 0.7708628542238573
    },
    "Bronchiolitis": {
      "value": 0.8060900600026714,
      "ci95_lower": 0.784900791542663,
      "ci95_upper": 0.8255771632601259
    }
  },
  "roc_auc_macro": {
    "value": 0.9332174612349003,
    "ci95_lower": 0.9273973265500032,
    "ci95_upper": 0.9387194774715834
  },
  "roc_auc_weighted": {
    "value": 0.934852083412811,
    "ci95_lower": 0.9290628166970121,
    "ci95_upper": 0.940215133772613
  },
  "roc_auc_per_class": {
    "Normal": {
      "value": 0.9336654018435872,
      "ci95_lower": 0.9270168355898023,
      "ci95_upper": 0.9396130969350586
    },
    "Pneumonia": {
      "value": 0.9236124114170905,
      "ci95_lower": 0.913900524629902,
      "ci95_upper": 0.9322672415597303
    },
    "Bronchiolitis": {
      "value": 0.9423745704440237,
      "ci95_lower": 0.9357553332069628,
      "ci95_upper": 0.948468092120654
    }
  },
  "confusion_matrix": [
    [
      2152,
      96,
      188
    ],
    [
      203,
      501,
      131
    ],
    [
      226,
      82,
      1322
    ]
  ],
  "classification_report": {
    "Normal": {
      "precision": 0.8337853545137544,
      "recall": 0.8834154351395731,
      "f1-score": 0.8578831971297588,
      "support": 2436.0
    },
    "Pneumonia": {
      "precision": 0.7378497790868925,
      "recall": 0.6,
      "f1-score": 0.6618229854689565,
      "support": 835.0
    },
    "Bronchiolitis": {
      "precision": 0.805606337599025,
      "recall": 0.811042944785276,
      "f1-score": 0.8083154998471416,
      "support": 1630.0
    },
    "accuracy": 0.8110589675576413,
    "macro avg": {
      "precision": 0.792413823733224,
      "recall": 0.7648194599749498,
      "f1-score": 0.7760072274819523,
      "support": 4901.0
    },
    "weighted avg": {
      "precision": 0.8080685613996066,
      "recall": 0.8110589675576413,
      "f1-score": 0.8079942717456665,
      "support": 4901.0
    }
  }
}