{
  "accuracy": {
    "value": 0.8993613548255457,
    "ci95_lower": 0.8902264843909407,
    "ci95_upper": 0.9085951846561927
  },
  "f1_macro": {
    "value": 0.6512321130058142,
    "ci95_lower": 0.608738392464054,
    "ci95_upper": 0.6937505970722724
  },
  "f1_weighted": {
    "value": 0.892381399972846,
    "ci95_lower": 0.8823017310153827,
    "ci95_upper": 0.902582015110611
  },
  "mcc": {
    "value": 0.7287697698701557,
    "ci95_lower": 0.7067360623504574,
    "ci95_upper": 0.7518565343931504
  },
  "log_loss": {
    "value": 0.3012223780748509,
    "ci95_lower": 0.2787851745813208,
    "ci95_upper": 0.3239257047809118
  },
  "precision_per_class": {
    "Coarse Crackle": {
      "value": 0.829143173656409,
      "ci95_lower": 0.4,
      "ci95_upper": 1.0
    },
    "Fine Crackle": {
      "value": 0.7888725317615595,
      "ci95_lower": 0.7547701637703671,
      "ci95_upper": 0.8213120651342392
    },
    "Normal": {
      "value": 0.9230695874086203,
      "ci95_lower": 0.9148908864520076,
      "ci95_upper": 0.9313354505727136
    },
    "Rhonchi": {
      "value": 0.8446438079095454,
      "ci95_lower": 0.7141917293233083,
      "ci95_upper": 0.9615384615384616
    },
    "Wheeze": {
      "value": 0.8312765558376104,
      "ci95_lower": 0.7862008469449486,
      "ci95_upper": 0.874127031908489
    },
    "Wheeze+Crackle": {
      "value": 0.7441701775135994,
      "ci95_lower": 0.6,
      "ci95_upper": 0.8637121212121212
    }
  },
  "recall_per_class": {
    "Coarse Crackle": {
      "value": 0.1312430931188494,
      "ci95_lower": 0.03223286290322581,
      "ci95_upper": 0.25
    },
    "Fine Crackle": {
      "value": 0.6630899716287311,
      "ci95_lower": 0.6287267339406107,
      "ci95_upper": 0.6988554762960383
    },
    "Normal": {
      "value": 0.973413213412234,
      "ci95_lower": 0.9682580963389179,
      "ci95_upper": 0.9784552383300233
    },
    "Rhonchi": {
      "value": 0.5526249714916446,
      "ci95_lower": 0.41301150895140665,
      "ci95_upper": 0.6944562146892655
    },
    "Wheeze": {
      "value": 0.8008387026394671,
      "ci95_lower": 0.7531635680379747,
      "ci95_upper": 0.8456504904491482
    },
    "Wheeze+Crackle": {
      "value": 0.42166961636876166,
      "ci95_lower": 0.3055555555555556,
      "ci95_upper": 0.5410006830601093
    }
  },
  "f1_per_class": {
    "Coarse Crackle": 0.23255813953488372,
    "Fine Crackle": 0.7199379363847944,
    "Normal": 0.9475874626089218,
    "Rhonchi": 0.6666666666666666,
    "Wheeze": 0.8158347676419966,
    "Wheeze+Crackle": 0.5378151260504201
  },
  "support_per_class": {
    "Coarse Crackle": 37,
    "Fine Crackle": 700,
    "Normal": 3743,
    "Rhonchi": 49,
    "Wheeze": 296,
    "Wheeze+Crackle": 76
  },
  "sensitivity_per_class": {
    "Coarse Crackle": {
      "value": 0.1312430931188494,
      "ci95_lower": 0.03223286290322581,
      "ci95_upper": 0.25
    },
    "Fine Crackle": {
      "value": 0.6630899716287311,
      "ci95_lower": 0.6287267339406107,
      "ci95_upper": 0.6988554762960383
    },
    "Normal": {
      "value": 0.973413213412234,
      "ci95_lower": 0.9682580963389179,
      "ci95_upper": 0.9784552383300233
    },
    "Rhonchi": {
      "value": 0.5526249714916446,
      "ci95_lower": 0.41301150895140665,
      "ci95_upper": 0.6944562146892655
    },
    "Wheeze": {
      "value": 0.8008387026394671,
      "ci95_lower": 0.7531635680379747,
      "ci95_upper": 0.8456504904491482
    },
    "Wheeze+Crackle": {
      "value": 0.42166961636876166,
      "ci95_lower": 0.3055555555555556,
      "ci95_upper": 0.5410006830601093
    }
  },
  "specificity_per_class": {
    "Coarse Crackle": {
      "value": 0.9997921512031642,
      "ci95_lower": 0.9993822075782537,
      "ci95_upper": 1.0
    },
    "Fine Crackle": {
      "value": 0.9703157275638753,
      "ci95_lower": 0.9647168874809712,
      "ci95_upper": 0.9755179866826073
    },
    "Normal": {
      "value": 0.7384724554788347,
      "ci95_lower": 0.7144081094652273,
      "ci95_upper": 0.7641138140747176
    },
    "Rhonchi": {
      "value": 0.9989752640587779,
      "ci95_lower": 0.9981408511628872,
      "ci95_upper": 0.9997939843428101
    },
    "Wheeze": {
      "value": 0.9895588096709153,
      "ci95_lower": 0.9865294226444563,
      "ci95_upper": 0.992384971856815
    },
    "Wheeze+Crackle": {
      "value": 0.9977067699989799,
      "ci95_lower": 0.9962748344370861,
      "ci95_upper": 0.9989643744821872
    }
  },
  "npv_per_class": {
    "Coarse Crackle": {
      "value": 0.9934195896340456,
      "ci95_lower": 0.9912136412968839,
      "ci95_upper": 0.9955065359477124
    },
    "Fine Crackle": {
      "value": 0.9451160025560414,
      "ci95_lower": 0.9381843080355377,
      "ci95_upper": 0.952083610564684
    },
    "Normal": {
      "value": 0.8960092955060305,
      "ci95_lower": 0.8776303353379978,
      "ci95_upper": 0.9154679445876288
    },
    "Rhonchi": {
      "value": 0.9954893841025539,
      "ci95_lower": 0.9934305070827345,
      "ci95_upper": 0.9973278657327793
    },
    "Wheeze": {
      "value": 0.987236809353468,
      "ci95_lower": 0.9839495825526942,
      "ci95_upper": 0.9903907424788675
    },
    "Wheeze+Crackle": {
      "value": 0.9909218105722775,
      "ci95_lower": 0.9882520854029108,
      "ci95_upper": 0.9936057094229831
    }
  },
  "ppv_per_class": {
    "Coarse Crackle": {
      "value": 0.829143173656409,
      "ci95_lower": 0.4,
      "ci95_upper": 1.0
    },
    "Fine Crackle": {
      "value": 0.7888725317615595,
      "ci95_lower": 0.7547701637703671,
      "ci95_upper": 0.8213120651342392
    },
    "Normal": {
      "value": 0.9230695874086203,
      "ci95_lower": 0.9148908864520076,
      "ci95_upper": 0.9313354505727136
    },
    "Rhonchi": {
      "value": 0.8446438079095454,
      "ci95_lower": 0.7141917293233083,
      "ci95_upper": 0.9615384615384616
    },
    "Wheeze": {
      "value": 0.8312765558376104,
      "ci95_lower": 0.7862008469449486,
      "ci95_upper": 0.874127031908489
    },
    "Wheeze+Crackle": {
      "value": 0.7441701775135994,
      "ci95_lower": 0.6,
      "ci95_upper": 0.8637121212121212
    }
  },
  "roc_auc_macro": {
    "value": 0.9632884438178622,
    "ci95_lower": 0.9532532167667926,
    "ci95_upper": 0.9705394416238887
  },
  "roc_auc_weighted": {
    "value": 0.9573962604043222,
    "ci95_lower": 0.95115088781481,
    "ci95_upper": 0.9634059481253738
  },
  "roc_auc_per_class": {
    "Coarse Crackle": {
      "value": 0.9473684772007305,
      "ci95_lower": 0.9239410117470244,
      "ci95_upper": 0.9660566850084552
    },
    "Fine Crackle": {
      "value": 0.9451917356941053,
      "ci95_lower": 0.9365961143714463,
      "ci95_upper": 0.9537330373201606
    },
    "Normal": {
      "value": 0.9571246389488345,
      "ci95_lower": 0.9507943869453377,
      "ci95_upper": 0.9637112123040008
    },
    "Rhonchi": {
      "value": 0.9697045002706264,
      "ci95_lower": 0.9181104637586401,
      "ci95_upper": 0.9939826905949378
    },
    "Wheeze": {
      "value": 0.9841843342890366,
      "ci95_lower": 0.9779848600423275,
      "ci95_upper": 0.9893746891630196
    },
    "Wheeze+Crackle": {
      "value": 0.9761569765038398,
      "ci95_lower": 0.9603686523553875,
      "ci95_upper": 0.9868399009617995
    }
  },
  "confusion_matrix": [
    [
      5,
      13,
      16,
      0,
      3,
      0
    ],
    [
      0,
      464,
      220,
      0,
      10,
      6
    ],
    [
      1,
      83,
      3643,
      1,
      13,
      2
    ],
    [
      0,
      1,
      8,
      27,
      13,
      0
    ],
    [
      0,
      9,
      43,
      4,
      237,
      3
    ],
    [
      0,
      19,
      16,
      0,
      9,
      32
    ]
  ],
  "classification_report": {
    "Coarse Crackle": {
      "precision": 0.8333333333333334,
      "recall": 0.13513513513513514,
      "f1-score": 0.23255813953488372,
      "support": 37.0
    },