{
  "accuracy": {
    "value": 0.7949822485207101,
    "ci95_lower": 0.7826974086921037,
    "ci95_upper": 0.8061722097531115
  },
  "f1_macro": {
    "value": 0.7382338360508613,
    "ci95_lower": 0.7222070985186086,
    "ci95_upper": 0.7537166263189691
  },
  "f1_weighted": {
    "value": 0.7901602308927475,
    "ci95_lower": 0.7776036099982421,
    "ci95_upper": 0.8023303645185477
  },
  "mcc": {
    "value": 0.6822520554325392,
    "ci95_lower": 0.6638487217149683,
    "ci95_upper": 0.699248072563394
  },
  "log_loss": {
    "value": 0.5354886667925685,
    "ci95_lower": 0.5123750105397563,
    "ci95_upper": 0.5581870601769622
  },
  "precision_per_class": {
    "Pneumonia": {
      "value": 0.8200035801422935,
      "ci95_lower": 0.8055656206937877,
      "ci95_upper": 0.8351064842572637
    },
    "Bronchoconstriction": {
      "value": 0.744989054920719,
      "ci95_lower": 0.7157744376932097,
      "ci95_upper": 0.7763021879117086
    },
    "Normal": {
      "value": 0.7108646235156703,
      "ci95_lower": 0.6591639871382636,
      "ci95_upper": 0.7636379283965727
    },
    "Others": {
      "value": 0.7935910429097819,
      "ci95_lower": 0.7703892672540021,
      "ci95_upper": 0.8162097303344198
    }
  },
  "recall_per_class": {
    "Pneumonia": {
      "value": 0.8888351146326223,
      "ci95_lower": 0.8764555470426828,
      "ci95_upper": 0.9005099019979402
    },
    "Bronchoconstriction": {
      "value": 0.6260278673117669,
      "ci95_lower": 0.5946842970241041,
      "ci95_upper": 0.6570950660620898
    },
    "Normal": {
      "value": 0.5383064507583447,
      "ci95_lower": 0.4891471622149446,
      "ci95_upper": 0.5888552648704932
    },
    "Others": {
      "value": 0.8218437664785557,
      "ci95_lower": 0.7976851633001786,
      "ci95_upper": 0.844931950454451
    }
  },
  "f1_per_class": {
    "Pneumonia": {
      "value": 0.8530080801152944,
      "ci95_lower": 0.8426248098812423,
      "ci95_upper": 0.8629993560535864
    },
    "Bronchoconstriction": {
      "value": 0.6802200886449659,
      "ci95_lower": 0.6550920024328467,
      "ci95_upper": 0.7043919273567079
    },
    "Normal": {
      "value": 0.61230699782168,
      "ci95_lower": 0.5682620490907284,
      "ci95_upper": 0.6541121286873901
    },
    "Others": {
      "value": 0.8074001776215057,
      "ci95_lower": 0.78937838813242,
      "ci95_upper": 0.8245487527297946
    }
  },
  "support_per_class": {
    "Pneumonia": 2436,
    "Bronchoconstriction": 920,
    "Normal": 405,
    "Others": 1140
  },
  "sensitivity_per_class": {
    "Pneumonia": {
      "value": 0.8888351146326223,
      "ci95_lower": 0.8764555470426828,
      "ci95_upper": 0.9005099019979402
    },
    "Bronchoconstriction": {
      "value": 0.6260278673117669,
      "ci95_lower": 0.5946842970241041,
      "ci95_upper": 0.6570950660620898
    },
    "Normal": {
      "value": 0.5383064507583447,
      "ci95_lower": 0.4891471622149446,
      "ci95_upper": 0.5888552648704932
    },
    "Others": {
      "value": 0.8218437664785557,
      "ci95_lower": 0.7976851633001786,
      "ci95_upper": 0.844931950454451
    }
  },
  "specificity_per_class": {
    "Pneumonia": {
      "value": 0.807238732075197,
      "ci95_lower": 0.7914928631275047,
      "ci95_upper": 0.8234844771138395
    },
    "Bronchoconstriction": {
      "value": 0.950554894012473,
      "ci95_lower": 0.94370019106485,
      "ci95_upper": 0.9572805079054731
    },
    "Normal": {
      "value": 0.9802722894812218,
      "ci95_lower": 0.9759601105629775,
      "ci95_upper": 0.9841839997450129
    },
    "Others": {
      "value": 0.9351029414277405,
      "ci95_lower": 0.927286547766466,
      "ci95_upper": 0.942706829455717
    }
  },
  "npv_per_class": {
    "Pneumonia": {
      "value": 0.8802334375040823,
      "ci95_lower": 0.8666324938707524,
      "ci95_upper": 0.8929731985492677
    },
    "Bronchoconstriction": {
      "value": 0.9167675757115159,
      "ci95_lower": 0.9081046526838512,
      "ci95_upper": 0.9253336911441815
    },
    "Normal": {
      "value": 0.9592920653014928,
      "ci95_lower": 0.9534507453254326,
      "ci95_upper": 0.965061860858171
    },
    "Others": {
      "value": 0.9453201992007797,
      "ci95_lower": 0.937564065833809,
      "ci95_upper": 0.9527433420481168
    }
  },
  "ppv_per_class": {
    "Pneumonia": {
      "value": 0.8200035801422935,
      "ci95_lower": 0.8055656206937877,
      "ci95_upper": 0.8351064842572637
    },
    "Bronchoconstriction": {
      "value": 0.744989054920719,
      "ci95_lower": 0.7157744376932097,
      "ci95_upper": 0.7763021879117086
    },
    "Normal": {
      "value": 0.7108646235156703,
      "ci95_lower": 0.6591639871382636,
      "ci95_upper": 0.7636379283965727
    },
    "Others": {
      "value": 0.7935910429097819,
      "ci95_lower": 0.7703892672540021,
      "ci95_upper": 0.8162097303344198
    }
  },
  "roc_auc_macro": {
    "value": 0.9382868445412439,
    "ci95_lower": 0.9328874558197611,
    "ci95_upper": 0.9436880546943824
  },
  "roc_auc_weighted": {
    "value": 0.9360793763146484,
    "ci95_lower": 0.9305607262069723,
    "ci95_upper": 0.9413820905980451
  },
  "roc_auc_per_class": {
    "Pneumonia": {
      "value": 0.9296040896282441,
      "ci95_lower": 0.9224501378732091,
      "ci95_upper": 0.9362188304060215
    },
    "Bronchoconstriction": {
      "value": 0.9182528235793097,
      "ci95_lower": 0.9093355360546097,
      "ci95_upper": 0.9269548640940641
    },
    "Normal": {
      "value": 0.9437589889329625,
      "ci95_lower": 0.9330592530499257,
      "ci95_upper": 0.9546914265530303
    },
    "Others": {
      "value": 0.9615314760244597,
      "ci95_lower": 0.9559137288498332,
      "ci95_upper": 0.9670877066252691
    }
  },
  "confusion_matrix": [
    [
      2165,
      112,
      43,
      116
    ],
    [
      225,
      576,
      27,
      92
    ],
    [
      110,
      41,
      218,
      36
    ],
    [
      140,
      44,
      19,
      937
    ]
  ],
  "classification_report": {
    "Pneumonia": {
      "precision": 0.8200757575757576,
      "recall": 0.888752052545156,
      "f1-score": 0.8530338849487785,
      "support": 2436.0
    },
    "Bronchoconstriction": {
      "precision": 0.7451487710219923,
      "recall": 0.6260869565217392,
      "f1-score": 0.6804489072652097,
      "support": 920.0
    },
    "Normal": {
      "precision": 0.7100977198697068,
      "recall": 0.5382716049382716,
      "f1-score": 0.6123595505617978,
      "support": 405.0
    },
    "Others": {
      "precision": 0.7933954276037256,
      "recall": 0.8219298245614035,
      "f1-score": 0.8074105988797932,
      "support": 1140.0
    },
    "accuracy": 0.7949398082024077,
    "macro avg": {
      "precision": 0.7671794190177955,
      "recall": 0.7187601096416426,
      "f1-score": 0.7383132354138948,
      "support": 4901.0
    },
    "weighted avg": {
      "precision": 0.7907165433197831,
      "recall": 0.7949398082024077,
      "f1-score": 0.7901361434645398,
      "support": 4901.0
    }
  }
}