{
  "train_loss": [
    1.1318281633369973,
    1.08389271988903,
    1.068987424000364,
    1.0582094943347662,
    1.0552819179271136,
    1.05109825757233,
    1.0486435670089596,
    1.0457303024874423,
    1.042743110944986,
    1.041974592140753,
    1.0348338701649236,
    1.0263889341921622,
    1.0147069982440533,
    1.0073090875804933,
    0.999958882534108,
    0.9982514871703492,
    0.9878192512209316,
    0.9869836901685556,
    0.9835398620727968,
    0.9745413610377324,
    0.9699358606146335,
    0.966271424277707,
    0.963529312175214,
    0.958478465026382,
    0.9590784060628489,
    0.9545423682049903,
    0.9483350872148186,
    0.9484037864252614,
    0.9418862223509641,
    0.9408987147986984,
    0.9336187359520849,
    0.934636690327995,
    0.9289358582526076,
    0.9266754177275504,
    0.924501998959187,
    0.9251767588331888,
    0.919017323880623,
    0.9172098414299409,
    0.9146446654068441,
    0.9149357086723205,
    0.9092358910769265,
    0.9059745361627027,
    0.9021127292351327,
    0.9047594301245598,
    0.9007547794845173,
    0.8981832057877669,
    0.894034963532722,
    0.8936233792305965,
    0.890118164416692,
    0.8912481245766889
  ],
  "train_acc": [
    0.4161097791154415,
    0.45579758200275466,
    0.46472478702239456,
    0.47916135285415495,
    0.4792633780543794,
    0.48293628526245985,
    0.4827322348620109,
    0.4927307044840076,
    0.49732183849410805,
    0.4975769014946692,
    0.5091057491200327,
    0.5196143447431516,
    0.5285415497627914,
    0.5287456001632403,
    0.5306330663673927,
    0.5289496505636893,
    0.5374177421823191,
    0.5369076161811968,
    0.5351221751772688,
    0.5413967249910728,
    0.545477733000051,
    0.544559506198031,
    0.5461919094016222,
    0.5471101362036423,
    0.5448145691985921,
    0.550630005611386,
    0.549966841809927,
    0.5495587410090292,
    0.5526705096158752,
    0.5521603836147528,
    0.5593531602305769,
    0.558230883028108,
    0.5630770800387696,
    0.5615467020354027,
    0.5619037902361883,
    0.5616487272356272,
    0.5655256848441566,
    0.5631280926388817,
    0.566086823445391,
    0.571035045656277,
    0.5698617558536959,
    0.5715451716573994,
    0.5767994694689589,
    0.5777687088710911,
    0.5712901086568383,
    0.5787889608733358,
    0.5764423812681733,
    0.5777176962709789,
    0.5777687088710911,
    0.5769525072692955
  ],
  "train_f1_macro": [
    0.38352429305026736,
    0.41766934029687625,
    0.42419376688722443,
    0.4360381606549472,
    0.437532169474441,
    0.4363026304126744,
    0.43619716761815375,
    0.447173966855752,
    0.4482925162510381,
    0.44480751387756384,
    0.4562068913244876,
    0.4659238680712468,
    0.4752800203740261,
    0.4779303011701983,
    0.4797713226255311,
    0.48063868070825055,
    0.48988642628418844,
    0.49216919139715704,
    0.49068952359310963,
    0.49924792155601666,
    0.5050097373886174,
    0.5061143237069597,
    0.5093060620843596,
    0.5113110527904505,
    0.5112449458978352,
    0.5168647716702433,
    0.5190685539440502,
    0.5177446951354016,
    0.5222716169361782,
    0.5194691722012393,
    0.5294275835948007,
    0.5286457891948425,
    0.5344565807228988,
    0.5327629288355781,
    0.5342882275120079,
    0.5330591499396765,
    0.5384315692637048,
    0.5354844018994606,
    0.5393950800705323,
    0.5430838711800839,
    0.5450497085776559,
    0.5452692699824147,
    0.5510051358690773,
    0.5517088230847899,
    0.5454315866296553,
    0.5526657877927731,
    0.5512787946647077,
    0.5540050066158112,
    0.5527256720867516,
    0.5541077674308661
  ],
  "train_f1_weighted": [
    0.401068032711619,
    0.4427941123060353,
    0.4520171433807876,
    0.4690537085977727,
    0.4685247686361127,
    0.4734736882362459,
    0.47321621711149886,
    0.4837471952749001,
    0.4900218412080682,
    0.4907207129178508,
    0.5034645581523336,
    0.5153089357712717,
    0.5254230463928794,
    0.52459763647006,
    0.5272058607529316,
    0.5243513515307217,
    0.5337711234064524,
    0.5324162838430554,
    0.5301823514011319,
    0.5360422191969803,
    0.5402016246449017,
    0.5387034703974831,
    0.5393956283065697,
    0.5405231876217199,
    0.536990662465866,
    0.5435607118152505,
    0.5418978781569348,
    0.5409345122168168,
    0.5446962964005369,
    0.5431436829672857,
    0.5507144103280797,
    0.5496654733590025,
    0.5538139296137562,
    0.5528919352055343,
    0.5530933539881125,
    0.5530374841522611,
    0.5567728599138753,
    0.5537678518704567,
    0.5566895390653034,
    0.5622602088105668,
    0.5608733474318289,
    0.562029009790593,
    0.5666539210941256,
    0.5682795775217067,
    0.5615753464279404,
    0.5690019276982996,
    0.5674907671330764,
    0.5676513205130108,
    0.56788663395542,
    0.5672258586617478
  ],
  "val_loss": [
    1.0374733907936593,
    1.0339732569982703,
    1.0338712702038775,
    1.0311054593323445,
    1.0290201256236746,
    1.026850008546175,
    1.0259351422533263,
    1.0254464884894985,
    1.0248597833094026,
    1.025887158835963,
    1.0189058049993354,
    1.0130241122739068,
    1.0091921904699532,
    1.0025833835409166,
    1.000060489070194,
    0.9947018999636015,
    0.9898807311442355,
    0.9856804730429549,
    0.9820447467925767,
    0.9801825555191553,
    0.9777537378771551,
    0.9761486426102242,
    0.971685376125461,
    0.9681020171465715,
    0.9660923752923859,
    0.9638841481044375,
    0.9623891251156754,
    0.9594666953477001,
    0.9593292507583379,
    0.9572575225608249,
    0.9537515977625214,
    0.9546133177885108,
    0.9510278538571794,
    0.9518055380716345,
    0.952462340636877,
    0.9506671632997504,
    0.9519302881486414,
    0.9493103159176917,
    0.947278241652952,
    0.9461348231192439,
    0.9479936256965212,
    0.9478151330751342,
    0.9448765474931242,
    0.9458475864266794,
    0.9448742756817298,
    0.9434628734732617,
    0.9441128821792323,
    0.9480432790047149,
    0.9472937896479833,
    0.946574696811504
  ],
  "val_acc": [
    0.5033666598653336,
    0.4956131401754744,
    0.4776576208936952,
    0.4870434605182616,
    0.48663538053458477,
    0.501530299938788,
    0.5041828198326872,
    0.5223423791063049,
    0.5011222199551112,
    0.5058151397673945,
    0.5278514588859416,
    0.5302999387880024,
    0.5205060191797592,
    0.5223423791063049,
    0.514792899408284,
    0.5374413385023464,
    0.5274433789022649,
    0.5268312589267496,
    0.5313201387471944,
    0.5292797388288104,
    0.530095898796164,
    0.5207100591715976,
    0.5345847786166088,
    0.535196898592124,
    0.5243827790246889,
    0.5386655784533768,
    0.5282595388696184,
    0.5207100591715976,
    0.5347888186084473,
    0.5307080187716793,
    0.5386655784533768,
    0.5282595388696184,
    0.5490716180371353,
    0.5305039787798409,
    0.5327484186900633,
    0.5388696184452153,
    0.5347888186084473,
    0.5502958579881657,
    0.5427463782901448,
    0.5504998979800041,
    0.5502958579881657,
    0.5431544582738217,
    0.5525402978983881,
    0.5427463782901448,
    0.5490716180371353,
    0.5564170577433177,
    0.5482554580697817,
    0.5411140583554377,
    0.5482554580697817,
    0.5507039379718425
  ],