{
  "train_loss": [
    1.9578489741308014,
    1.8262531921781342,
    1.7241030338275907,
    1.6731888556963017,
    1.60343066163762,
    1.5624940485935368,
    1.4953626356075405,
    1.498589759173222,
    1.5012693977613025,
    1.456313688870716,
    1.4067852760959454,
    1.3466065827275497,
    1.350672634508127,
    1.2821663881825134,
    1.2708482039979996,
    1.2387973718029135,
    1.226977317903864,
    1.215317180847639,
    1.2005495412487208,
    1.1764882634050084,
    1.1396288731347726,
    1.160005187105519,
    1.1425280784156433,
    1.1197106366045488,
    1.1018864706639124,
    1.079073668793397,
    1.0745362787301997,
    1.0777329814638978,
    1.077329836775941,
    1.0458423870648534,
    1.0237278602771023,
    1.018210589934215,
    1.029654588895537,
    1.021159519184983,
    1.010953206701204,
    0.9864152394589057,
    0.9796235355716333,
    0.9823915792219685,
    0.9549916656950267,
    0.9649389043561004,
    0.9494151081562091,
    0.9515009191887217,
    0.9362133825653483,
    0.924512594322891,
    0.91571310398089,
    0.9236300920478544,
    0.9029080002587514,
    0.8849430965656983,
    0.8830621001643065,
    0.8632762679708367
  ],
  "train_acc": [
    0.19835215135794934,
    0.30851388465059504,
    0.37458040891058897,
    0.4307293256026854,
    0.4710100701861459,
    0.503967043027159,
    0.5253789034686197,
    0.5508086664632286,
    0.5627606550706947,
    0.5710507578069373,
    0.5724748245346354,
    0.5720170888007324,
    0.5731868578984843,
    0.568660360085444,
    0.5637269860644899,
    0.5727291221645814,
    0.5699318482351744,
    0.5713050554368834,
    0.570999898280948,
    0.5786288271793307,
    0.5770521818736649,
    0.5799003153290612,
    0.5814769606347269,
    0.5869189299155732,
    0.585698301291832,
    0.5882412775912929,
    0.5890041704811311,
    0.5909876919947106,
    0.5936832468721391,
    0.5991760756789747,
    0.6003967043027159,
    0.6089411046689045,
    0.6063472688434544,
    0.609297121350829,
    0.609297121350829,
    0.6156545620994812,
    0.6149425287356322,
    0.6182483979249314,
    0.6215034075882413,
    0.6202827789645,
    0.6207913742243922,
    0.6235886481537992,
    0.6270979554470553,
    0.6274539721289798,
    0.6324382056759231,
    0.6279117078628828,
    0.6383379106906724,
    0.6356423558132438,
    0.6376258773268233,
    0.6418472179839284
  ],
  "train_f1_macro": [
    0.10885288484955997,
    0.15333633712550845,
    0.1777672548385955,
    0.20174630170918698,
    0.21793470511359228,
    0.23919405488643278,
    0.2508183399404932,
    0.26138503858933815,
    0.2632111579255794,
    0.28035561030146666,
    0.2971929440173055,
    0.3001169150432778,
    0.30717986834489047,
    0.31272065675505356,
    0.3147549648361167,
    0.31779571774624316,
    0.31686631022298134,
    0.32751898700336995,
    0.325781050687783,
    0.3310991699925257,
    0.3384107035511552,
    0.34075927159095626,
    0.33678102856113357,
    0.3459592225943749,
    0.34354426823401146,
    0.3541162597316361,
    0.3534143344117222,
    0.3568837366393421,
    0.36397745944530324,
    0.3674256649670776,
    0.3725167855856358,
    0.3732883825634378,
    0.3727952812686014,
    0.37872818832250293,
    0.3794060440531978,
    0.386177194567367,
    0.3847596902938758,
    0.3804415237701856,
    0.3946355789250993,
    0.3948744626642905,
    0.39614138900917695,
    0.4023579073802301,
    0.40235092775348946,
    0.4112083908817749,
    0.41220385911306306,
    0.40795613823600296,
    0.41854741492668,
    0.4184555885077689,
    0.4200536344730422,
    0.4234620868346091
  ],
  "train_f1_weighted": [
    0.12407092173465417,
    0.22086970111742874,
    0.2850073496242418,
    0.3484841806624238,
    0.3946648987695679,
    0.43399797705208687,
    0.45838953644621483,
    0.48910848026791576,
    0.5028402350120883,
    0.51328286750138,
    0.514661161485071,
    0.512824986234857,
    0.5140667785416586,
    0.5087216348166262,
    0.5030118942250845,
    0.5138573250095376,
    0.5098472057018805,
    0.5124909586384507,
    0.5121347818631012,
    0.5208738520771333,
    0.5195377945139216,
    0.5220040698511567,
    0.5241072470146335,
    0.5306143751114157,
    0.5298023746332209,
    0.532623999914745,
    0.5329072888271789,
    0.5355905572568023,
    0.5389421650806199,
    0.5448005604982991,
    0.5471780120131506,
    0.5562317245715633,
    0.5537578542411079,
    0.5572754204854202,
    0.5569086540672371,
    0.5631784630392271,
    0.5641562345532011,
    0.5669976002859239,
    0.5711992187742666,
    0.569819435463277,
    0.5701895761768917,
    0.5736093044213149,
    0.5775243560373196,
    0.57793722166691,
    0.5849781556015958,
    0.5791207716690274,
    0.5919164596894628,
    0.5882711725009633,
    0.5912350662228045,
    0.5949189792246029
  ],
  "val_loss": [
    1.781138971823808,
    1.701301586443666,
    1.615209475584007,
    1.564544057535679,
    1.533507376303025,
    1.49847438036668,
    1.4879570437020844,
    1.4723601862121347,
    1.4644082588718808,
    1.449338633709559,
    1.401702682597546,
    1.362362509631257,
    1.33355127775737,
    1.3169489495632025,
    1.3009768035762963,
    1.277320467038694,
    1.266921150965648,
    1.2564831241734926,
    1.239453144632189,
    1.226454458021361,
    1.2225068288183096,
    1.206755511202009,
    1.195798325771428,
    1.1912400700679342,
    1.1929554448950281,
    1.187137881462122,
    1.1756228344337643,
    1.162215121205596,
    1.15898547602243,
    1.1653169857669983,
    1.148211061033027,
    1.1417205492784765,
    1.1427360830314766,
    1.1291672148968361,
    1.1324929163357027,
    1.1298279739473776,
    1.117019116636017,
    1.1145054554434886,
    1.113198321994676,
    1.110910059282506,
    1.1184126450047442,
    1.0998132695891782,
    1.097235835985598,
    1.1011613311565824,
    1.0928709903706177,
    1.095458615931968,
    1.08995453214335,
    1.0912305353326075,
    1.097106057080532,
    1.0814562077634795
  ],
  "val_acc": [
    0.29414157851912126,
    0.3726606997558991,
    0.48128559804719284,
    0.5410903173311635,
    0.5252237591537836,
    0.5549227013832384,
    0.5168836452400325,
    0.5836045565500407,
    0.5746541903986981,
    0.605166802278275,
    0.5945890968266884,
    0.603946297803092,
    0.5838079739625712,
    0.5917412530512612,
    0.5630593978844589,
    0.6236777868185517,
    0.5980471928397071,
    0.6244914564686738,
    0.5856387306753458,
    0.5998779495524816,
    0.5939788445890968,
    0.6098454027664768,
    0.6094385679414158,
    0.6080146460537021,
    0.5829943043124491,
    0.5880797396257119,
    0.6181855166802278,
    0.6084214808787632,
    0.6153376729048007,
    0.6194060211554109,
    0.6330349877949553,
    0.6419853539462979,
    0.6045565500406835,
    0.636899918633035,
    0.629780309194467,
    0.6362896663954435,
    0.630187144019528,
    0.6499186330349878,
    0.6411716842961758,
    0.6242880390561432,
    0.620219690805533,
    0.6682262001627339,
    0.6352725793327909,
    0.6653783563873068,
    0.653173311635476,
    0.6582587469487388,
    0.6586655817737999,
    0.6405614320585842,
    0.6401545972335232,
    0.6753458096013019
  ],