{
  "accuracy": {
    "value": 0.9206304835747807,
    "ci95_lower": 0.9130789634768415,
    "ci95_upper": 0.9279789838808407
  },
  "f1_macro": {
    "value": 0.8847124978780462,
    "ci95_lower": 0.8736534224890384,
    "ci95_upper": 0.8956217784280139
  },
  "f1_weighted": {
    "value": 0.9185995951055631,
    "ci95_lower": 0.910576482031549,
    "ci95_upper": 0.9263828035968428
  },
  "mcc": {
    "value": 0.773044235213561,
    "ci95_lower": 0.7513882290848601,
    "ci95_upper": 0.7942371478276018
  },
  "log_loss": {
    "value": 0.2056688479254068,
    "ci95_lower": 0.18753964974885284,
    "ci95_upper": 0.22267001673750889
  },
  "precision_per_class": {
    "Normal": {
      "value": 0.9302530060847771,
      "ci95_lower": 0.922129816904407,
      "ci95_upper": 0.9379450661241099
    },
    "Abnormal": {
      "value": 0.8833812764669615,
      "ci95_lower": 0.8647312548207688,
      "ci95_upper": 0.9031962466650497
    }
  },
  "recall_per_class": {
    "Normal": {
      "value": 0.9686338647974098,
      "ci95_lower": 0.9633464376371954,
      "ci95_upper": 0.9740520251785435
    },
    "Abnormal": {
      "value": 0.7658780836265293,
      "ci95_lower": 0.7414533557454518,
      "ci95_upper": 0.7900120894523799
    }
  },
  "f1_per_class": {
    "Normal": 0.9490771043330278,
    "Abnormal": 0.820157189089228
  },
  "support_per_class": {
    "Normal": 3743,
    "Abnormal": 1158
  },
  "sensitivity_per_class": {
    "Normal": {
      "value": 0.9686338647974098,
      "ci95_lower": 0.9633464376371954,
      "ci95_upper": 0.9740520251785435
    },
    "Abnormal": {
      "value": 0.7658780836265293,
      "ci95_lower": 0.7414533557454518,
      "ci95_upper": 0.7900120894523799
    }
  },
  "specificity_per_class": {
    "Normal": {
      "value": 0.7658780836265293,
      "ci95_lower": 0.7414533557454518,
      "ci95_upper": 0.7900120894523799
    },
    "Abnormal": {
      "value": 0.9686338647974098,
      "ci95_lower": 0.9633464376371954,
      "ci95_upper": 0.9740520251785435
    }
  },
  "npv_per_class": {
    "Normal": {
      "value": 0.8833812764669615,
      "ci95_lower": 0.8647312548207688,
      "ci95_upper": 0.9031962466650497
    },
    "Abnormal": {
      "value": 0.9302530060847771,
      "ci95_lower": 0.922129816904407,
      "ci95_upper": 0.9379450661241099
    }
  },
  "ppv_per_class": {
    "Normal": {
      "value": 0.9302530060847771,
      "ci95_lower": 0.922129816904407,
      "ci95_upper": 0.9379450661241099
    },
    "Abnormal": {
      "value": 0.8833812764669615,
      "ci95_lower": 0.8647312548207688,
      "ci95_upper": 0.9031962466650497
    }
  },
  "roc_auc": {
    "value": 0.9587869936178396,
    "ci95_lower": 0.952266898798266,
    "ci95_upper": 0.9652308882240881
  },
  "confusion_matrix": [
    [
      3625,
      118
    ],
    [
      271,
      887
    ]
  ],
  "classification_report": {
    "Normal": {
      "precision": 0.930441478439425,
      "recall": 0.9684744857066524,
      "f1-score": 0.9490771043330278,
      "support": 3743.0
    },
    "Abnormal": {
      "precision": 0.882587064676617,
      "recall": 0.7659758203799655,
      "f1-score": 0.820157189089228,
      "support": 1158.0
    },
    "accuracy": 0.9206284431748623,
    "macro avg": {
      "precision": 0.906514271558021,
      "recall": 0.8672251530433089,
      "f1-score": 0.8846171467111279,
      "support": 4901.0
    },
    "weighted avg": {
      "precision": 0.9191345184032422,
      "recall": 0.9206284431748623,
      "f1-score": 0.9186161245631196,
      "support": 4901.0
    }
  }
}